{"v":"4.10.1","fr":29.9700012207031,"ip":0,"op":61.0000024845809,"w":400,"h":400,"nm":"master_colored","ddd":0,"assets":[{"id":"comp_2","layers":[{"ddd":0,"ind":1,"ty":4,"nm":"シェイプレイヤー 2","td":1,"sr":1,"ks":{"o":{"a":0,"k":100,"ix":11},"r":{"a":0,"k":0,"ix":10},"p":{"a":0,"k":[25,25,0],"ix":2},"a":{"a":0,"k":[0,0,0],"ix":1},"s":{"a":0,"k":[100,100,100],"ix":6}},"ao":0,"shapes":[{"ty":"gr","it":[{"ty":"rc","d":1,"s":{"a":0,"k":[50,50],"ix":2},"p":{"a":0,"k":[0,0],"ix":3},"r":{"a":0,"k":0,"ix":4},"nm":"長方形パス 1","mn":"ADBE Vector Shape - Rect","hd":false},{"ty":"fl","c":{"a":0,"k":[1,1,1,1],"ix":4},"o":{"a":0,"k":100,"ix":5},"r":1,"nm":"塗り 1","mn":"ADBE Vector Graphic - Fill","hd":false},{"ty":"tr","p":{"a":0,"k":[0,0],"ix":2},"a":{"a":0,"k":[0,0],"ix":1},"s":{"a":0,"k":[100,100],"ix":3},"r":{"a":0,"k":0,"ix":6},"o":{"a":0,"k":100,"ix":7},"sk":{"a":0,"k":0,"ix":4},"sa":{"a":0,"k":0,"ix":5},"nm":"トランスフォーム"}],"nm":"長方形 1","np":3,"cix":2,"ix":1,"mn":"ADBE Vector Group","hd":false}],"ip":0,"op":90.0000036657751,"st":0,"bm":0},{"ddd":0,"ind":2,"ty":4,"nm":"シェイプレイヤー 1","tt":1,"sr":1,"ks":{"o":{"a":0,"k":100,"ix":11},"r":{"a":0,"k":0,"ix":10},"p":{"a":0,"k":[25,25,0],"ix":2},"a":{"a":0,"k":[0,0,0],"ix":1},"s":{"a":0,"k":[100,100,100],"ix":6}},"ao":0,"shapes":[{"ty":"gr","it":[{"ty":"rc","d":1,"s":{"a":0,"k":[5,50],"ix":2},"p":{"a":0,"k":[0,0],"ix":3},"r":{"a":0,"k":0,"ix":4},"nm":"長方形パス 1","mn":"ADBE Vector Shape - Rect","hd":false},{"ty":"fl","c":{"a":0,"k":[1,1,1,1],"ix":4},"o":{"a":0,"k":100,"ix":5},"r":1,"nm":"塗り 1","mn":"ADBE Vector Graphic - Fill","hd":false},{"ty":"tr","p":{"a":0,"k":[0,0],"ix":2},"a":{"a":0,"k":[0,0],"ix":1},"s":{"a":0,"k":[100,100],"ix":3},"r":{"a":0,"k":0,"ix":6},"o":{"a":0,"k":100,"ix":7},"sk":{"a":0,"k":45,"ix":4},"sa":{"a":0,"k":0,"ix":5},"nm":"トランスフォーム"}],"nm":"長方形 1","np":3,"cix":2,"ix":1,"mn":"ADBE Vector Group","hd":false},{"ty":"rp","c":{"a":0,"k":11,"ix":1},"o":{"a":0,"k":-5,"ix":2},"m":1,"ix":2,"tr":{"ty":"tr","p":{"a":0,"k":[10,0],"ix":2},"a":{"a":0,"k":[0,0],"ix":1},"s":{"a":0,"k":[100,100],"ix":3},"r":{"a":0,"k":0,"ix":4},"so":{"a":0,"k":100,"ix":5},"eo":{"a":0,"k":100,"ix":6},"nm":"トランスフォーム"},"nm":"リピーター 1","mn":"ADBE Vector Filter - Repeater","hd":false}],"ip":0,"op":90.0000036657751,"st":0,"bm":0}]},{"id":"comp_3","layers":[{"ddd":0,"ind":1,"ty":4,"nm":"シェイプレイヤー 1","sr":1,"ks":{"o":{"a":0,"k":100,"ix":11},"r":{"a":0,"k":0,"ix":10},"p":{"a":0,"k":[25,31,0],"ix":2},"a":{"a":0,"k":[0,0,0],"ix":1},"s":{"a":0,"k":[100,100,100],"ix":6}},"ao":0,"shapes":[{"ty":"gr","it":[{"ty":"sr","sy":2,"d":1,"pt":{"a":0,"k":3,"ix":3},"p":{"a":0,"k":[0,0],"ix":4},"r":{"a":0,"k":0,"ix":5},"or":{"a":0,"k":20,"ix":7},"os":{"a":0,"k":0,"ix":9},"ix":1,"nm":"多角形パス 1","mn":"ADBE Vector Shape - Star","hd":false},{"ty":"st","c":{"a":0,"k":[1,1,1,1],"ix":3},"o":{"a":0,"k":100,"ix":4},"w":{"a":0,"k":2,"ix":5},"lc":1,"lj":1,"ml":4,"nm":"線 1","mn":"ADBE Vector Graphic - Stroke","hd":false},{"ty":"tr","p":{"a":0,"k":[0,0],"ix":2},"a":{"a":0,"k":[0,0],"ix":1},"s":{"a":0,"k":[100,100],"ix":3},"r":{"a":0,"k":0,"ix":6},"o":{"a":0,"k":100,"ix":7},"sk":{"a":0,"k":0,"ix":4},"sa":{"a":0,"k":0,"ix":5},"nm":"トランスフォーム"}],"nm":"多角形 1","np":3,"cix":2,"ix":1,"mn":"ADBE Vector Group","hd":false}],"ip":0,"op":90.0000036657751,"st":0,"bm":0}]}],"layers":[{"ddd":0,"ind":1,"ty":3,"nm":"circle_ctrl","sr":1,"ks":{"o":{"a":0,"k":0,"ix":11},"r":{"a":0,"k":0,"ix":10},"p":{"a":0,"k":[200,200,0],"ix":2},"a":{"a":0,"k":[0,0,0],"ix":1},"s":{"a":0,"k":[400,400,100],"ix":6}},"ao":0,"ip":0,"op":61.0000024845809,"st":0,"bm":0},{"ddd":0,"ind":2,"ty":4,"nm":"circle_matte","parent":1,"td":1,"sr":1,"ks":{"o":{"a":0,"k":100,"ix":11},"r":{"a":0,"k":0,"ix":10},"p":{"a":0,"k":[0,0,0],"ix":2},"a":{"a":0,"k":[0,0,0],"ix":1},"s":{"a":0,"k":[101,101,100],"ix":6}},"ao":0,"shapes":[{"ty":"gr","it":[{"d":1,"ty":"el","s":{"a":1,"k":[{"i":{"x":[0.213,0.213],"y":[1,1]},"o":{"x":[0.03,0.03],"y":[0.825,0.825]},"n":["0p213_1_0p03_0p825","0p213_1_0p03_0p825"],"t":1.765,"s":[0,0],"e":[50,50]},{"t":15.0000006109625}],"ix":2},"p":{"a":0,"k":[0,0],"ix":3},"nm":"楕円形パス 2","mn":"ADBE Vector Shape - Ellipse","hd":false},{"ty":"mm","mm":3,"nm":"パスを結合 1","mn":"ADBE Vector Filter - Merge","hd":false},{"ty":"fl","c":{"a":0,"k":[1,0.6352941176470588,0,1],"ix":4},"o":{"a":0,"k":100,"ix":5},"r":1,"nm":"塗り 1","mn":"ADBE Vector Graphic - Fill","hd":false},{"ty":"tr","p":{"a":0,"k":[0,0],"ix":2},"a":{"a":0,"k":[0,0],"ix":1},"s":{"a":0,"k":[100,100],"ix":3},"r":{"a":0,"k":0,"ix":6},"o":{"a":0,"k":100,"ix":7},"sk":{"a":0,"k":0,"ix":4},"sa":{"a":0,"k":0,"ix":5},"nm":"トランスフォーム"}],"nm":"楕円形 1","np":3,"cix":2,"ix":1,"mn":"ADBE Vector Group","hd":false}],"ip":0,"op":61.0000024845809,"st":0,"bm":0},{"ddd":0,"ind":3,"ty":4,"nm":"circle","parent":1,"tt":2,"sr":1,"ks":{"o":{"a":0,"k":100,"ix":11},"r":{"a":0,"k":0,"ix":10},"p":{"a":0,"k":[0,0,0],"ix":2},"a":{"a":0,"k":[0,0,0],"ix":1},"s":{"a":0,"k":[100,100,100],"ix":6}},"ao":0,"ef":[{"ty":21,"nm":"塗り","np":9,"mn":"ADBE Fill","ix":1,"en":1,"ef":[{"ty":10,"nm":"塗りつぶしマスク","mn":"ADBE Fill-0001","ix":1,"v":{"a":0,"k":0,"ix":1}},{"ty":7,"nm":"すべてのマスク","mn":"ADBE Fill-0007","ix":2,"v":{"a":0,"k":0,"ix":2}},{"ty":2,"nm":"カラー","mn":"ADBE Fill-0002","ix":3,"v":{"a":0,"k":[0.984313726425,0.121568627656,0.258823543787,1],"ix":3}},{"ty":7,"nm":"反転","mn":"ADBE Fill-0006","ix":4,"v":{"a":0,"k":0,"ix":4}},{"ty":0,"nm":"水平ぼかし","mn":"ADBE Fill-0003","ix":5,"v":{"a":0,"k":0,"ix":5}},{"ty":0,"nm":"垂直ぼかし","mn":"ADBE Fill-0004","ix":6,"v":{"a":0,"k":0,"ix":6}},{"ty":0,"nm":"不透明度","mn":"ADBE Fill-0005","ix":7,"v":{"a":0,"k":1,"ix":7}}]}],"shapes":[{"ty":"gr","it":[{"d":1,"ty":"el","s":{"a":1,"k":[{"i":{"x":[0.213,0.213],"y":[1,1]},"o":{"x":[0.03,0.03],"y":[0.825,0.825]},"n":["0p213_1_0p03_0p825","0p213_1_0p03_0p825"],"t":0,"s":[0,0],"e":[50,50]},{"t":13.2350005390726}],"ix":2},"p":{"a":0,"k":[0,0],"ix":3},"nm":"楕円形パス 1","mn":"ADBE Vector Shape - Ellipse","hd":false},{"ty":"mm","mm":3,"nm":"パスを結合 1","mn":"ADBE Vector Filter - Merge","hd":false},{"ty":"fl","c":{"a":0,"k":[1,0.6352941176470588,0,1],"ix":4},"o":{"a":0,"k":100,"ix":5},"r":1,"nm":"塗り 1","mn":"ADBE Vector Graphic - Fill","hd":false},{"ty":"tr","p":{"a":0,"k":[0,0],"ix":2},"a":{"a":0,"k":[0,0],"ix":1},"s":{"a":0,"k":[100,100],"ix":3},"r":{"a":0,"k":0,"ix":6},"o":{"a":0,"k":100,"ix":7},"sk":{"a":0,"k":0,"ix":4},"sa":{"a":0,"k":0,"ix":5},"nm":"トランスフォーム"}],"nm":"楕円形 1","np":3,"cix":2,"ix":1,"mn":"ADBE Vector Group","hd":false}],"ip":0,"op":61.0000024845809,"st":0,"bm":0},{"ddd":0,"ind":4,"ty":3,"nm":"ctrl","sr":1,"ks":{"o":{"a":0,"k":0,"ix":11},"r":{"a":0,"k":0,"ix":10},"p":{"a":0,"k":[200,200,0],"ix":2},"a":{"a":0,"k":[0,0,0],"ix":1},"s":{"a":0,"k":[100,100,100],"ix":6}},"ao":0,"ip":0,"op":61.0000024845809,"st":0,"bm":0},{"ddd":0,"ind":5,"ty":3,"nm":"heart","sr":1,"ks":{"o":{"a":0,"k":0,"ix":11},"r":{"a":0,"k":0,"ix":10},"p":{"a":0,"k":[200,200,0],"ix":2},"a":{"a":0,"k":[0,0,0],"ix":1},"s":{"a":1,"k":[{"i":{"x":[0.441,0.441,0.833],"y":[0.806,0.806,-15.824]},"o":{"x":[0.502,0.502,0.167],"y":[2.011,2.011,16.824]},"n":["0p441_0p806_0p502_2p011","0p441_0p806_0p502_2p011","0p833_-15p824_0p167_16p824"],"t":0,"s":[0,0,100],"e":[282,282,100]},{"t":15.0000006109625}],"ix":6}},"ao":0,"ip":0,"op":61.0000024845809,"st":0,"bm":0},{"ddd":0,"ind":6,"ty":4,"nm":"heart_mask","parent":5,"td":1,"sr":1,"ks":{"o":{"a":0,"k":100,"ix":11},"r":{"a":0,"k":0,"ix":10},"p":{"a":0,"k":[24.823,7.059,0],"ix":2},"a":{"a":0,"k":[0,0,0],"ix":1},"s":{"a":0,"k":[100,100,100],"ix":6}},"ao":0,"shapes":[{"ty":"gr","it":[{"ind":0,"ty":"sh","ix":1,"ks":{"a":0,"k":{"i":[[1.609,-5.589],[0.166,0],[0.056,0.151],[5.217,0],[0,-6.848],[-4.17,-3.617],[-2.053,-3.021],[-0.055,0.101],[-5.041,4.391],[0,7.452],[6.327,0]],"o":[[-0.055,0.151],[-0.166,0],[-1.665,-5.589],[-6.327,0],[0,7.402],[5.05,4.381],[0.055,0.101],[2.053,-3.021],[4.162,-3.625],[0,-6.848],[-5.217,0]],"v":[[-24.546,-20.025],[-24.823,-19.673],[-25.1,-20.025],[-36.588,-28.082],[-48.187,-15.946],[-37.421,0.469],[-24.934,13.863],[-24.712,13.863],[-12.225,0.469],[-1.459,-15.946],[-13.058,-28.082]],"c":true},"ix":2},"nm":"♥","mn":"ADBE Vector Shape - Group","hd":false},{"ty":"fl","c":{"a":0,"k":[1,0.6352941176470588,0,1],"ix":4},"o":{"a":0,"k":100,"ix":5},"r":1,"nm":"塗り 1","mn":"ADBE Vector Graphic - Fill","hd":false},{"ty":"st","c":{"a":0,"k":[0,0,0,1],"ix":3},"o":{"a":0,"k":100,"ix":4},"w":{"a":0,"k":0,"ix":5},"lc":1,"lj":1,"ml":4,"nm":"線 1","mn":"ADBE Vector Graphic - Stroke","hd":false},{"ty":"tr","p":{"a":0,"k":[0,0],"ix":2},"a":{"a":0,"k":[0,0],"ix":1},"s":{"a":0,"k":[100,100],"ix":3},"r":{"a":0,"k":0,"ix":6},"o":{"a":0,"k":100,"ix":7},"sk":{"a":0,"k":0,"ix":4},"sa":{"a":0,"k":0,"ix":5},"nm":"トランスフォーム"}],"nm":"♥","np":3,"cix":2,"ix":1,"mn":"ADBE Vector Group","hd":false}],"ip":0,"op":61.0000024845809,"st":0,"bm":0},{"ddd":0,"ind":7,"ty":4,"nm":"light_wipe","tt":1,"sr":1,"ks":{"o":{"a":1,"k":[{"i":{"x":[0.833],"y":[0.833]},"o":{"x":[0.167],"y":[0.167]},"n":["0p833_0p833_0p167_0p167"],"t":15,"s":[100],"e":[0]},{"t":20.0000008146167}],"ix":11},"r":{"a":0,"k":0,"ix":10},"p":{"a":1,"k":[{"i":{"x":0.096,"y":1},"o":{"x":0,"y":0},"n":"0p096_1_0_0","t":4,"s":[200,54,0],"e":[200,272,0],"to":[0,36.3333320617676,0],"ti":[0,-36.3333320617676,0]},{"t":20.0000008146167}],"ix":2},"a":{"a":0,"k":[0,0,0],"ix":1},"s":{"a":0,"k":[100,100,100],"ix":6}},"ao":0,"shapes":[{"ty":"gr","it":[{"ty":"rc","d":1,"s":{"a":0,"k":[40,400],"ix":2},"p":{"a":0,"k":[0,0],"ix":3},"r":{"a":0,"k":0,"ix":4},"nm":"長方形パス 1","mn":"ADBE Vector Shape - Rect","hd":false},{"ty":"fl","c":{"a":0,"k":[1,0.6352941176470588,0,1],"ix":4},"o":{"a":0,"k":100,"ix":5},"r":1,"nm":"塗り 1","mn":"ADBE Vector Graphic - Fill","hd":false},{"ty":"tr","p":{"a":0,"k":[0,0],"ix":2},"a":{"a":0,"k":[0,0],"ix":1},"s":{"a":0,"k":[100,100],"ix":3},"r":{"a":0,"k":0,"ix":6},"o":{"a":0,"k":100,"ix":7},"sk":{"a":0,"k":45,"ix":4},"sa":{"a":0,"k":0,"ix":5},"nm":"トランスフォーム"}],"nm":"長方形 1","np":3,"cix":2,"ix":1,"mn":"ADBE Vector Group","hd":false}],"ip":2.00000008146167,"op":24.00000097754,"st":0,"bm":0},{"ddd":0,"ind":8,"ty":4,"nm":"heart","parent":5,"sr":1,"ks":{"o":{"a":0,"k":100,"ix":11},"r":{"a":0,"k":0,"ix":10},"p":{"a":0,"k":[24.823,7.059,0],"ix":2},"a":{"a":0,"k":[0,0,0],"ix":1},"s":{"a":0,"k":[100,100,100],"ix":6}},"ao":0,"shapes":[{"ty":"gr","it":[{"ind":0,"ty":"sh","ix":1,"ks":{"a":0,"k":{"i":[[1.609,-5.589],[0.166,0],[0.056,0.151],[5.217,0],[0,-6.848],[-4.17,-3.617],[-2.053,-3.021],[-0.055,0.101],[-5.041,4.391],[0,7.452],[6.327,0]],"o":[[-0.055,0.151],[-0.166,0],[-1.665,-5.589],[-6.327,0],[0,7.402],[5.05,4.381],[0.055,0.101],[2.053,-3.021],[4.162,-3.625],[0,-6.848],[-5.217,0]],"v":[[-24.546,-20.025],[-24.823,-19.673],[-25.1,-20.025],[-36.588,-28.082],[-48.187,-15.946],[-37.421,0.469],[-24.934,13.863],[-24.712,13.863],[-12.225,0.469],[-1.459,-15.946],[-13.058,-28.082]],"c":true},"ix":2},"nm":"♥","mn":"ADBE Vector Shape - Group","hd":false},{"ty":"fl","c":{"a":0,"k":[0,0.592156862745098,0.6823529411764706,1],"ix":4},"o":{"a":0,"k":100,"ix":5},"r":1,"nm":"塗り 1","mn":"ADBE Vector Graphic - Fill","hd":false},{"ty":"st","c":{"a":0,"k":[0,0,0,1],"ix":3},"o":{"a":0,"k":100,"ix":4},"w":{"a":0,"k":0,"ix":5},"lc":1,"lj":1,"ml":4,"nm":"線 1","mn":"ADBE Vector Graphic - Stroke","hd":false},{"ty":"tr","p":{"a":0,"k":[0,0],"ix":2},"a":{"a":0,"k":[0,0],"ix":1},"s":{"a":0,"k":[100,100],"ix":3},"r":{"a":0,"k":0,"ix":6},"o":{"a":0,"k":100,"ix":7},"sk":{"a":0,"k":0,"ix":4},"sa":{"a":0,"k":0,"ix":5},"nm":"トランスフォーム"}],"nm":"♥","np":3,"cix":2,"ix":1,"mn":"ADBE Vector Group","hd":false}],"ip":0,"op":61.0000024845809,"st":0,"bm":0},{"ddd":0,"ind":9,"ty":0,"nm":"rect_blind","refId":"comp_2","sr":1,"ks":{"o":{"a":1,"k":[{"i":{"x":[0.833],"y":[0.833]},"o":{"x":[0.167],"y":[0.167]},"n":["0p833_0p833_0p167_0p167"],"t":18,"s":[100],"e":[0]},{"t":26.0000010590017}],"ix":11},"r":{"a":1,"k":[{"i":{"x":[0.153],"y":[1]},"o":{"x":[0.268],"y":[0]},"n":["0p153_1_0p268_0"],"t":2,"s":[0],"e":[138]},{"t":26.0000010590017}],"ix":10},"p":{"a":1,"k":[{"i":{"x":0,"y":1},"o":{"x":0,"y":0},"n":"0_1_0_0","t":2,"s":[206,201,0],"e":[76,161,0],"to":[-21.6666660308838,-6.66666650772095,0],"ti":[21.6666660308838,6.66666650772095,0]},{"t":26.0000010590017}],"ix":2},"a":{"a":0,"k":[25,29,0],"ix":1},"s":{"a":0,"k":[40,40,100],"ix":6}},"ao":0,"ef":[{"ty":21,"nm":"塗り","np":9,"mn":"ADBE Fill","ix":1,"en":1,"ef":[{"ty":10,"nm":"塗りつぶしマスク","mn":"ADBE Fill-0001","ix":1,"v":{"a":0,"k":0,"ix":1}},{"ty":7,"nm":"すべてのマスク","mn":"ADBE Fill-0007","ix":2,"v":{"a":0,"k":0,"ix":2}},{"ty":2,"nm":"カラー","mn":"ADBE Fill-0002","ix":3,"v":{"a":0,"k":[0.596244394779,0.912653207779,0.847132146358,1],"ix":3}},{"ty":7,"nm":"反転","mn":"ADBE Fill-0006","ix":4,"v":{"a":0,"k":0,"ix":4}},{"ty":0,"nm":"水平ぼかし","mn":"ADBE Fill-0003","ix":5,"v":{"a":0,"k":0,"ix":5}},{"ty":0,"nm":"垂直ぼかし","mn":"ADBE Fill-0004","ix":6,"v":{"a":0,"k":0,"ix":6}},{"ty":0,"nm":"不透明度","mn":"ADBE Fill-0005","ix":7,"v":{"a":0,"k":1,"ix":7}}]}],"w":50,"h":50,"ip":2.00000008146167,"op":61.0000024845809,"st":2.00000008146167,"bm":0},{"ddd":0,"ind":10,"ty":0,"nm":"rect_blind","refId":"comp_2","sr":1,"ks":{"o":{"a":1,"k":[{"i":{"x":[0.833],"y":[0.833]},"o":{"x":[0.167],"y":[0.167]},"n":["0p833_0p833_0p167_0p167"],"t":20,"s":[100],"e":[0]},{"t":29.0000011811942}],"ix":11},"r":{"a":1,"k":[{"i":{"x":[0.153],"y":[1]},"o":{"x":[0.268],"y":[0]},"n":["0p153_1_0p268_0"],"t":4,"s":[0],"e":[138]},{"t":29.0000011811942}],"ix":10},"p":{"a":1,"k":[{"i":{"x":0,"y":1},"o":{"x":0,"y":0},"n":"0_1_0_0","t":4,"s":[206,201,0],"e":[253,240,0],"to":[7.83333349227905,6.5,0],"ti":[-7.83333349227905,-6.5,0]},{"t":29.0000011811942}],"ix":2},"a":{"a":0,"k":[25,29,0],"ix":1},"s":{"a":0,"k":[70,70,100],"ix":6}},"ao":0,"ef":[{"ty":21,"nm":"塗り","np":9,"mn":"ADBE Fill","ix":1,"en":1,"ef":[{"ty":10,"nm":"塗りつぶしマスク","mn":"ADBE Fill-0001","ix":1,"v":{"a":0,"k":0,"ix":1}},{"ty":7,"nm":"すべてのマスク","mn":"ADBE Fill-0007","ix":2,"v":{"a":0,"k":0,"ix":2}},{"ty":2,"nm":"カラー","mn":"ADBE Fill-0002","ix":3,"v":{"a":0,"k":[0.716350495815,0.347707033157,0.998606026173,1],"ix":3}},{"ty":7,"nm":"反転","mn":"ADBE Fill-0006","ix":4,"v":{"a":0,"k":0,"ix":4}},{"ty":0,"nm":"水平ぼかし","mn":"ADBE Fill-0003","ix":5,"v":{"a":0,"k":0,"ix":5}},{"ty":0,"nm":"垂直ぼかし","mn":"ADBE Fill-0004","ix":6,"v":{"a":0,"k":0,"ix":6}},{"ty":0,"nm":"不透明度","mn":"ADBE Fill-0005","ix":7,"v":{"a":0,"k":1,"ix":7}}]}],"w":50,"h":50,"ip":4.00000016292334,"op":61.0000024845809,"st":4.00000016292334,"bm":0},{"ddd":0,"ind":11,"ty":0,"nm":"rect_blind","refId":"comp_2","sr":1,"ks":{"o":{"a":1,"k":[{"i":{"x":[0.833],"y":[0.833]},"o":{"x":[0.167],"y":[0.167]},"n":["0p833_0p833_0p167_0p167"],"t":21.87,"s":[100],"e":[0]},{"t":31.0000012626559}],"ix":11},"r":{"a":1,"k":[{"i":{"x":[0.153],"y":[1]},"o":{"x":[0.268],"y":[0]},"n":["0p153_1_0p268_0"],"t":1,"s":[0],"e":[138]},{"t":31.0000012626559}],"ix":10},"p":{"a":1,"k":[{"i":{"x":0,"y":1},"o":{"x":0,"y":0},"n":"0_1_0_0","t":1,"s":[206,201,0],"e":[185,99,0],"to":[-3.5,-17,0],"ti":[3.5,17,0]},{"t":31.0000012626559}],"ix":2},"a":{"a":0,"k":[25,29,0],"ix":1},"s":{"a":0,"k":[63,63,100],"ix":6}},"ao":0,"ef":[{"ty":21,"nm":"塗り","np":9,"mn":"ADBE Fill","ix":1,"en":1,"ef":[{"ty":10,"nm":"塗りつぶしマスク","mn":"ADBE Fill-0001","ix":1,"v":{"a":0,"k":0,"ix":1}},{"ty":7,"nm":"すべてのマスク","mn":"ADBE Fill-0007","ix":2,"v":{"a":0,"k":0,"ix":2}},{"ty":2,"nm":"カラー","mn":"ADBE Fill-0002","ix":3,"v":{"a":0,"k":[0.998606026173,0.941173791885,0.347707033157,1],"ix":3}},{"ty":7,"nm":"反転","mn":"ADBE Fill-0006","ix":4,"v":{"a":0,"k":0,"ix":4}},{"ty":0,"nm":"水平ぼかし","mn":"ADBE Fill-0003","ix":5,"v":{"a":0,"k":0,"ix":5}},{"ty":0,"nm":"垂直ぼかし","mn":"ADBE Fill-0004","ix":6,"v":{"a":0,"k":0,"ix":6}},{"ty":0,"nm":"不透明度","mn":"ADBE Fill-0005","ix":7,"v":{"a":0,"k":1,"ix":7}}]}],"w":50,"h":50,"ip":1.00000004073083,"op":61.0000024845809,"st":1.00000004073083,"bm":0},{"ddd":0,"ind":12,"ty":0,"nm":"rect_blind","refId":"comp_2","sr":1,"ks":{"o":{"a":1,"k":[{"i":{"x":[0.833],"y":[0.833]},"o":{"x":[0.167],"y":[0.167]},"n":["0p833_0p833_0p167_0p167"],"t":19.783,"s":[100],"e":[0]},{"t":28.0000011404634}],"ix":11},"r":{"a":1,"k":[{"i":{"x":[0.153],"y":[1]},"o":{"x":[0.268],"y":[0]},"n":["0p153_1_0p268_0"],"t":1,"s":[0],"e":[138]},{"t":28.0000011404634}],"ix":10},"p":{"a":1,"k":[{"i":{"x":0,"y":1},"o":{"x":0,"y":0},"n":"0_1_0_0","t":1,"s":[206,201,0],"e":[126,253,0],"to":[-13.3333330154419,8.66666698455811,0],"ti":[13.3333330154419,-8.66666698455811,0]},{"t":28.0000011404634}],"ix":2},"a":{"a":0,"k":[25,29,0],"ix":1},"s":{"a":0,"k":[60,60,100],"ix":6}},"ao":0,"ef":[{"ty":21,"nm":"塗り","np":9,"mn":"ADBE Fill","ix":1,"en":1,"ef":[{"ty":10,"nm":"塗りつぶしマスク","mn":"ADBE Fill-0001","ix":1,"v":{"a":0,"k":0,"ix":1}},{"ty":7,"nm":"すべてのマスク","mn":"ADBE Fill-0007","ix":2,"v":{"a":0,"k":0,"ix":2}},{"ty":2,"nm":"カラー","mn":"ADBE Fill-0002","ix":3,"v":{"a":0,"k":[0.347707033157,0.882245838642,0.998606026173,1],"ix":3}},{"ty":7,"nm":"反転","mn":"ADBE Fill-0006","ix":4,"v":{"a":0,"k":0,"ix":4}},{"ty":0,"nm":"水平ぼかし","mn":"ADBE Fill-0003","ix":5,"v":{"a":0,"k":0,"ix":5}},{"ty":0,"nm":"垂直ぼかし","mn":"ADBE Fill-0004","ix":6,"v":{"a":0,"k":0,"ix":6}},{"ty":0,"nm":"不透明度","mn":"ADBE Fill-0005","ix":7,"v":{"a":0,"k":1,"ix":7}}]}],"w":50,"h":50,"ip":1.00000004073083,"op":61.0000024845809,"st":1.00000004073083,"bm":0},{"ddd":0,"ind":13,"ty":0,"nm":"triangle_wire","refId":"comp_3","sr":1,"ks":{"o":{"a":1,"k":[{"i":{"x":[0.833],"y":[0.833]},"o":{"x":[0.167],"y":[0.167]},"n":["0p833_0p833_0p167_0p167"],"t":17,"s":[100],"e":[0]},{"t":24.00000097754}],"ix":11},"r":{"a":1,"k":[{"i":{"x":[0.153],"y":[1]},"o":{"x":[0.268],"y":[0]},"n":["0p153_1_0p268_0"],"t":1,"s":[0],"e":[138]},{"t":24.00000097754}],"ix":10},"p":{"a":1,"k":[{"i":{"x":0,"y":1},"o":{"x":0,"y":0},"n":"0_1_0_0","t":1,"s":[206,201,0],"e":[71,107,0],"to":[-22.5,-15.6666669845581,0],"ti":[22.5,15.6666669845581,0]},{"t":24.00000097754}],"ix":2},"a":{"a":0,"k":[25,29,0],"ix":1},"s":{"a":0,"k":[80,80,100],"ix":6}},"ao":0,"ef":[{"ty":21,"nm":"塗り","np":9,"mn":"ADBE Fill","ix":1,"en":1,"ef":[{"ty":10,"nm":"塗りつぶしマスク","mn":"ADBE Fill-0001","ix":1,"v":{"a":0,"k":0,"ix":1}},{"ty":7,"nm":"すべてのマスク","mn":"ADBE Fill-0007","ix":2,"v":{"a":0,"k":0,"ix":2}},{"ty":2,"nm":"カラー","mn":"ADBE Fill-0002","ix":3,"v":{"a":0,"k":[0.373850673437,0.998606026173,0.347707033157,1],"ix":3}},{"ty":7,"nm":"反転","mn":"ADBE Fill-0006","ix":4,"v":{"a":0,"k":0,"ix":4}},{"ty":0,"nm":"水平ぼかし","mn":"ADBE Fill-0003","ix":5,"v":{"a":0,"k":0,"ix":5}},{"ty":0,"nm":"垂直ぼかし","mn":"ADBE Fill-0004","ix":6,"v":{"a":0,"k":0,"ix":6}},{"ty":0,"nm":"不透明度","mn":"ADBE Fill-0005","ix":7,"v":{"a":0,"k":1,"ix":7}}]}],"w":50,"h":50,"ip":1.00000004073083,"op":61.0000024845809,"st":1.00000004073083,"bm":0},{"ddd":0,"ind":14,"ty":0,"nm":"triangle_wire","refId":"comp_3","sr":1,"ks":{"o":{"a":1,"k":[{"i":{"x":[0.833],"y":[0.833]},"o":{"x":[0.167],"y":[0.167]},"n":["0p833_0p833_0p167_0p167"],"t":21.479,"s":[100],"e":[0]},{"t":30.0000012219251}],"ix":11},"r":{"a":1,"k":[{"i":{"x":[0.153],"y":[1]},"o":{"x":[0.268],"y":[0]},"n":["0p153_1_0p268_0"],"t":2,"s":[0],"e":[217]},{"t":30.0000012219251}],"ix":10},"p":{"a":1,"k":[{"i":{"x":0,"y":1},"o":{"x":0,"y":0},"n":"0_1_0_0","t":2,"s":[206,201,0],"e":[282,260,0],"to":[12.6666669845581,9.83333301544189,0],"ti":[-12.6666669845581,-9.83333301544189,0]},{"t":30.0000012219251}],"ix":2},"a":{"a":0,"k":[25,29,0],"ix":1},"s":{"a":0,"k":[80,80,100],"ix":6}},"ao":0,"ef":[{"ty":21,"nm":"塗り","np":9,"mn":"ADBE Fill","ix":1,"en":1,"ef":[{"ty":10,"nm":"塗りつぶしマスク","mn":"ADBE Fill-0001","ix":1,"v":{"a":0,"k":0,"ix":1}},{"ty":7,"nm":"すべてのマスク","mn":"ADBE Fill-0007","ix":2,"v":{"a":0,"k":0,"ix":2}},{"ty":2,"nm":"カラー","mn":"ADBE Fill-0002","ix":3,"v":{"a":0,"k":[0.998606026173,0.347707033157,0.888108670712,1],"ix":3}},{"ty":7,"nm":"反転","mn":"ADBE Fill-0006","ix":4,"v":{"a":0,"k":0,"ix":4}},{"ty":0,"nm":"水平ぼかし","mn":"ADBE Fill-0003","ix":5,"v":{"a":0,"k":0,"ix":5}},{"ty":0,"nm":"垂直ぼかし","mn":"ADBE Fill-0004","ix":6,"v":{"a":0,"k":0,"ix":6}},{"ty":0,"nm":"不透明度","mn":"ADBE Fill-0005","ix":7,"v":{"a":0,"k":1,"ix":7}}]}],"w":50,"h":50,"ip":2.00000008146167,"op":61.0000024845809,"st":2.00000008146167,"bm":0},{"ddd":0,"ind":15,"ty":0,"nm":"triangle_wire","refId":"comp_3","sr":1,"ks":{"o":{"a":1,"k":[{"i":{"x":[0.833],"y":[0.833]},"o":{"x":[0.167],"y":[0.167]},"n":["0p833_0p833_0p167_0p167"],"t":19.696,"s":[100],"e":[0]},{"t":27.0000010997325}],"ix":11},"r":{"a":1,"k":[{"i":{"x":[0.153],"y":[1]},"o":{"x":[0.268],"y":[0]},"n":["0p153_1_0p268_0"],"t":3,"s":[0],"e":[256]},{"t":27.0000010997325}],"ix":10},"p":{"a":1,"k":[{"i":{"x":0,"y":1},"o":{"x":0,"y":0},"n":"0_1_0_0","t":3,"s":[206,201,0],"e":[139,320,0],"to":[-11.1666669845581,19.8333339691162,0],"ti":[11.1666669845581,-19.8333339691162,0]},{"t":27.0000010997325}],"ix":2},"a":{"a":0,"k":[25,29,0],"ix":1},"s":{"a":0,"k":[80,80,100],"ix":6}},"ao":0,"ef":[{"ty":21,"nm":"塗り","np":9,"mn":"ADBE Fill","ix":1,"en":1,"ef":[{"ty":10,"nm":"塗りつぶしマスク","mn":"ADBE Fill-0001","ix":1,"v":{"a":0,"k":0,"ix":1}},{"ty":7,"nm":"すべてのマスク","mn":"ADBE Fill-0007","ix":2,"v":{"a":0,"k":0,"ix":2}},{"ty":2,"nm":"カラー","mn":"ADBE Fill-0002","ix":3,"v":{"a":0,"k":[0.401258975267,0.43973326683,0.909267783165,1],"ix":3}},{"ty":7,"nm":"反転","mn":"ADBE Fill-0006","ix":4,"v":{"a":0,"k":0,"ix":4}},{"ty":0,"nm":"水平ぼかし","mn":"ADBE Fill-0003","ix":5,"v":{"a":0,"k":0,"ix":5}},{"ty":0,"nm":"垂直ぼかし","mn":"ADBE Fill-0004","ix":6,"v":{"a":0,"k":0,"ix":6}},{"ty":0,"nm":"不透明度","mn":"ADBE Fill-0005","ix":7,"v":{"a":0,"k":1,"ix":7}}]}],"w":50,"h":50,"ip":1.00000004073083,"op":61.0000024845809,"st":1.00000004073083,"bm":0},{"ddd":0,"ind":16,"ty":0,"nm":"triangle_wire","refId":"comp_3","sr":1,"ks":{"o":{"a":1,"k":[{"i":{"x":[0.833],"y":[0.833]},"o":{"x":[0.167],"y":[0.167]},"n":["0p833_0p833_0p167_0p167"],"t":21.87,"s":[100],"e":[0]},{"t":31.0000012626559}],"ix":11},"r":{"a":1,"k":[{"i":{"x":[0.153],"y":[1]},"o":{"x":[0.268],"y":[0]},"n":["0p153_1_0p268_0"],"t":1,"s":[0],"e":[180]},{"t":31.0000012626559}],"ix":10},"p":{"a":1,"k":[{"i":{"x":0,"y":1},"o":{"x":0,"y":0},"n":"0_1_0_0","t":1,"s":[206,201,0],"e":[315,116,0],"to":[18.1666660308838,-14.1666669845581,0],"ti":[-18.1666660308838,14.1666669845581,0]},{"t":31.0000012626559}],"ix":2},"a":{"a":0,"k":[25,29,0],"ix":1},"s":{"a":0,"k":[80,80,100],"ix":6}},"ao":0,"ef":[{"ty":21,"nm":"塗り","np":9,"mn":"ADBE Fill","ix":1,"en":1,"ef":[{"ty":10,"nm":"塗りつぶしマスク","mn":"ADBE Fill-0001","ix":1,"v":{"a":0,"k":0,"ix":1}},{"ty":7,"nm":"すべてのマスク","mn":"ADBE Fill-0007","ix":2,"v":{"a":0,"k":0,"ix":2}},{"ty":2,"nm":"カラー","mn":"ADBE Fill-0002","ix":3,"v":{"a":0,"k":[0.878952205181,0.462497919798,0.290048807859,1],"ix":3}},{"ty":7,"nm":"反転","mn":"ADBE Fill-0006","ix":4,"v":{"a":0,"k":0,"ix":4}},{"ty":0,"nm":"水平ぼかし","mn":"ADBE Fill-0003","ix":5,"v":{"a":0,"k":0,"ix":5}},{"ty":0,"nm":"垂直ぼかし","mn":"ADBE Fill-0004","ix":6,"v":{"a":0,"k":0,"ix":6}},{"ty":0,"nm":"不透明度","mn":"ADBE Fill-0005","ix":7,"v":{"a":0,"k":1,"ix":7}}]}],"w":50,"h":50,"ip":1.00000004073083,"op":61.0000024845809,"st":1.00000004073083,"bm":0},{"ddd":0,"ind":17,"ty":3,"nm":"bubble_ctrl","sr":1,"ks":{"o":{"a":0,"k":0,"ix":11},"r":{"a":0,"k":0,"ix":10},"p":{"a":0,"k":[200,200,0],"ix":2},"a":{"a":0,"k":[0,0,0],"ix":1},"s":{"a":0,"k":[100,100,100],"ix":6}},"ao":0,"ip":0,"op":61.0000024845809,"st":0,"bm":0},{"ddd":0,"ind":18,"ty":4,"nm":"bubble_7","parent":17,"sr":1,"ks":{"o":{"a":1,"k":[{"i":{"x":[0.833],"y":[0.833]},"o":{"x":[0.167],"y":[0.167]},"n":["0p833_0p833_0p167_0p167"],"t":1,"s":[0],"e":[100]},{"i":{"x":[0.833],"y":[0.833]},"o":{"x":[0.167],"y":[0.167]},"n":["0p833_0p833_0p167_0p167"],"t":3.154,"s":[100],"e":[100]},{"i":{"x":[0.833],"y":[0.833]},"o":{"x":[0.167],"y":[0.167]},"n":["0p833_0p833_0p167_0p167"],"t":13.923,"s":[100],"e":[0]},{"t":29.0000011811942}],"ix":11},"r":{"a":0,"k":0,"ix":10},"p":{"a":1,"k":[{"i":{"x":0,"y":1},"o":{"x":0,"y":0},"n":"0_1_0_0","t":1,"s":[0,0,0],"e":[39.837,-109.752,0],"to":[6.63949346542358,-18.2920265197754,0],"ti":[-6.63949346542358,18.2920265197754,0]},{"t":29.0000011811942}],"ix":2},"a":{"a":0,"k":[0,0,0],"ix":1},"s":{"a":0,"k":[50,50,100],"ix":6}},"ao":0,"shapes":[{"ty":"gr","it":[{"d":1,"ty":"el","s":{"a":0,"k":[20,20],"ix":2},"p":{"a":0,"k":[0,0],"ix":3},"nm":"楕円形パス 1","mn":"ADBE Vector Shape - Ellipse","hd":false},{"ty":"st","c":{"a":0,"k":[0.907904411765,0.907904411765,0.907904411765,1],"ix":3},"o":{"a":0,"k":100,"ix":4},"w":{"a":0,"k":3,"ix":5},"lc":1,"lj":1,"ml":4,"nm":"線 1","mn":"ADBE Vector Graphic - Stroke","hd":false},{"ty":"tr","p":{"a":0,"k":[0,0],"ix":2},"a":{"a":0,"k":[0,0],"ix":1},"s":{"a":0,"k":[100,100],"ix":3},"r":{"a":0,"k":0,"ix":6},"o":{"a":0,"k":100,"ix":7},"sk":{"a":0,"k":0,"ix":4},"sa":{"a":0,"k":0,"ix":5},"nm":"トランスフォーム"}],"nm":"楕円形 1","np":3,"cix":2,"ix":1,"mn":"ADBE Vector Group","hd":false}],"ip":1.00000004073083,"op":61.0000024845809,"st":1.00000004073083,"bm":0},{"ddd":0,"ind":19,"ty":4,"nm":"bubble_6","parent":17,"sr":1,"ks":{"o":{"a":1,"k":[{"i":{"x":[0.833],"y":[0.833]},"o":{"x":[0.167],"y":[0.167]},"n":["0p833_0p833_0p167_0p167"],"t":2,"s":[0],"e":[100]},{"i":{"x":[0.833],"y":[0.833]},"o":{"x":[0.167],"y":[0.167]},"n":["0p833_0p833_0p167_0p167"],"t":4.154,"s":[100],"e":[100]},{"i":{"x":[0.833],"y":[0.833]},"o":{"x":[0.167],"y":[0.167]},"n":["0p833_0p833_0p167_0p167"],"t":14.923,"s":[100],"e":[0]},{"t":30.0000012219251}],"ix":11},"r":{"a":0,"k":0,"ix":10},"p":{"a":1,"k":[{"i":{"x":0,"y":1},"o":{"x":0,"y":0},"n":"0_1_0_0","t":2,"s":[0,0,0],"e":[-83.163,-103.752,0],"to":[-13.8605060577393,-17.2920265197754,0],"ti":[13.8605060577393,17.2920265197754,0]},{"t":30.0000012219251}],"ix":2},"a":{"a":0,"k":[0,0,0],"ix":1},"s":{"a":0,"k":[87,87,100],"ix":6}},"ao":0,"shapes":[{"ty":"gr","it":[{"d":1,"ty":"el","s":{"a":0,"k":[20,20],"ix":2},"p":{"a":0,"k":[0,0],"ix":3},"nm":"楕円形パス 1","mn":"ADBE Vector Shape - Ellipse","hd":false},{"ty":"st","c":{"a":0,"k":[1,0.293887867647,0.457760231168,1],"ix":3},"o":{"a":0,"k":100,"ix":4},"w":{"a":0,"k":3,"ix":5},"lc":1,"lj":1,"ml":4,"nm":"線 1","mn":"ADBE Vector Graphic - Stroke","hd":false},{"ty":"tr","p":{"a":0,"k":[0,0],"ix":2},"a":{"a":0,"k":[0,0],"ix":1},"s":{"a":0,"k":[100,100],"ix":3},"r":{"a":0,"k":0,"ix":6},"o":{"a":0,"k":100,"ix":7},"sk":{"a":0,"k":0,"ix":4},"sa":{"a":0,"k":0,"ix":5},"nm":"トランスフォーム"}],"nm":"楕円形 1","np":3,"cix":2,"ix":1,"mn":"ADBE Vector Group","hd":false}],"ip":2.00000008146167,"op":61.0000024845809,"st":2.00000008146167,"bm":0},{"ddd":0,"ind":20,"ty":4,"nm":"bubble_5","parent":17,"sr":1,"ks":{"o":{"a":1,"k":[{"i":{"x":[0.833],"y":[0.833]},"o":{"x":[0.167],"y":[0.167]},"n":["0p833_0p833_0p167_0p167"],"t":4,"s":[0],"e":[100]},{"i":{"x":[0.833],"y":[0.833]},"o":{"x":[0.167],"y":[0.167]},"n":["0p833_0p833_0p167_0p167"],"t":6.539,"s":[100],"e":[100]},{"i":{"x":[0.833],"y":[0.833]},"o":{"x":[0.167],"y":[0.167]},"n":["0p833_0p833_0p167_0p167"],"t":19.231,"s":[100],"e":[0]},{"t":37.0000015070409}],"ix":11},"r":{"a":0,"k":0,"ix":10},"p":{"a":1,"k":[{"i":{"x":0,"y":1},"o":{"x":0,"y":0},"n":"0_1_0_0","t":4,"s":[0,0,0],"e":[-153.163,-74.752,0],"to":[-25.527172088623,-12.4586925506592,0],"ti":[25.527172088623,12.4586925506592,0]},{"t":37.0000015070409}],"ix":2},"a":{"a":0,"k":[0,0,0],"ix":1},"s":{"a":0,"k":[76,76,100],"ix":6}},"ao":0,"shapes":[{"ty":"gr","it":[{"d":1,"ty":"el","s":{"a":0,"k":[20,20],"ix":2},"p":{"a":0,"k":[0,0],"ix":3},"nm":"楕円形パス 1","mn":"ADBE Vector Shape - Ellipse","hd":false},{"ty":"st","c":{"a":0,"k":[0.813771446078,0.813771446078,0.813771446078,1],"ix":3},"o":{"a":0,"k":100,"ix":4},"w":{"a":0,"k":3,"ix":5},"lc":1,"lj":1,"ml":4,"nm":"線 1","mn":"ADBE Vector Graphic - Stroke","hd":false},{"ty":"tr","p":{"a":0,"k":[0,0],"ix":2},"a":{"a":0,"k":[0,0],"ix":1},"s":{"a":0,"k":[100,100],"ix":3},"r":{"a":0,"k":0,"ix":6},"o":{"a":0,"k":100,"ix":7},"sk":{"a":0,"k":0,"ix":4},"sa":{"a":0,"k":0,"ix":5},"nm":"トランスフォーム"}],"nm":"楕円形 1","np":3,"cix":2,"ix":1,"mn":"ADBE Vector Group","hd":false}],"ip":4.00000016292334,"op":61.0000024845809,"st":4.00000016292334,"bm":0},{"ddd":0,"ind":21,"ty":4,"nm":"bubble_4","parent":17,"sr":1,"ks":{"o":{"a":1,"k":[{"i":{"x":[0.833],"y":[0.833]},"o":{"x":[0.167],"y":[0.167]},"n":["0p833_0p833_0p167_0p167"],"t":2,"s":[0],"e":[100]},{"i":{"x":[0.833],"y":[0.833]},"o":{"x":[0.167],"y":[0.167]},"n":["0p833_0p833_0p167_0p167"],"t":4.385,"s":[100],"e":[100]},{"i":{"x":[0.833],"y":[0.833]},"o":{"x":[0.167],"y":[0.167]},"n":["0p833_0p833_0p167_0p167"],"t":16.308,"s":[100],"e":[0]},{"t":33.0000013441176}],"ix":11},"r":{"a":0,"k":0,"ix":10},"p":{"a":1,"k":[{"i":{"x":0,"y":1},"o":{"x":0,"y":0},"n":"0_1_0_0","t":2,"s":[0,0,0],"e":[-101.163,78.248,0],"to":[-16.8605060577393,13.0413074493408,0],"ti":[16.8605060577393,-13.0413074493408,0]},{"t":33.0000013441176}],"ix":2},"a":{"a":0,"k":[0,0,0],"ix":1},"s":{"a":0,"k":[64,64,100],"ix":6}},"ao":0,"shapes":[{"ty":"gr","it":[{"d":1,"ty":"el","s":{"a":0,"k":[20,20],"ix":2},"p":{"a":0,"k":[0,0],"ix":3},"nm":"楕円形パス 1","mn":"ADBE Vector Shape - Ellipse","hd":false},{"ty":"st","c":{"a":0,"k":[0.813771446078,0.813771446078,0.813771446078,1],"ix":3},"o":{"a":0,"k":100,"ix":4},"w":{"a":0,"k":3,"ix":5},"lc":1,"lj":1,"ml":4,"nm":"線 1","mn":"ADBE Vector Graphic - Stroke","hd":false},{"ty":"tr","p":{"a":0,"k":[0,0],"ix":2},"a":{"a":0,"k":[0,0],"ix":1},"s":{"a":0,"k":[100,100],"ix":3},"r":{"a":0,"k":0,"ix":6},"o":{"a":0,"k":100,"ix":7},"sk":{"a":0,"k":0,"ix":4},"sa":{"a":0,"k":0,"ix":5},"nm":"トランスフォーム"}],"nm":"楕円形 1","np":3,"cix":2,"ix":1,"mn":"ADBE Vector Group","hd":false}],"ip":2.00000008146167,"op":61.0000024845809,"st":2.00000008146167,"bm":0},{"ddd":0,"ind":22,"ty":4,"nm":"bubble_3","parent":17,"sr":1,"ks":{"o":{"a":1,"k":[{"i":{"x":[0.833],"y":[0.833]},"o":{"x":[0.167],"y":[0.167]},"n":["0p833_0p833_0p167_0p167"],"t":3,"s":[0],"e":[100]},{"i":{"x":[0.833],"y":[0.833]},"o":{"x":[0.167],"y":[0.167]},"n":["0p833_0p833_0p167_0p167"],"t":4.693,"s":[100],"e":[100]},{"i":{"x":[0.833],"y":[0.833]},"o":{"x":[0.167],"y":[0.167]},"n":["0p833_0p833_0p167_0p167"],"t":13.154,"s":[100],"e":[0]},{"t":25.0000010182709}],"ix":11},"r":{"a":0,"k":0,"ix":10},"p":{"a":1,"k":[{"i":{"x":0,"y":1},"o":{"x":0,"y":0},"n":"0_1_0_0","t":3,"s":[0,0,0],"e":[-49.163,88.248,0],"to":[-8.19384002685547,14.7079744338989,0],"ti":[8.19384002685547,-14.7079744338989,0]},{"t":25.0000010182709}],"ix":2},"a":{"a":0,"k":[0,0,0],"ix":1},"s":{"a":0,"k":[80,80,100],"ix":6}},"ao":0,"shapes":[{"ty":"gr","it":[{"d":1,"ty":"el","s":{"a":0,"k":[20,20],"ix":2},"p":{"a":0,"k":[0,0],"ix":3},"nm":"楕円形パス 1","mn":"ADBE Vector Shape - Ellipse","hd":false},{"ty":"st","c":{"a":0,"k":[0.971139705882,0.402543969248,0.53450197706,1],"ix":3},"o":{"a":0,"k":100,"ix":4},"w":{"a":0,"k":3,"ix":5},"lc":1,"lj":1,"ml":4,"nm":"線 1","mn":"ADBE Vector Graphic - Stroke","hd":false},{"ty":"tr","p":{"a":0,"k":[0,0],"ix":2},"a":{"a":0,"k":[0,0],"ix":1},"s":{"a":0,"k":[100,100],"ix":3},"r":{"a":0,"k":0,"ix":6},"o":{"a":0,"k":100,"ix":7},"sk":{"a":0,"k":0,"ix":4},"sa":{"a":0,"k":0,"ix":5},"nm":"トランスフォーム"}],"nm":"楕円形 1","np":3,"cix":2,"ix":1,"mn":"ADBE Vector Group","hd":false}],"ip":3.00000012219251,"op":61.0000024845809,"st":3.00000012219251,"bm":0},{"ddd":0,"ind":23,"ty":4,"nm":"bubble_2","parent":17,"sr":1,"ks":{"o":{"a":1,"k":[{"i":{"x":[0.833],"y":[0.833]},"o":{"x":[0.167],"y":[0.167]},"n":["0p833_0p833_0p167_0p167"],"t":1,"s":[0],"e":[100]},{"i":{"x":[0.833],"y":[0.833]},"o":{"x":[0.167],"y":[0.167]},"n":["0p833_0p833_0p167_0p167"],"t":3.539,"s":[100],"e":[100]},{"i":{"x":[0.833],"y":[0.833]},"o":{"x":[0.167],"y":[0.167]},"n":["0p833_0p833_0p167_0p167"],"t":16.231,"s":[100],"e":[0]},{"t":34.0000013848484}],"ix":11},"r":{"a":0,"k":0,"ix":10},"p":{"a":1,"k":[{"i":{"x":0,"y":1},"o":{"x":0,"y":0},"n":"0_1_0_0","t":1,"s":[0,0,0],"e":[120,95,0],"to":[20,15.8333330154419,0],"ti":[-20,-15.8333330154419,0]},{"t":34.0000013848484}],"ix":2},"a":{"a":0,"k":[0,0,0],"ix":1},"s":{"a":0,"k":[77,77,100],"ix":6}},"ao":0,"shapes":[{"ty":"gr","it":[{"d":1,"ty":"el","s":{"a":0,"k":[20,20],"ix":2},"p":{"a":0,"k":[0,0],"ix":3},"nm":"楕円形パス 1","mn":"ADBE Vector Shape - Ellipse","hd":false},{"ty":"st","c":{"a":0,"k":[0.971139705882,0.402543969248,0.53450197706,1],"ix":3},"o":{"a":0,"k":100,"ix":4},"w":{"a":0,"k":3,"ix":5},"lc":1,"lj":1,"ml":4,"nm":"線 1","mn":"ADBE Vector Graphic - Stroke","hd":false},{"ty":"tr","p":{"a":0,"k":[0,0],"ix":2},"a":{"a":0,"k":[0,0],"ix":1},"s":{"a":0,"k":[100,100],"ix":3},"r":{"a":0,"k":0,"ix":6},"o":{"a":0,"k":100,"ix":7},"sk":{"a":0,"k":0,"ix":4},"sa":{"a":0,"k":0,"ix":5},"nm":"トランスフォーム"}],"nm":"楕円形 1","np":3,"cix":2,"ix":1,"mn":"ADBE Vector Group","hd":false}],"ip":1.00000004073083,"op":61.0000024845809,"st":1.00000004073083,"bm":0},{"ddd":0,"ind":24,"ty":4,"nm":"bubble_1","parent":17,"sr":1,"ks":{"o":{"a":1,"k":[{"i":{"x":[0.833],"y":[0.833]},"o":{"x":[0.167],"y":[0.167]},"n":["0p833_0p833_0p167_0p167"],"t":3,"s":[0],"e":[100]},{"i":{"x":[0.833],"y":[0.833]},"o":{"x":[0.167],"y":[0.167]},"n":["0p833_0p833_0p167_0p167"],"t":5,"s":[100],"e":[100]},{"i":{"x":[0.833],"y":[0.833]},"o":{"x":[0.167],"y":[0.167]},"n":["0p833_0p833_0p167_0p167"],"t":15,"s":[100],"e":[0]},{"t":29.0000011811942}],"ix":11},"r":{"a":0,"k":0,"ix":10},"p":{"a":1,"k":[{"i":{"x":0,"y":1},"o":{"x":0,"y":0},"n":"0_1_0_0","t":3,"s":[0,0,0],"e":[99,-36,0],"to":[16.5,-6,0],"ti":[-16.5,6,0]},{"t":29.0000011811942}],"ix":2},"a":{"a":0,"k":[0,0,0],"ix":1},"s":{"a":0,"k":[50,50,100],"ix":6}},"ao":0,"shapes":[{"ty":"gr","it":[{"d":1,"ty":"el","s":{"a":0,"k":[20,20],"ix":2},"p":{"a":0,"k":[0,0],"ix":3},"nm":"楕円形パス 1","mn":"ADBE Vector Shape - Ellipse","hd":false},{"ty":"st","c":{"a":0,"k":[0.971139705882,0.402543969248,0.53450197706,1],"ix":3},"o":{"a":0,"k":100,"ix":4},"w":{"a":0,"k":3,"ix":5},"lc":1,"lj":1,"ml":4,"nm":"線 1","mn":"ADBE Vector Graphic - Stroke","hd":false},{"ty":"tr","p":{"a":0,"k":[0,0],"ix":2},"a":{"a":0,"k":[0,0],"ix":1},"s":{"a":0,"k":[100,100],"ix":3},"r":{"a":0,"k":0,"ix":6},"o":{"a":0,"k":100,"ix":7},"sk":{"a":0,"k":0,"ix":4},"sa":{"a":0,"k":0,"ix":5},"nm":"トランスフォーム"}],"nm":"楕円形 1","np":3,"cix":2,"ix":1,"mn":"ADBE Vector Group","hd":false}],"ip":3.00000012219251,"op":61.0000024845809,"st":3.00000012219251,"bm":0}]}