{"v":"5.6.9","fr":60,"ip":0,"op":205,"w":800,"h":600,"nm":"Comp 1","ddd":0,"assets":[],"layers":[{"ddd":0,"ind":3,"ty":4,"nm":"Shape Layer 7","sr":1,"ks":{"o":{"a":0,"k":100,"ix":11},"r":{"a":1,"k":[{"i":{"x":[0.323],"y":[1]},"o":{"x":[0.653],"y":[0]},"t":-147,"s":[-269.7]},{"t":-40,"s":[570.3]}],"ix":10},"p":{"a":0,"k":[400,300.125,0],"ix":2},"a":{"a":0,"k":[-22,36,0],"ix":1},"s":{"a":1,"k":[{"i":{"x":[0.667,0.667,0.667],"y":[1,1,1]},"o":{"x":[0.333,0.333,0.333],"y":[0,0,0]},"t":-147,"s":[0,0,100]},{"i":{"x":[0.667,0.667,0.667],"y":[1,1,1]},"o":{"x":[0.167,0.167,0.167],"y":[0,0,0]},"t":-121,"s":[100,100,100]},{"i":{"x":[0.373,0.373,0.833],"y":[1,1,1]},"o":{"x":[0.498,0.498,0.167],"y":[0,0,0]},"t":-102,"s":[100,100,100]},{"i":{"x":[0.182,0.182,0.833],"y":[1,1,1]},"o":{"x":[0.167,0.167,0.167],"y":[0,0,0]},"t":-64,"s":[140,140,100]},{"i":{"x":[0.833,0.833,0.833],"y":[1,1,1]},"o":{"x":[0.167,0.167,0.167],"y":[0,0,0]},"t":-21,"s":[100,100,100]},{"i":{"x":[0.833,0.833,0.833],"y":[1,1,1]},"o":{"x":[0.621,0.621,0.167],"y":[0,0,0]},"t":15,"s":[100,100,100]},{"t":45,"s":[0,0,100]}],"ix":6}},"ao":0,"shapes":[{"ty":"gr","it":[{"ind":0,"ty":"sh","ix":1,"ks":{"a":1,"k":[{"i":{"x":0.691,"y":0},"o":{"x":0.121,"y":0},"t":-70.939,"s":[{"i":[[0.86,61.298],[-75.128,-42.826]],"o":[[-1.156,-82.424],[32.371,18.452]],"v":[[-111,0],[54.733,-96.587]],"c":false}]},{"i":{"x":0,"y":1},"o":{"x":0.215,"y":0.695},"t":-49,"s":[{"i":[[-17.172,58.849],[-51.928,-10.915]],"o":[[13.691,-46.92],[36.464,7.664]],"v":[[-111,0],[54.733,-96.587]],"c":false}]},{"t":-21,"s":[{"i":[[-61.293,-1.138],[-31.905,50.325]],"o":[[44.956,0.835],[19.951,-31.469]],"v":[[-111.051,0.718],[54.329,-95.916]],"c":false}]}],"ix":2},"nm":"Path 1","mn":"ADBE Vector Shape - Group","hd":false},{"ty":"st","c":{"a":0,"k":[0.058439000448,0.141008010565,0.392156982422,1],"ix":3},"o":{"a":0,"k":100,"ix":4},"w":{"a":1,"k":[{"i":{"x":[0.667],"y":[1]},"o":{"x":[0.333],"y":[0]},"t":-147,"s":[120]},{"i":{"x":[0.833],"y":[1]},"o":{"x":[0.167],"y":[0]},"t":-110.383,"s":[30]},{"i":{"x":[0.833],"y":[1]},"o":{"x":[0.167],"y":[0]},"t":-66,"s":[30]},{"i":{"x":[0.833],"y":[1]},"o":{"x":[0.167],"y":[0]},"t":-36,"s":[50]},{"i":{"x":[0.833],"y":[1]},"o":{"x":[0.621],"y":[0]},"t":20,"s":[50]},{"t":50,"s":[200]}],"ix":5},"lc":2,"lj":1,"ml":4,"bm":0,"nm":"Stroke 1","mn":"ADBE Vector Graphic - Stroke","hd":false},{"ty":"tr","p":{"a":1,"k":[{"i":{"x":0.833,"y":0.833},"o":{"x":0.167,"y":0.167},"t":-147,"s":[89.759,36.172],"to":[-18.626,-0.029],"ti":[18.626,0.029]},{"t":-120.109375,"s":[-22,36]}],"ix":2},"a":{"a":0,"k":[0,0],"ix":1},"s":{"a":0,"k":[100,100],"ix":3},"r":{"a":0,"k":0,"ix":6},"o":{"a":0,"k":80,"ix":7},"sk":{"a":0,"k":0,"ix":4},"sa":{"a":0,"k":0,"ix":5},"nm":"Transform"}],"nm":"Ellipse 1","np":3,"cix":2,"bm":0,"ix":1,"mn":"ADBE Vector Group","hd":false},{"ty":"gr","it":[{"ind":0,"ty":"sh","ix":1,"ks":{"a":1,"k":[{"i":{"x":0.691,"y":0},"o":{"x":0.121,"y":0},"t":-70.939,"s":[{"i":[[0.86,61.298],[-75.128,-42.826]],"o":[[-1.156,-82.424],[32.371,18.452]],"v":[[-111,0],[54.733,-96.587]],"c":false}]},{"i":{"x":0,"y":1},"o":{"x":0.215,"y":0.695},"t":-49,"s":[{"i":[[-17.172,58.849],[-51.928,-10.915]],"o":[[13.691,-46.92],[36.464,7.664]],"v":[[-111,0],[54.733,-96.587]],"c":false}]},{"t":-21,"s":[{"i":[[-61.293,-1.138],[-31.905,50.325]],"o":[[44.956,0.835],[19.951,-31.469]],"v":[[-110.03,0.697],[55.148,-96.242]],"c":false}]}],"ix":2},"nm":"Path 1","mn":"ADBE Vector Shape - Group","hd":false},{"ty":"st","c":{"a":0,"k":[0.870588235294,0.145098039216,0.152941176471,1],"ix":3},"o":{"a":0,"k":100,"ix":4},"w":{"a":1,"k":[{"i":{"x":[0.667],"y":[1]},"o":{"x":[0.333],"y":[0]},"t":-147,"s":[120]},{"i":{"x":[0.833],"y":[1]},"o":{"x":[0.167],"y":[0]},"t":-110.383,"s":[30]},{"i":{"x":[0.833],"y":[1]},"o":{"x":[0.167],"y":[0]},"t":-66,"s":[30]},{"i":{"x":[0.833],"y":[1]},"o":{"x":[0.167],"y":[0]},"t":-36,"s":[50]},{"i":{"x":[0.833],"y":[1]},"o":{"x":[0.621],"y":[0]},"t":20,"s":[50]},{"t":50,"s":[200]}],"ix":5},"lc":2,"lj":1,"ml":4,"bm":0,"nm":"Stroke 1","mn":"ADBE Vector Graphic - Stroke","hd":false},{"ty":"tr","p":{"a":1,"k":[{"i":{"x":0.833,"y":0.833},"o":{"x":0.167,"y":0.167},"t":-147,"s":[-77.139,132.136],"to":[9.19,-16.023],"ti":[-9.19,16.023]},{"t":-120.109375,"s":[-22,36]}],"ix":2},"a":{"a":0,"k":[0,0],"ix":1},"s":{"a":0,"k":[100,100],"ix":3},"r":{"a":0,"k":120,"ix":6},"o":{"a":0,"k":80,"ix":7},"sk":{"a":0,"k":0,"ix":4},"sa":{"a":0,"k":0,"ix":5},"nm":"Transform"}],"nm":"Ellipse 2","np":3,"cix":2,"bm":0,"ix":2,"mn":"ADBE Vector Group","hd":false},{"ty":"gr","it":[{"ind":0,"ty":"sh","ix":1,"ks":{"a":1,"k":[{"i":{"x":0.691,"y":0},"o":{"x":0.121,"y":0},"t":-70.939,"s":[{"i":[[0.86,61.298],[-75.128,-42.826]],"o":[[-1.156,-82.424],[32.371,18.452]],"v":[[-111,0],[54.733,-96.587]],"c":false}]},{"i":{"x":0,"y":1},"o":{"x":0.215,"y":0.695},"t":-49,"s":[{"i":[[-17.172,58.849],[-51.928,-10.915]],"o":[[13.691,-46.92],[36.464,7.664]],"v":[[-111,0],[54.733,-96.587]],"c":false}]},{"t":-21,"s":[{"i":[[-61.293,-1.138],[-31.905,50.325]],"o":[[44.956,0.835],[19.951,-31.469]],"v":[[-110.966,0.562],[54.483,-96.492]],"c":false}]}],"ix":2},"nm":"Path 1","mn":"ADBE Vector Shape - Group","hd":false},{"ty":"st","c":{"a":0,"k":[0.082352941176,0.666666666667,0.705882352941,1],"ix":3},"o":{"a":0,"k":100,"ix":4},"w":{"a":1,"k":[{"i":{"x":[0.667],"y":[1]},"o":{"x":[0.333],"y":[0]},"t":-147,"s":[120]},{"i":{"x":[0.833],"y":[1]},"o":{"x":[0.167],"y":[0]},"t":-110.383,"s":[30]},{"i":{"x":[0.833],"y":[1]},"o":{"x":[0.167],"y":[0]},"t":-66,"s":[30]},{"i":{"x":[0.833],"y":[1]},"o":{"x":[0.167],"y":[0]},"t":-36,"s":[50]},{"i":{"x":[0.833],"y":[1]},"o":{"x":[0.621],"y":[0]},"t":20,"s":[50]},{"t":50,"s":[200]}],"ix":5},"lc":2,"lj":1,"ml":4,"bm":0,"nm":"Stroke 1","mn":"ADBE Vector Graphic - Stroke","hd":false},{"ty":"tr","p":{"a":1,"k":[{"i":{"x":0.833,"y":0.833},"o":{"x":0.167,"y":0.167},"t":-147,"s":[-77.3,-60.25],"to":[9.217,16.042],"ti":[-9.217,-16.042]},{"t":-120.109375,"s":[-22,36]}],"ix":2},"a":{"a":0,"k":[0,0],"ix":1},"s":{"a":0,"k":[100,100],"ix":3},"r":{"a":0,"k":240,"ix":6},"o":{"a":0,"k":80,"ix":7},"sk":{"a":0,"k":0,"ix":4},"sa":{"a":0,"k":0,"ix":5},"nm":"Transform"}],"nm":"Ellipse 3","np":3,"cix":2,"bm":0,"ix":3,"mn":"ADBE Vector Group","hd":false},{"ty":"tm","s":{"a":0,"k":0,"ix":1},"e":{"a":1,"k":[{"i":{"x":[0.683],"y":[1]},"o":{"x":[0.369],"y":[0]},"t":-142,"s":[0.1]},{"t":-84,"s":[100]}],"ix":2},"o":{"a":0,"k":0,"ix":3},"m":1,"ix":4,"nm":"Trim Paths 1","mn":"ADBE Vector Filter - Trim","hd":false}],"ip":-159,"op":321,"st":-159,"bm":0},{"ddd":0,"ind":4,"ty":4,"nm":"Shape Layer 6","sr":1,"ks":{"o":{"a":0,"k":100,"ix":11},"r":{"a":1,"k":[{"i":{"x":[0.323],"y":[1]},"o":{"x":[0.653],"y":[0]},"t":41,"s":[-269.7]},{"t":148,"s":[570.3]}],"ix":10},"p":{"a":0,"k":[400,300.125,0],"ix":2},"a":{"a":0,"k":[-22,36,0],"ix":1},"s":{"a":1,"k":[{"i":{"x":[0.667,0.667,0.667],"y":[1,1,1]},"o":{"x":[0.333,0.333,0.333],"y":[0,0,0]},"t":41,"s":[0,0,100]},{"i":{"x":[0.667,0.667,0.667],"y":[1,1,1]},"o":{"x":[0.167,0.167,0.167],"y":[0,0,0]},"t":67,"s":[100,100,100]},{"i":{"x":[0.373,0.373,0.833],"y":[1,1,1]},"o":{"x":[0.498,0.498,0.167],"y":[0,0,0]},"t":86,"s":[100,100,100]},{"i":{"x":[0.182,0.182,0.833],"y":[1,1,1]},"o":{"x":[0.167,0.167,0.167],"y":[0,0,0]},"t":124,"s":[140,140,100]},{"i":{"x":[0.833,0.833,0.833],"y":[1,1,1]},"o":{"x":[0.167,0.167,0.167],"y":[0,0,0]},"t":167,"s":[100,100,100]},{"i":{"x":[0.833,0.833,0.833],"y":[1,1,1]},"o":{"x":[0.621,0.621,0.167],"y":[0,0,0]},"t":203,"s":[100,100,100]},{"t":233,"s":[0,0,100]}],"ix":6}},"ao":0,"shapes":[{"ty":"gr","it":[{"ind":0,"ty":"sh","ix":1,"ks":{"a":1,"k":[{"i":{"x":0.691,"y":0},"o":{"x":0.121,"y":0},"t":117.061,"s":[{"i":[[0.86,61.298],[-75.128,-42.826]],"o":[[-1.156,-82.424],[32.371,18.452]],"v":[[-111,0],[54.733,-96.587]],"c":false}]},{"i":{"x":0,"y":1},"o":{"x":0.215,"y":0.695},"t":139,"s":[{"i":[[-17.172,58.849],[-51.928,-10.915]],"o":[[13.691,-46.92],[36.464,7.664]],"v":[[-111,0],[54.733,-96.587]],"c":false}]},{"t":167,"s":[{"i":[[-61.293,-1.138],[-31.905,50.325]],"o":[[44.956,0.835],[19.951,-31.469]],"v":[[-111.051,0.718],[54.329,-95.916]],"c":false}]}],"ix":2},"nm":"Path 1","mn":"ADBE Vector Shape - Group","hd":false},{"ty":"st","c":{"a":0,"k":[0.058439000448,0.141008010565,0.392156982422,1],"ix":3},"o":{"a":0,"k":100,"ix":4},"w":{"a":1,"k":[{"i":{"x":[0.667],"y":[1]},"o":{"x":[0.333],"y":[0]},"t":41,"s":[120]},{"i":{"x":[0.833],"y":[1]},"o":{"x":[0.167],"y":[0]},"t":77.617,"s":[30]},{"i":{"x":[0.833],"y":[1]},"o":{"x":[0.167],"y":[0]},"t":122,"s":[30]},{"i":{"x":[0.833],"y":[1]},"o":{"x":[0.167],"y":[0]},"t":152,"s":[50]},{"i":{"x":[0.833],"y":[1]},"o":{"x":[0.621],"y":[0]},"t":208,"s":[50]},{"t":238,"s":[200]}],"ix":5},"lc":2,"lj":1,"ml":4,"bm":0,"nm":"Stroke 1","mn":"ADBE Vector Graphic - Stroke","hd":false},{"ty":"tr","p":{"a":1,"k":[{"i":{"x":0.833,"y":0.833},"o":{"x":0.167,"y":0.167},"t":41,"s":[89.759,36.172],"to":[-18.626,-0.029],"ti":[18.626,0.029]},{"t":67.890625,"s":[-22,36]}],"ix":2},"a":{"a":0,"k":[0,0],"ix":1},"s":{"a":0,"k":[100,100],"ix":3},"r":{"a":0,"k":0,"ix":6},"o":{"a":0,"k":80,"ix":7},"sk":{"a":0,"k":0,"ix":4},"sa":{"a":0,"k":0,"ix":5},"nm":"Transform"}],"nm":"Ellipse 1","np":3,"cix":2,"bm":0,"ix":1,"mn":"ADBE Vector Group","hd":false},{"ty":"gr","it":[{"ind":0,"ty":"sh","ix":1,"ks":{"a":1,"k":[{"i":{"x":0.691,"y":0},"o":{"x":0.121,"y":0},"t":117.061,"s":[{"i":[[0.86,61.298],[-75.128,-42.826]],"o":[[-1.156,-82.424],[32.371,18.452]],"v":[[-111,0],[54.733,-96.587]],"c":false}]},{"i":{"x":0,"y":1},"o":{"x":0.215,"y":0.695},"t":139,"s":[{"i":[[-17.172,58.849],[-51.928,-10.915]],"o":[[13.691,-46.92],[36.464,7.664]],"v":[[-111,0],[54.733,-96.587]],"c":false}]},{"t":167,"s":[{"i":[[-61.293,-1.138],[-31.905,50.325]],"o":[[44.956,0.835],[19.951,-31.469]],"v":[[-110.03,0.697],[55.148,-96.242]],"c":false}]}],"ix":2},"nm":"Path 1","mn":"ADBE Vector Shape - Group","hd":false},{"ty":"st","c":{"a":0,"k":[0.870588235294,0.145098039216,0.152941176471,1],"ix":3},"o":{"a":0,"k":100,"ix":4},"w":{"a":1,"k":[{"i":{"x":[0.667],"y":[1]},"o":{"x":[0.333],"y":[0]},"t":41,"s":[120]},{"i":{"x":[0.833],"y":[1]},"o":{"x":[0.167],"y":[0]},"t":77.617,"s":[30]},{"i":{"x":[0.833],"y":[1]},"o":{"x":[0.167],"y":[0]},"t":122,"s":[30]},{"i":{"x":[0.833],"y":[1]},"o":{"x":[0.167],"y":[0]},"t":152,"s":[50]},{"i":{"x":[0.833],"y":[1]},"o":{"x":[0.621],"y":[0]},"t":208,"s":[50]},{"t":238,"s":[200]}],"ix":5},"lc":2,"lj":1,"ml":4,"bm":0,"nm":"Stroke 1","mn":"ADBE Vector Graphic - Stroke","hd":false},{"ty":"tr","p":{"a":1,"k":[{"i":{"x":0.833,"y":0.833},"o":{"x":0.167,"y":0.167},"t":41,"s":[-77.139,132.136],"to":[9.19,-16.023],"ti":[-9.19,16.023]},{"t":67.890625,"s":[-22,36]}],"ix":2},"a":{"a":0,"k":[0,0],"ix":1},"s":{"a":0,"k":[100,100],"ix":3},"r":{"a":0,"k":120,"ix":6},"o":{"a":0,"k":80,"ix":7},"sk":{"a":0,"k":0,"ix":4},"sa":{"a":0,"k":0,"ix":5},"nm":"Transform"}],"nm":"Ellipse 2","np":3,"cix":2,"bm":0,"ix":2,"mn":"ADBE Vector Group","hd":false},{"ty":"gr","it":[{"ind":0,"ty":"sh","ix":1,"ks":{"a":1,"k":[{"i":{"x":0.691,"y":0},"o":{"x":0.121,"y":0},"t":117.061,"s":[{"i":[[0.86,61.298],[-75.128,-42.826]],"o":[[-1.156,-82.424],[32.371,18.452]],"v":[[-111,0],[54.733,-96.587]],"c":false}]},{"i":{"x":0,"y":1},"o":{"x":0.215,"y":0.695},"t":139,"s":[{"i":[[-17.172,58.849],[-51.928,-10.915]],"o":[[13.691,-46.92],[36.464,7.664]],"v":[[-111,0],[54.733,-96.587]],"c":false}]},{"t":167,"s":[{"i":[[-61.293,-1.138],[-31.905,50.325]],"o":[[44.956,0.835],[19.951,-31.469]],"v":[[-110.966,0.562],[54.483,-96.492]],"c":false}]}],"ix":2},"nm":"Path 1","mn":"ADBE Vector Shape - Group","hd":false},{"ty":"st","c":{"a":0,"k":[0.082352941176,0.666666666667,0.705882352941,1],"ix":3},"o":{"a":0,"k":100,"ix":4},"w":{"a":1,"k":[{"i":{"x":[0.667],"y":[1]},"o":{"x":[0.333],"y":[0]},"t":41,"s":[120]},{"i":{"x":[0.833],"y":[1]},"o":{"x":[0.167],"y":[0]},"t":77.617,"s":[30]},{"i":{"x":[0.833],"y":[1]},"o":{"x":[0.167],"y":[0]},"t":122,"s":[30]},{"i":{"x":[0.833],"y":[1]},"o":{"x":[0.167],"y":[0]},"t":152,"s":[50]},{"i":{"x":[0.833],"y":[1]},"o":{"x":[0.621],"y":[0]},"t":208,"s":[50]},{"t":238,"s":[200]}],"ix":5},"lc":2,"lj":1,"ml":4,"bm":0,"nm":"Stroke 1","mn":"ADBE Vector Graphic - Stroke","hd":false},{"ty":"tr","p":{"a":1,"k":[{"i":{"x":0.833,"y":0.833},"o":{"x":0.167,"y":0.167},"t":41,"s":[-77.3,-60.25],"to":[9.217,16.042],"ti":[-9.217,-16.042]},{"t":67.890625,"s":[-22,36]}],"ix":2},"a":{"a":0,"k":[0,0],"ix":1},"s":{"a":0,"k":[100,100],"ix":3},"r":{"a":0,"k":240,"ix":6},"o":{"a":0,"k":80,"ix":7},"sk":{"a":0,"k":0,"ix":4},"sa":{"a":0,"k":0,"ix":5},"nm":"Transform"}],"nm":"Ellipse 3","np":3,"cix":2,"bm":0,"ix":3,"mn":"ADBE Vector Group","hd":false},{"ty":"tm","s":{"a":0,"k":0,"ix":1},"e":{"a":1,"k":[{"i":{"x":[0.683],"y":[1]},"o":{"x":[0.369],"y":[0]},"t":46,"s":[0.1]},{"t":104,"s":[100]}],"ix":2},"o":{"a":0,"k":0,"ix":3},"m":1,"ix":4,"nm":"Trim Paths 1","mn":"ADBE Vector Filter - Trim","hd":false}],"ip":29,"op":509,"st":29,"bm":0}],"markers":[]}