{"v":"5.5.7","fr":30,"ip":0,"op":179,"w":480,"h":700,"nm":"charityboxreal","ddd":0,"assets":[{"id":"comp_0","layers":[{"ddd":0,"ind":1,"ty":4,"nm":"OBJECTS Outlines 2","sr":1,"ks":{"o":{"a":0,"k":100,"ix":11},"r":{"a":0,"k":0,"ix":10},"p":{"a":0,"k":[395.387,588.129,0],"ix":2},"a":{"a":0,"k":[266.634,202.101,0],"ix":1},"s":{"a":0,"k":[100,100,100],"ix":6}},"ao":0,"shapes":[{"ty":"gr","it":[{"ind":0,"ty":"sh","ix":1,"ks":{"a":0,"k":{"i":[[15.181,-17.998],[0.063,0.087],[0,0],[-0.047,-1.632],[-33.137,-8.786],[-0.206,-16.888]],"o":[[-0.063,-0.087],[0,0],[0.269,1.563],[0.383,-25.316],[20.638,5.464],[0.697,56.803]],"v":[[-43.31,84.586],[-43.508,84.347],[-44.987,-45.437],[-44.508,-40.62],[13.421,-75.801],[44.289,-23.756]],"c":true},"ix":2},"nm":"Path 1","mn":"ADBE Vector Shape - Group","hd":false},{"ty":"fl","c":{"a":0,"k":[0.556999954523,0.097999999102,0.054999998504,1],"ix":4},"o":{"a":0,"k":100,"ix":5},"r":1,"bm":0,"nm":"Fill 1","mn":"ADBE Vector Graphic - Fill","hd":false},{"ty":"tr","p":{"a":0,"k":[316.062,240.362],"ix":2},"a":{"a":0,"k":[0,0],"ix":1},"s":{"a":0,"k":[100,100],"ix":3},"r":{"a":0,"k":0,"ix":6},"o":{"a":0,"k":100,"ix":7},"sk":{"a":0,"k":0,"ix":4},"sa":{"a":0,"k":0,"ix":5},"nm":"Transform"}],"nm":"Group 1","np":4,"cix":2,"bm":0,"ix":1,"mn":"ADBE Vector Group","hd":false},{"ty":"gr","it":[{"ind":0,"ty":"sh","ix":1,"ks":{"a":0,"k":{"i":[[0,0],[0.704,57.386],[20.643,5.468],[-0.688,-26.158],[33.672,-9.6],[-0.109,-16.88],[-14.52,-17.589]],"o":[[14.178,-17.858],[-0.21,-16.88],[-33.85,-8.966],[0.191,-26.167],[-20.532,5.854],[0.377,57.39],[0,0]],"v":[[0.289,84.935],[88.324,-23.929],[57.447,-75.969],[-0.452,-39.132],[-59.031,-74.874],[-88.919,-22.262],[1.166,84.928]],"c":false},"ix":2},"nm":"Path 1","mn":"ADBE Vector Shape - Group","hd":false},{"ty":"fl","c":{"a":0,"k":[0.685999971278,0.122000002394,0.090000002992,1],"ix":4},"o":{"a":0,"k":100,"ix":5},"r":1,"bm":0,"nm":"Fill 1","mn":"ADBE Vector Graphic - Fill","hd":false},{"ty":"tr","p":{"a":0,"k":[272.032,240.527],"ix":2},"a":{"a":0,"k":[0,0],"ix":1},"s":{"a":0,"k":[100,100],"ix":3},"r":{"a":0,"k":0,"ix":6},"o":{"a":0,"k":100,"ix":7},"sk":{"a":0,"k":0,"ix":4},"sa":{"a":0,"k":0,"ix":5},"nm":"Transform"}],"nm":"Group 3","np":4,"cix":2,"bm":0,"ix":2,"mn":"ADBE Vector Group","hd":false},{"ty":"gr","it":[{"ind":0,"ty":"sh","ix":1,"ks":{"a":0,"k":{"i":[[0,0],[0.704,57.386],[20.643,5.468],[-0.688,-26.158],[33.672,-9.6],[-0.109,-16.88],[-14.52,-17.589]],"o":[[14.178,-17.858],[-0.21,-16.88],[-33.85,-8.966],[0.191,-26.167],[-20.532,5.854],[0.377,57.39],[0,0]],"v":[[0.584,81.553],[88.619,-27.311],[57.742,-79.351],[-0.157,-42.514],[-58.736,-78.256],[-88.624,-25.644],[1.461,81.546]],"c":false},"ix":2},"nm":"Path 1","mn":"ADBE Vector Shape - Group","hd":false},{"ty":"fl","c":{"a":0,"k":[0.556999954523,0.097999999102,0.054999998504,1],"ix":4},"o":{"a":0,"k":100,"ix":5},"r":1,"bm":0,"nm":"Fill 1","mn":"ADBE Vector Graphic - Fill","hd":false},{"ty":"tr","p":{"a":0,"k":[258.737,250.909],"ix":2},"a":{"a":0,"k":[0,0],"ix":1},"s":{"a":0,"k":[100,100],"ix":3},"r":{"a":0,"k":0,"ix":6},"o":{"a":0,"k":49,"ix":7},"sk":{"a":0,"k":0,"ix":4},"sa":{"a":0,"k":0,"ix":5},"nm":"Transform"}],"nm":"Group 6","np":4,"cix":2,"bm":0,"ix":3,"mn":"ADBE Vector Group","hd":false},{"ty":"gr","it":[{"ind":0,"ty":"sh","ix":1,"ks":{"a":0,"k":{"i":[[0,0],[0,0]],"o":[[0,0],[0,0]],"v":[[204.624,30.865],[338.85,30.865]],"c":false},"ix":2},"nm":"Path 1","mn":"ADBE Vector Shape - Group","hd":false},{"ty":"st","c":{"a":0,"k":[0.447000002394,0.4,0.344999994016,1],"ix":3},"o":{"a":0,"k":100,"ix":4},"w":{"a":0,"k":4,"ix":5},"lc":2,"lj":1,"ml":10,"bm":0,"nm":"Stroke 1","mn":"ADBE Vector Graphic - Stroke","hd":false},{"ty":"tr","p":{"a":0,"k":[0,0],"ix":2},"a":{"a":0,"k":[0,0],"ix":1},"s":{"a":0,"k":[100,100],"ix":3},"r":{"a":0,"k":0,"ix":6},"o":{"a":0,"k":100,"ix":7},"sk":{"a":0,"k":0,"ix":4},"sa":{"a":0,"k":0,"ix":5},"nm":"Transform"}],"nm":"Group 7","np":2,"cix":2,"bm":0,"ix":4,"mn":"ADBE Vector Group","hd":false},{"ty":"gr","it":[{"ind":0,"ty":"sh","ix":1,"ks":{"a":0,"k":{"i":[[0,0],[0,0],[0,0],[0,0]],"o":[[0,0],[0,0],[0,0],[0,0]],"v":[[-190.129,-30.614],[-239.775,30.614],[239.776,30.614],[190.13,-30.614]],"c":true},"ix":2},"nm":"Path 1","mn":"ADBE Vector Shape - Group","hd":false},{"ty":"fl","c":{"a":0,"k":[0.847000002394,0.611999990426,0.368999974868,1],"ix":4},"o":{"a":0,"k":100,"ix":5},"r":1,"bm":0,"nm":"Fill 1","mn":"ADBE Vector Graphic - Fill","hd":false},{"ty":"tr","p":{"a":0,"k":[271.737,30.864],"ix":2},"a":{"a":0,"k":[0,0],"ix":1},"s":{"a":0,"k":[100,100],"ix":3},"r":{"a":0,"k":0,"ix":6},"o":{"a":0,"k":100,"ix":7},"sk":{"a":0,"k":0,"ix":4},"sa":{"a":0,"k":0,"ix":5},"nm":"Transform"}],"nm":"Group 8","np":2,"cix":2,"bm":0,"ix":5,"mn":"ADBE Vector Group","hd":false},{"ty":"gr","it":[{"ind":0,"ty":"sh","ix":1,"ks":{"a":0,"k":{"i":[[0,0],[0,0],[0,0],[0,0]],"o":[[0,0],[0,0],[0,0],[0,0]],"v":[[239.286,23.469],[-239.286,23.469],[-239.286,-23.469],[239.286,-23.469]],"c":true},"ix":2},"nm":"Path 1","mn":"ADBE Vector Shape - Group","hd":false},{"ty":"fl","c":{"a":0,"k":[0.830999995213,0.513999968884,0.337000020345,1],"ix":4},"o":{"a":0,"k":100,"ix":5},"r":1,"bm":0,"nm":"Fill 1","mn":"ADBE Vector Graphic - Fill","hd":false},{"ty":"tr","p":{"a":0,"k":[271.246,84.947],"ix":2},"a":{"a":0,"k":[0,0],"ix":1},"s":{"a":0,"k":[100,100],"ix":3},"r":{"a":0,"k":0,"ix":6},"o":{"a":0,"k":100,"ix":7},"sk":{"a":0,"k":0,"ix":4},"sa":{"a":0,"k":0,"ix":5},"nm":"Transform"}],"nm":"Group 9","np":2,"cix":2,"bm":0,"ix":6,"mn":"ADBE Vector Group","hd":false},{"ty":"gr","it":[{"ind":0,"ty":"sh","ix":1,"ks":{"a":0,"k":{"i":[[0,0],[0,0],[0,0],[0,0]],"o":[[0,0],[0,0],[0,0],[0,0]],"v":[[225.51,3.5],[-225.51,3.5],[-225.51,-3.5],[225.51,-3.5]],"c":true},"ix":2},"nm":"Path 1","mn":"ADBE Vector Shape - Group","hd":false},{"ty":"fl","c":{"a":0,"k":[0.143391014548,0.145098039216,0.145098039216,1],"ix":4},"o":{"a":0,"k":100,"ix":5},"r":1,"bm":0,"nm":"Fill 1","mn":"ADBE Vector Graphic - Fill","hd":false},{"ty":"tr","p":{"a":0,"k":[271.247,111.917],"ix":2},"a":{"a":0,"k":[0,0],"ix":1},"s":{"a":0,"k":[100,100],"ix":3},"r":{"a":0,"k":0,"ix":6},"o":{"a":0,"k":28,"ix":7},"sk":{"a":0,"k":0,"ix":4},"sa":{"a":0,"k":0,"ix":5},"nm":"Transform"}],"nm":"Group 10","np":4,"cix":2,"bm":0,"ix":7,"mn":"ADBE Vector Group","hd":false},{"ty":"gr","it":[{"ind":0,"ty":"sh","ix":1,"ks":{"a":0,"k":{"i":[[0,0],[0,0],[0,0],[0,0]],"o":[[0,0],[0,0],[0,0],[0,0]],"v":[[225.51,124.49],[-225.51,124.49],[-225.51,-124.49],[225.51,-124.49]],"c":true},"ix":2},"nm":"Path 1","mn":"ADBE Vector Shape - Group","hd":false},{"ty":"fl","c":{"a":0,"k":[0.830999995213,0.513999968884,0.337000020345,1],"ix":4},"o":{"a":0,"k":100,"ix":5},"r":1,"bm":0,"nm":"Fill 1","mn":"ADBE Vector Graphic - Fill","hd":false},{"ty":"tr","p":{"a":0,"k":[271.247,232.907],"ix":2},"a":{"a":0,"k":[0,0],"ix":1},"s":{"a":0,"k":[100,100],"ix":3},"r":{"a":0,"k":0,"ix":6},"o":{"a":0,"k":100,"ix":7},"sk":{"a":0,"k":0,"ix":4},"sa":{"a":0,"k":0,"ix":5},"nm":"Transform"}],"nm":"Group 11","np":2,"cix":2,"bm":0,"ix":8,"mn":"ADBE Vector Group","hd":false}],"ip":0,"op":18414,"st":0,"bm":0},{"ddd":0,"ind":2,"ty":4,"nm":"OBJECTS Outlines","td":1,"sr":1,"ks":{"o":{"a":0,"k":100,"ix":11},"r":{"a":0,"k":0,"ix":10},"p":{"a":0,"k":[395.387,588.129,0],"ix":2},"a":{"a":0,"k":[266.634,202.101,0],"ix":1},"s":{"a":0,"k":[100,100,100],"ix":6}},"ao":0,"shapes":[{"ty":"gr","it":[{"ind":0,"ty":"sh","ix":1,"ks":{"a":0,"k":{"i":[[15.181,-17.998],[0.063,0.087],[0,0],[-0.047,-1.632],[-33.137,-8.786],[-0.206,-16.888]],"o":[[-0.063,-0.087],[0,0],[0.269,1.563],[0.383,-25.316],[20.638,5.464],[0.697,56.803]],"v":[[-43.31,84.586],[-43.508,84.347],[-44.987,-45.437],[-44.508,-40.62],[13.421,-75.801],[44.289,-23.756]],"c":true},"ix":2},"nm":"Path 1","mn":"ADBE Vector Shape - Group","hd":false},{"ty":"fl","c":{"a":0,"k":[0.556999954523,0.097999999102,0.054999998504,1],"ix":4},"o":{"a":0,"k":100,"ix":5},"r":1,"bm":0,"nm":"Fill 1","mn":"ADBE Vector Graphic - Fill","hd":false},{"ty":"tr","p":{"a":0,"k":[316.062,240.362],"ix":2},"a":{"a":0,"k":[0,0],"ix":1},"s":{"a":0,"k":[100,100],"ix":3},"r":{"a":0,"k":0,"ix":6},"o":{"a":0,"k":100,"ix":7},"sk":{"a":0,"k":0,"ix":4},"sa":{"a":0,"k":0,"ix":5},"nm":"Transform"}],"nm":"Group 1","np":4,"cix":2,"bm":0,"ix":1,"mn":"ADBE Vector Group","hd":false},{"ty":"gr","it":[{"ind":0,"ty":"sh","ix":1,"ks":{"a":0,"k":{"i":[[-0.066,0.07],[-0.148,-0.18],[0,0],[0,0],[-0.073,0.091]],"o":[[0.154,0.159],[0,0],[0,0],[0.073,-0.09],[0.065,-0.07]],"v":[[-0.011,-0.261],[0.439,0.257],[-0.214,0.261],[-0.439,0.261],[-0.215,-0.031]],"c":true},"ix":2},"nm":"Path 1","mn":"ADBE Vector Shape - Group","hd":false},{"ty":"fl","c":{"a":0,"k":[0.685999971278,0.122000002394,0.090000002992,1],"ix":4},"o":{"a":0,"k":100,"ix":5},"r":1,"bm":0,"nm":"Fill 1","mn":"ADBE Vector Graphic - Fill","hd":false},{"ty":"tr","p":{"a":0,"k":[272.763,325.209],"ix":2},"a":{"a":0,"k":[0,0],"ix":1},"s":{"a":0,"k":[100,100],"ix":3},"r":{"a":0,"k":0,"ix":6},"o":{"a":0,"k":100,"ix":7},"sk":{"a":0,"k":0,"ix":4},"sa":{"a":0,"k":0,"ix":5},"nm":"Transform"}],"nm":"Group 2","np":4,"cix":2,"bm":0,"ix":2,"mn":"ADBE Vector Group","hd":false},{"ty":"gr","it":[{"ind":0,"ty":"sh","ix":1,"ks":{"a":0,"k":{"i":[[0,0],[0.704,57.386],[20.643,5.468],[-0.688,-26.158],[33.672,-9.6],[-0.109,-16.88],[-14.52,-17.589]],"o":[[14.178,-17.858],[-0.21,-16.88],[-33.85,-8.966],[0.191,-26.167],[-20.532,5.854],[0.377,57.39],[0,0]],"v":[[0.289,84.935],[88.324,-23.929],[57.447,-75.969],[-0.452,-39.132],[-59.031,-74.874],[-88.919,-22.262],[1.166,84.928]],"c":false},"ix":2},"nm":"Path 1","mn":"ADBE Vector Shape - Group","hd":false},{"ty":"fl","c":{"a":0,"k":[0.685999971278,0.122000002394,0.090000002992,1],"ix":4},"o":{"a":0,"k":100,"ix":5},"r":1,"bm":0,"nm":"Fill 1","mn":"ADBE Vector Graphic - Fill","hd":false},{"ty":"tr","p":{"a":0,"k":[272.032,240.527],"ix":2},"a":{"a":0,"k":[0,0],"ix":1},"s":{"a":0,"k":[100,100],"ix":3},"r":{"a":0,"k":0,"ix":6},"o":{"a":0,"k":100,"ix":7},"sk":{"a":0,"k":0,"ix":4},"sa":{"a":0,"k":0,"ix":5},"nm":"Transform"}],"nm":"Group 3","np":4,"cix":2,"bm":0,"ix":3,"mn":"ADBE Vector Group","hd":false},{"ty":"gr","it":[{"ind":0,"ty":"sh","ix":1,"ks":{"a":0,"k":{"i":[[-0.066,0.07],[-0.148,-0.18],[0,0],[0,0],[-0.072,0.091]],"o":[[0.154,0.159],[0,0],[0,0],[0.073,-0.09],[0.066,-0.07]],"v":[[-0.011,-0.261],[0.439,0.257],[-0.214,0.261],[-0.439,0.261],[-0.216,-0.031]],"c":true},"ix":2},"nm":"Path 1","mn":"ADBE Vector Shape - Group","hd":false},{"ty":"fl","c":{"a":0,"k":[0.556999954523,0.097999999102,0.054999998504,1],"ix":4},"o":{"a":0,"k":100,"ix":5},"r":1,"bm":0,"nm":"Fill 1","mn":"ADBE Vector Graphic - Fill","hd":false},{"ty":"tr","p":{"a":0,"k":[259.763,332.209],"ix":2},"a":{"a":0,"k":[0,0],"ix":1},"s":{"a":0,"k":[100,100],"ix":3},"r":{"a":0,"k":0,"ix":6},"o":{"a":0,"k":100,"ix":7},"sk":{"a":0,"k":0,"ix":4},"sa":{"a":0,"k":0,"ix":5},"nm":"Transform"}],"nm":"Group 5","np":4,"cix":2,"bm":0,"ix":5,"mn":"ADBE Vector Group","hd":false},{"ty":"gr","it":[{"ind":0,"ty":"sh","ix":1,"ks":{"a":0,"k":{"i":[[0,0],[0.704,57.386],[20.643,5.468],[-0.688,-26.158],[33.672,-9.6],[-0.109,-16.88],[-14.52,-17.589]],"o":[[14.178,-17.858],[-0.21,-16.88],[-33.85,-8.966],[0.191,-26.167],[-20.532,5.854],[0.377,57.39],[0,0]],"v":[[0.584,81.553],[88.619,-27.311],[57.742,-79.351],[-0.157,-42.514],[-58.736,-78.256],[-88.624,-25.644],[1.461,81.546]],"c":false},"ix":2},"nm":"Path 1","mn":"ADBE Vector Shape - Group","hd":false},{"ty":"fl","c":{"a":0,"k":[0.556999954523,0.097999999102,0.054999998504,1],"ix":4},"o":{"a":0,"k":100,"ix":5},"r":1,"bm":0,"nm":"Fill 1","mn":"ADBE Vector Graphic - Fill","hd":false},{"ty":"tr","p":{"a":0,"k":[258.737,250.909],"ix":2},"a":{"a":0,"k":[0,0],"ix":1},"s":{"a":0,"k":[100,100],"ix":3},"r":{"a":0,"k":0,"ix":6},"o":{"a":0,"k":49,"ix":7},"sk":{"a":0,"k":0,"ix":4},"sa":{"a":0,"k":0,"ix":5},"nm":"Transform"}],"nm":"Group 6","np":4,"cix":2,"bm":0,"ix":6,"mn":"ADBE Vector Group","hd":false},{"ty":"gr","it":[{"ind":0,"ty":"sh","ix":1,"ks":{"a":0,"k":{"i":[[0,0],[0,0]],"o":[[0,0],[0,0]],"v":[[204.624,30.865],[338.85,30.865]],"c":false},"ix":2},"nm":"Path 1","mn":"ADBE Vector Shape - Group","hd":false},{"ty":"st","c":{"a":0,"k":[0.447000002394,0.4,0.344999994016,1],"ix":3},"o":{"a":0,"k":100,"ix":4},"w":{"a":0,"k":4,"ix":5},"lc":2,"lj":1,"ml":10,"bm":0,"nm":"Stroke 1","mn":"ADBE Vector Graphic - Stroke","hd":false},{"ty":"tr","p":{"a":0,"k":[0,0],"ix":2},"a":{"a":0,"k":[0,0],"ix":1},"s":{"a":0,"k":[100,100],"ix":3},"r":{"a":0,"k":0,"ix":6},"o":{"a":0,"k":100,"ix":7},"sk":{"a":0,"k":0,"ix":4},"sa":{"a":0,"k":0,"ix":5},"nm":"Transform"}],"nm":"Group 7","np":2,"cix":2,"bm":0,"ix":7,"mn":"ADBE Vector Group","hd":false},{"ty":"gr","it":[{"ind":0,"ty":"sh","ix":1,"ks":{"a":0,"k":{"i":[[0,0],[0,0],[0,0],[0,0]],"o":[[0,0],[0,0],[0,0],[0,0]],"v":[[-190.129,-30.614],[-239.775,30.614],[239.776,30.614],[190.13,-30.614]],"c":true},"ix":2},"nm":"Path 1","mn":"ADBE Vector Shape - Group","hd":false},{"ty":"fl","c":{"a":0,"k":[0.847000002394,0.611999990426,0.368999974868,1],"ix":4},"o":{"a":0,"k":100,"ix":5},"r":1,"bm":0,"nm":"Fill 1","mn":"ADBE Vector Graphic - Fill","hd":false},{"ty":"tr","p":{"a":0,"k":[271.737,30.864],"ix":2},"a":{"a":0,"k":[0,0],"ix":1},"s":{"a":0,"k":[100,100],"ix":3},"r":{"a":0,"k":0,"ix":6},"o":{"a":0,"k":100,"ix":7},"sk":{"a":0,"k":0,"ix":4},"sa":{"a":0,"k":0,"ix":5},"nm":"Transform"}],"nm":"Group 8","np":2,"cix":2,"bm":0,"ix":8,"mn":"ADBE Vector Group","hd":false},{"ty":"gr","it":[{"ind":0,"ty":"sh","ix":1,"ks":{"a":0,"k":{"i":[[0,0],[0,0],[0,0],[0,0]],"o":[[0,0],[0,0],[0,0],[0,0]],"v":[[239.286,23.469],[-239.286,23.469],[-239.286,-23.469],[239.286,-23.469]],"c":true},"ix":2},"nm":"Path 1","mn":"ADBE Vector Shape - Group","hd":false},{"ty":"fl","c":{"a":0,"k":[0.830999995213,0.513999968884,0.337000020345,1],"ix":4},"o":{"a":0,"k":100,"ix":5},"r":1,"bm":0,"nm":"Fill 1","mn":"ADBE Vector Graphic - Fill","hd":false},{"ty":"tr","p":{"a":0,"k":[271.246,84.947],"ix":2},"a":{"a":0,"k":[0,0],"ix":1},"s":{"a":0,"k":[100,100],"ix":3},"r":{"a":0,"k":0,"ix":6},"o":{"a":0,"k":100,"ix":7},"sk":{"a":0,"k":0,"ix":4},"sa":{"a":0,"k":0,"ix":5},"nm":"Transform"}],"nm":"Group 9","np":2,"cix":2,"bm":0,"ix":9,"mn":"ADBE Vector Group","hd":false},{"ty":"gr","it":[{"ind":0,"ty":"sh","ix":1,"ks":{"a":0,"k":{"i":[[0,0],[0,0],[0,0],[0,0]],"o":[[0,0],[0,0],[0,0],[0,0]],"v":[[225.51,3.5],[-225.51,3.5],[-225.51,-3.5],[225.51,-3.5]],"c":true},"ix":2},"nm":"Path 1","mn":"ADBE Vector Shape - Group","hd":false},{"ty":"fl","c":{"a":0,"k":[0.143391014548,0.145098039216,0.145098039216,1],"ix":4},"o":{"a":0,"k":100,"ix":5},"r":1,"bm":0,"nm":"Fill 1","mn":"ADBE Vector Graphic - Fill","hd":false},{"ty":"tr","p":{"a":0,"k":[271.247,111.917],"ix":2},"a":{"a":0,"k":[0,0],"ix":1},"s":{"a":0,"k":[100,100],"ix":3},"r":{"a":0,"k":0,"ix":6},"o":{"a":0,"k":28,"ix":7},"sk":{"a":0,"k":0,"ix":4},"sa":{"a":0,"k":0,"ix":5},"nm":"Transform"}],"nm":"Group 10","np":4,"cix":2,"bm":0,"ix":10,"mn":"ADBE Vector Group","hd":false},{"ty":"gr","it":[{"ind":0,"ty":"sh","ix":1,"ks":{"a":0,"k":{"i":[[0,0],[0,0],[0,0],[0,0]],"o":[[0,0],[0,0],[0,0],[0,0]],"v":[[225.51,124.49],[-225.51,124.49],[-225.51,-124.49],[225.51,-124.49]],"c":true},"ix":2},"nm":"Path 1","mn":"ADBE Vector Shape - Group","hd":false},{"ty":"fl","c":{"a":0,"k":[0.830999995213,0.513999968884,0.337000020345,1],"ix":4},"o":{"a":0,"k":100,"ix":5},"r":1,"bm":0,"nm":"Fill 1","mn":"ADBE Vector Graphic - Fill","hd":false},{"ty":"tr","p":{"a":0,"k":[271.247,232.907],"ix":2},"a":{"a":0,"k":[0,0],"ix":1},"s":{"a":0,"k":[100,100],"ix":3},"r":{"a":0,"k":0,"ix":6},"o":{"a":0,"k":100,"ix":7},"sk":{"a":0,"k":0,"ix":4},"sa":{"a":0,"k":0,"ix":5},"nm":"Transform"}],"nm":"Group 11","np":2,"cix":2,"bm":0,"ix":11,"mn":"ADBE Vector Group","hd":false},{"ty":"gr","it":[{"ind":0,"ty":"sh","ix":1,"ks":{"a":0,"k":{"i":[[0,-33.385],[147.258,0],[0,33.385],[-147.258,0]],"o":[[0,33.385],[-147.258,0],[0,-33.385],[147.258,0]],"v":[[266.635,0],[0,60.449],[-266.635,0],[0,-60.449]],"c":true},"ix":2},"nm":"Path 1","mn":"ADBE Vector Shape - Group","hd":false},{"ty":"fl","c":{"a":0,"k":[0.132287597656,0.132810465495,0.133333333333,1],"ix":4},"o":{"a":0,"k":100,"ix":5},"r":1,"bm":0,"nm":"Fill 1","mn":"ADBE Vector Graphic - Fill","hd":false},{"ty":"tr","p":{"a":0,"k":[266.634,343.752],"ix":2},"a":{"a":0,"k":[0,0],"ix":1},"s":{"a":0,"k":[100,100],"ix":3},"r":{"a":0,"k":0,"ix":6},"o":{"a":0,"k":13,"ix":7},"sk":{"a":0,"k":0,"ix":4},"sa":{"a":0,"k":0,"ix":5},"nm":"Transform"}],"nm":"Group 12","np":4,"cix":2,"bm":0,"ix":12,"mn":"ADBE Vector Group","hd":false}],"ip":0,"op":18414,"st":0,"bm":0},{"ddd":0,"ind":3,"ty":4,"nm":"Shape Layer 1","tt":1,"sr":1,"ks":{"o":{"a":0,"k":100,"ix":11},"r":{"a":0,"k":0,"ix":10},"p":{"a":0,"k":[400,400,0],"ix":2},"a":{"a":0,"k":[0,0,0],"ix":1},"s":{"a":0,"k":[100,100,100],"ix":6}},"ao":0,"shapes":[{"ty":"gr","it":[{"ty":"rc","d":1,"s":{"a":0,"k":[608,187],"ix":2},"p":{"a":0,"k":[0,0],"ix":3},"r":{"a":0,"k":0,"ix":4},"nm":"Rectangle Path 1","mn":"ADBE Vector Shape - Rect","hd":false},{"ty":"fl","c":{"a":0,"k":[0.831372608858,0.513725490196,0.337254901961,1],"ix":4},"o":{"a":0,"k":100,"ix":5},"r":1,"bm":0,"nm":"Fill 1","mn":"ADBE Vector Graphic - Fill","hd":false},{"ty":"tr","p":{"a":0,"k":[14,74.5],"ix":2},"a":{"a":0,"k":[0,0],"ix":1},"s":{"a":0,"k":[100,100],"ix":3},"r":{"a":0,"k":0,"ix":6},"o":{"a":0,"k":100,"ix":7},"sk":{"a":0,"k":0,"ix":4},"sa":{"a":0,"k":0,"ix":5},"nm":"Transform"}],"nm":"Rectangle 1","np":3,"cix":2,"bm":0,"ix":1,"mn":"ADBE Vector Group","hd":false}],"ip":0,"op":18414,"st":0,"bm":0}]},{"id":"comp_1","layers":[{"ddd":0,"ind":1,"ty":4,"nm":"Layer 4 Outlines","sr":1,"ks":{"o":{"a":0,"k":100,"ix":11},"r":{"a":0,"k":0,"ix":10},"p":{"a":0,"k":[444.154,221.332,0],"ix":2},"a":{"a":0,"k":[45.237,84.837,0],"ix":1},"s":{"a":0,"k":[100,100,100],"ix":6}},"ao":0,"shapes":[{"ty":"gr","it":[{"ind":0,"ty":"sh","ix":1,"ks":{"a":0,"k":{"i":[[15.181,-17.998],[0.063,0.086],[0,0],[-0.047,-1.632],[-33.138,-8.786],[-0.206,-16.889]],"o":[[-0.063,-0.086],[0,0],[0.269,1.564],[0.383,-25.316],[20.638,5.464],[0.697,56.803]],"v":[[-43.31,84.587],[-43.508,84.348],[-44.987,-45.436],[-44.509,-40.619],[13.422,-75.8],[44.289,-23.755]],"c":true},"ix":2},"nm":"Path 1","mn":"ADBE Vector Shape - Group","hd":false},{"ty":"fl","c":{"a":0,"k":[0.556999954523,0.097999999102,0.054999998504,1],"ix":4},"o":{"a":0,"k":100,"ix":5},"r":1,"bm":0,"nm":"Fill 1","mn":"ADBE Vector Graphic - Fill","hd":false},{"ty":"tr","p":{"a":0,"k":[45.236,84.837],"ix":2},"a":{"a":0,"k":[0,0],"ix":1},"s":{"a":0,"k":[100,100],"ix":3},"r":{"a":0,"k":0,"ix":6},"o":{"a":0,"k":100,"ix":7},"sk":{"a":0,"k":0,"ix":4},"sa":{"a":0,"k":0,"ix":5},"nm":"Transform"}],"nm":"Group 1","np":4,"cix":2,"bm":0,"ix":1,"mn":"ADBE Vector Group","hd":false}],"ip":0,"op":300,"st":0,"bm":0},{"ddd":0,"ind":3,"ty":4,"nm":"heart Outlines","sr":1,"ks":{"o":{"a":0,"k":100,"ix":11},"r":{"a":0,"k":0,"ix":10},"p":{"a":0,"k":[400.124,221.498,0],"ix":2},"a":{"a":0,"k":[89.279,85.186,0],"ix":1},"s":{"a":0,"k":[100,100,100],"ix":6}},"ao":0,"shapes":[{"ty":"gr","it":[{"ind":0,"ty":"sh","ix":1,"ks":{"a":0,"k":{"i":[[0,0],[0.705,57.387],[20.642,5.469],[-0.687,-26.158],[33.672,-9.601],[-0.109,-16.879],[-14.52,-17.59]],"o":[[14.178,-17.859],[-0.209,-16.88],[-33.85,-8.966],[0.191,-26.167],[-20.532,5.854],[0.377,57.39],[0,0]],"v":[[0.289,84.935],[88.324,-23.93],[57.447,-75.969],[-0.453,-39.131],[-59.031,-74.873],[-88.919,-22.263],[1.166,84.928]],"c":false},"ix":2},"nm":"Path 1","mn":"ADBE Vector Shape - Group","hd":false},{"ty":"fl","c":{"a":0,"k":[0.685999971278,0.122000002394,0.090000002992,1],"ix":4},"o":{"a":0,"k":100,"ix":5},"r":1,"bm":0,"nm":"Fill 1","mn":"ADBE Vector Graphic - Fill","hd":false},{"ty":"tr","p":{"a":0,"k":[89.278,85.186],"ix":2},"a":{"a":0,"k":[0,0],"ix":1},"s":{"a":0,"k":[100,100],"ix":3},"r":{"a":0,"k":0,"ix":6},"o":{"a":0,"k":100,"ix":7},"sk":{"a":0,"k":0,"ix":4},"sa":{"a":0,"k":0,"ix":5},"nm":"Transform"}],"nm":"Group 1","np":4,"cix":2,"bm":0,"ix":1,"mn":"ADBE Vector Group","hd":false}],"ip":0,"op":300,"st":0,"bm":0}]},{"id":"comp_2","layers":[{"ddd":0,"ind":1,"ty":4,"nm":"bg Outlines","sr":1,"ks":{"o":{"a":0,"k":100,"ix":11},"r":{"a":0,"k":0,"ix":10},"p":{"a":0,"k":[399.5,554,0],"ix":2},"a":{"a":0,"k":[267.5,61,0],"ix":1},"s":{"a":0,"k":[100,100,100],"ix":6}},"ao":0,"shapes":[{"ty":"gr","it":[{"ind":0,"ty":"sh","ix":1,"ks":{"a":0,"k":{"i":[[0,-33.385],[147.258,0],[0,33.385],[-147.258,0]],"o":[[0,33.385],[-147.258,0],[0,-33.385],[147.258,0]],"v":[[266.635,0],[0,60.449],[-266.635,0],[0,-60.449]],"c":true},"ix":2},"nm":"Path 1","mn":"ADBE Vector Shape - Group","hd":false},{"ty":"fl","c":{"a":0,"k":[0.247058823529,0.247058823529,0.247058823529,1],"ix":4},"o":{"a":0,"k":100,"ix":5},"r":1,"bm":0,"nm":"Fill 1","mn":"ADBE Vector Graphic - Fill","hd":false},{"ty":"tr","p":{"a":0,"k":[267.138,60.826],"ix":2},"a":{"a":0,"k":[0,0],"ix":1},"s":{"a":0,"k":[100,100],"ix":3},"r":{"a":0,"k":0,"ix":6},"o":{"a":0,"k":100,"ix":7},"sk":{"a":0,"k":0,"ix":4},"sa":{"a":0,"k":0,"ix":5},"nm":"Transform"}],"nm":"Group 1","np":4,"cix":2,"bm":0,"ix":1,"mn":"ADBE Vector Group","hd":false}],"ip":0,"op":4050.05005005005,"st":0,"bm":0}]},{"id":"comp_3","layers":[{"ddd":0,"ind":1,"ty":4,"nm":"heart Outlines 17","sr":1,"ks":{"o":{"a":1,"k":[{"i":{"x":[0.833],"y":[0.833]},"o":{"x":[0.167],"y":[0.167]},"t":88,"s":[100]},{"t":93,"s":[0]}],"ix":11},"r":{"a":0,"k":0,"ix":10},"p":{"a":1,"k":[{"i":{"x":0.833,"y":0.833},"o":{"x":0.167,"y":0.167},"t":33,"s":[454.124,144.502,0],"to":[0,69.167,0],"ti":[0,-69.167,0]},{"t":93,"s":[454.124,559.502,0]}],"ix":2},"a":{"a":0,"k":[89.279,85.19,0],"ix":1},"s":{"a":0,"k":[44,44,100],"ix":6}},"ao":0,"shapes":[{"ty":"gr","it":[{"ind":0,"ty":"sh","ix":1,"ks":{"a":0,"k":{"i":[[15.181,-17.998],[0.063,0.086],[0,0],[-0.047,-1.632],[-33.138,-8.786],[-0.206,-16.889]],"o":[[-0.063,-0.086],[0,0],[0.269,1.564],[0.383,-25.316],[20.638,5.464],[0.697,56.803]],"v":[[-43.31,84.587],[-43.508,84.348],[-44.987,-45.436],[-44.509,-40.619],[13.422,-75.8],[44.289,-23.755]],"c":true},"ix":2},"nm":"Path 1","mn":"ADBE Vector Shape - Group","hd":false},{"ty":"fl","c":{"a":0,"k":[0.792156922583,0,0.298039215686,1],"ix":4},"o":{"a":0,"k":100,"ix":5},"r":1,"bm":0,"nm":"Fill 1","mn":"ADBE Vector Graphic - Fill","hd":false},{"ty":"tr","p":{"a":0,"k":[133.308,85.02],"ix":2},"a":{"a":0,"k":[0,0],"ix":1},"s":{"a":0,"k":[100,100],"ix":3},"r":{"a":0,"k":0,"ix":6},"o":{"a":0,"k":100,"ix":7},"sk":{"a":0,"k":0,"ix":4},"sa":{"a":0,"k":0,"ix":5},"nm":"Transform"}],"nm":"Group 1","np":4,"cix":2,"bm":0,"ix":1,"mn":"ADBE Vector Group","hd":false},{"ty":"gr","it":[{"ind":0,"ty":"sh","ix":1,"ks":{"a":0,"k":{"i":[[0,0],[0.705,57.387],[20.642,5.469],[-0.687,-26.158],[33.672,-9.601],[-0.109,-16.879],[-14.52,-17.59]],"o":[[14.178,-17.859],[-0.209,-16.88],[-33.85,-8.966],[0.191,-26.167],[-20.532,5.854],[0.377,57.39],[0,0]],"v":[[0.289,84.935],[88.324,-23.93],[57.447,-75.969],[-0.453,-39.131],[-59.031,-74.873],[-88.919,-22.263],[1.166,84.928]],"c":false},"ix":2},"nm":"Path 1","mn":"ADBE Vector Shape - Group","hd":false},{"ty":"fl","c":{"a":0,"k":[1,0,0.376470618154,1],"ix":4},"o":{"a":0,"k":100,"ix":5},"r":1,"bm":0,"nm":"Fill 1","mn":"ADBE Vector Graphic - Fill","hd":false},{"ty":"tr","p":{"a":0,"k":[89.278,85.186],"ix":2},"a":{"a":0,"k":[0,0],"ix":1},"s":{"a":0,"k":[100,100],"ix":3},"r":{"a":0,"k":0,"ix":6},"o":{"a":0,"k":100,"ix":7},"sk":{"a":0,"k":0,"ix":4},"sa":{"a":0,"k":0,"ix":5},"nm":"Transform"}],"nm":"Group 3","np":4,"cix":2,"bm":0,"ix":2,"mn":"ADBE Vector Group","hd":false}],"ip":62,"op":476,"st":62,"bm":0},{"ddd":0,"ind":3,"ty":4,"nm":"heart Outlines 16","sr":1,"ks":{"o":{"a":1,"k":[{"i":{"x":[0.833],"y":[0.833]},"o":{"x":[0.167],"y":[0.167]},"t":108,"s":[100]},{"t":113,"s":[0]}],"ix":11},"r":{"a":0,"k":0,"ix":10},"p":{"a":1,"k":[{"i":{"x":0.833,"y":0.833},"o":{"x":0.167,"y":0.167},"t":53,"s":[362.124,56.502,0],"to":[0,69.167,0],"ti":[0,-69.167,0]},{"t":113,"s":[362.124,471.502,0]}],"ix":2},"a":{"a":0,"k":[89.279,85.19,0],"ix":1},"s":{"a":0,"k":[44,44,100],"ix":6}},"ao":0,"shapes":[{"ty":"gr","it":[{"ind":0,"ty":"sh","ix":1,"ks":{"a":0,"k":{"i":[[15.181,-17.998],[0.063,0.086],[0,0],[-0.047,-1.632],[-33.138,-8.786],[-0.206,-16.889]],"o":[[-0.063,-0.086],[0,0],[0.269,1.564],[0.383,-25.316],[20.638,5.464],[0.697,56.803]],"v":[[-43.31,84.587],[-43.508,84.348],[-44.987,-45.436],[-44.509,-40.619],[13.422,-75.8],[44.289,-23.755]],"c":true},"ix":2},"nm":"Path 1","mn":"ADBE Vector Shape - Group","hd":false},{"ty":"fl","c":{"a":0,"k":[0.647058823529,0.011764705882,0.250980392157,1],"ix":4},"o":{"a":0,"k":100,"ix":5},"r":1,"bm":0,"nm":"Fill 1","mn":"ADBE Vector Graphic - Fill","hd":false},{"ty":"tr","p":{"a":0,"k":[133.308,85.02],"ix":2},"a":{"a":0,"k":[0,0],"ix":1},"s":{"a":0,"k":[100,100],"ix":3},"r":{"a":0,"k":0,"ix":6},"o":{"a":0,"k":100,"ix":7},"sk":{"a":0,"k":0,"ix":4},"sa":{"a":0,"k":0,"ix":5},"nm":"Transform"}],"nm":"Group 1","np":4,"cix":2,"bm":0,"ix":1,"mn":"ADBE Vector Group","hd":false},{"ty":"gr","it":[{"ind":0,"ty":"sh","ix":1,"ks":{"a":0,"k":{"i":[[0,0],[0.705,57.387],[20.642,5.469],[-0.687,-26.158],[33.672,-9.601],[-0.109,-16.879],[-14.52,-17.59]],"o":[[14.178,-17.859],[-0.209,-16.88],[-33.85,-8.966],[0.191,-26.167],[-20.532,5.854],[0.377,57.39],[0,0]],"v":[[0.289,84.935],[88.324,-23.93],[57.447,-75.969],[-0.453,-39.131],[-59.031,-74.873],[-88.919,-22.263],[1.166,84.928]],"c":false},"ix":2},"nm":"Path 1","mn":"ADBE Vector Shape - Group","hd":false},{"ty":"fl","c":{"a":0,"k":[0.792156862745,0,0.298039215686,1],"ix":4},"o":{"a":0,"k":100,"ix":5},"r":1,"bm":0,"nm":"Fill 1","mn":"ADBE Vector Graphic - Fill","hd":false},{"ty":"tr","p":{"a":0,"k":[89.278,85.186],"ix":2},"a":{"a":0,"k":[0,0],"ix":1},"s":{"a":0,"k":[100,100],"ix":3},"r":{"a":0,"k":0,"ix":6},"o":{"a":0,"k":100,"ix":7},"sk":{"a":0,"k":0,"ix":4},"sa":{"a":0,"k":0,"ix":5},"nm":"Transform"}],"nm":"Group 3","np":4,"cix":2,"bm":0,"ix":2,"mn":"ADBE Vector Group","hd":false}],"ip":82,"op":496,"st":82,"bm":0},{"ddd":0,"ind":5,"ty":4,"nm":"heart Outlines 15","sr":1,"ks":{"o":{"a":1,"k":[{"i":{"x":[0.833],"y":[0.833]},"o":{"x":[0.167],"y":[0.167]},"t":93,"s":[100]},{"t":98,"s":[0]}],"ix":11},"r":{"a":0,"k":0,"ix":10},"p":{"a":1,"k":[{"i":{"x":0.833,"y":0.833},"o":{"x":0.167,"y":0.167},"t":38,"s":[574.124,4.502,0],"to":[0,69.167,0],"ti":[0,-69.167,0]},{"t":98,"s":[574.124,419.502,0]}],"ix":2},"a":{"a":0,"k":[89.279,85.19,0],"ix":1},"s":{"a":0,"k":[30,30,100],"ix":6}},"ao":0,"shapes":[{"ty":"gr","it":[{"ind":0,"ty":"sh","ix":1,"ks":{"a":0,"k":{"i":[[15.181,-17.998],[0.063,0.086],[0,0],[-0.047,-1.632],[-33.138,-8.786],[-0.206,-16.889]],"o":[[-0.063,-0.086],[0,0],[0.269,1.564],[0.383,-25.316],[20.638,5.464],[0.697,56.803]],"v":[[-43.31,84.587],[-43.508,84.348],[-44.987,-45.436],[-44.509,-40.619],[13.422,-75.8],[44.289,-23.755]],"c":true},"ix":2},"nm":"Path 1","mn":"ADBE Vector Shape - Group","hd":false},{"ty":"fl","c":{"a":0,"k":[0.776470588235,0.261868495567,0.455481166466,1],"ix":4},"o":{"a":0,"k":100,"ix":5},"r":1,"bm":0,"nm":"Fill 1","mn":"ADBE Vector Graphic - Fill","hd":false},{"ty":"tr","p":{"a":0,"k":[133.308,85.02],"ix":2},"a":{"a":0,"k":[0,0],"ix":1},"s":{"a":0,"k":[100,100],"ix":3},"r":{"a":0,"k":0,"ix":6},"o":{"a":0,"k":100,"ix":7},"sk":{"a":0,"k":0,"ix":4},"sa":{"a":0,"k":0,"ix":5},"nm":"Transform"}],"nm":"Group 1","np":4,"cix":2,"bm":0,"ix":1,"mn":"ADBE Vector Group","hd":false},{"ty":"gr","it":[{"ind":0,"ty":"sh","ix":1,"ks":{"a":0,"k":{"i":[[0,0],[0.705,57.387],[20.642,5.469],[-0.687,-26.158],[33.672,-9.601],[-0.109,-16.879],[-14.52,-17.59]],"o":[[14.178,-17.859],[-0.209,-16.88],[-33.85,-8.966],[0.191,-26.167],[-20.532,5.854],[0.377,57.39],[0,0]],"v":[[0.289,84.935],[88.324,-23.93],[57.447,-75.969],[-0.453,-39.131],[-59.031,-74.873],[-88.919,-22.263],[1.166,84.928]],"c":false},"ix":2},"nm":"Path 1","mn":"ADBE Vector Shape - Group","hd":false},{"ty":"fl","c":{"a":0,"k":[0.996078431373,0.351557084626,0.592637604358,1],"ix":4},"o":{"a":0,"k":100,"ix":5},"r":1,"bm":0,"nm":"Fill 1","mn":"ADBE Vector Graphic - Fill","hd":false},{"ty":"tr","p":{"a":0,"k":[89.278,85.186],"ix":2},"a":{"a":0,"k":[0,0],"ix":1},"s":{"a":0,"k":[100,100],"ix":3},"r":{"a":0,"k":0,"ix":6},"o":{"a":0,"k":100,"ix":7},"sk":{"a":0,"k":0,"ix":4},"sa":{"a":0,"k":0,"ix":5},"nm":"Transform"}],"nm":"Group 3","np":4,"cix":2,"bm":0,"ix":2,"mn":"ADBE Vector Group","hd":false}],"ip":67,"op":481,"st":67,"bm":0},{"ddd":0,"ind":7,"ty":4,"nm":"heart Outlines 14","sr":1,"ks":{"o":{"a":1,"k":[{"i":{"x":[0.833],"y":[0.833]},"o":{"x":[0.167],"y":[0.167]},"t":113,"s":[100]},{"t":118,"s":[0]}],"ix":11},"r":{"a":0,"k":0,"ix":10},"p":{"a":1,"k":[{"i":{"x":0.833,"y":0.833},"o":{"x":0.167,"y":0.167},"t":58,"s":[322.124,-53.498,0],"to":[0,69.167,0],"ti":[0,-69.167,0]},{"t":118,"s":[322.124,361.502,0]}],"ix":2},"a":{"a":0,"k":[89.279,85.19,0],"ix":1},"s":{"a":0,"k":[30,30,100],"ix":6}},"ao":0,"shapes":[{"ty":"gr","it":[{"ind":0,"ty":"sh","ix":1,"ks":{"a":0,"k":{"i":[[15.181,-17.998],[0.063,0.086],[0,0],[-0.047,-1.632],[-33.138,-8.786],[-0.206,-16.889]],"o":[[-0.063,-0.086],[0,0],[0.269,1.564],[0.383,-25.316],[20.638,5.464],[0.697,56.803]],"v":[[-43.31,84.587],[-43.508,84.348],[-44.987,-45.436],[-44.509,-40.619],[13.422,-75.8],[44.289,-23.755]],"c":true},"ix":2},"nm":"Path 1","mn":"ADBE Vector Shape - Group","hd":false},{"ty":"fl","c":{"a":0,"k":[0.996078491211,0.352941176471,0.592156862745,1],"ix":4},"o":{"a":0,"k":100,"ix":5},"r":1,"bm":0,"nm":"Fill 1","mn":"ADBE Vector Graphic - Fill","hd":false},{"ty":"tr","p":{"a":0,"k":[133.308,85.02],"ix":2},"a":{"a":0,"k":[0,0],"ix":1},"s":{"a":0,"k":[100,100],"ix":3},"r":{"a":0,"k":0,"ix":6},"o":{"a":0,"k":100,"ix":7},"sk":{"a":0,"k":0,"ix":4},"sa":{"a":0,"k":0,"ix":5},"nm":"Transform"}],"nm":"Group 1","np":4,"cix":2,"bm":0,"ix":1,"mn":"ADBE Vector Group","hd":false},{"ty":"gr","it":[{"ind":0,"ty":"sh","ix":1,"ks":{"a":0,"k":{"i":[[0,0],[0.705,57.387],[20.642,5.469],[-0.687,-26.158],[33.672,-9.601],[-0.109,-16.879],[-14.52,-17.59]],"o":[[14.178,-17.859],[-0.209,-16.88],[-33.85,-8.966],[0.191,-26.167],[-20.532,5.854],[0.377,57.39],[0,0]],"v":[[0.289,84.935],[88.324,-23.93],[57.447,-75.969],[-0.453,-39.131],[-59.031,-74.873],[-88.919,-22.263],[1.166,84.928]],"c":false},"ix":2},"nm":"Path 1","mn":"ADBE Vector Shape - Group","hd":false},{"ty":"fl","c":{"a":0,"k":[0.792156922583,0,0.298039215686,1],"ix":4},"o":{"a":0,"k":100,"ix":5},"r":1,"bm":0,"nm":"Fill 1","mn":"ADBE Vector Graphic - Fill","hd":false},{"ty":"tr","p":{"a":0,"k":[89.278,85.186],"ix":2},"a":{"a":0,"k":[0,0],"ix":1},"s":{"a":0,"k":[100,100],"ix":3},"r":{"a":0,"k":0,"ix":6},"o":{"a":0,"k":100,"ix":7},"sk":{"a":0,"k":0,"ix":4},"sa":{"a":0,"k":0,"ix":5},"nm":"Transform"}],"nm":"Group 3","np":4,"cix":2,"bm":0,"ix":2,"mn":"ADBE Vector Group","hd":false}],"ip":87,"op":501,"st":87,"bm":0},{"ddd":0,"ind":8,"ty":4,"nm":"heart Outlines 7","sr":1,"ks":{"o":{"a":1,"k":[{"i":{"x":[0.833],"y":[0.833]},"o":{"x":[0.167],"y":[0.167]},"t":54,"s":[100]},{"t":59,"s":[0]}],"ix":11},"r":{"a":0,"k":0,"ix":10},"p":{"a":1,"k":[{"i":{"x":0.833,"y":0.833},"o":{"x":0.167,"y":0.167},"t":-1,"s":[322.124,-53.498,0],"to":[0,69.167,0],"ti":[0,-69.167,0]},{"t":59,"s":[322.124,361.502,0]}],"ix":2},"a":{"a":0,"k":[89.279,85.19,0],"ix":1},"s":{"a":0,"k":[30,30,100],"ix":6}},"ao":0,"shapes":[{"ty":"gr","it":[{"ind":0,"ty":"sh","ix":1,"ks":{"a":0,"k":{"i":[[15.181,-17.998],[0.063,0.086],[0,0],[-0.047,-1.632],[-33.138,-8.786],[-0.206,-16.889]],"o":[[-0.063,-0.086],[0,0],[0.269,1.564],[0.383,-25.316],[20.638,5.464],[0.697,56.803]],"v":[[-43.31,84.587],[-43.508,84.348],[-44.987,-45.436],[-44.509,-40.619],[13.422,-75.8],[44.289,-23.755]],"c":true},"ix":2},"nm":"Path 1","mn":"ADBE Vector Shape - Group","hd":false},{"ty":"fl","c":{"a":0,"k":[1,0,0.376470618154,1],"ix":4},"o":{"a":0,"k":100,"ix":5},"r":1,"bm":0,"nm":"Fill 1","mn":"ADBE Vector Graphic - Fill","hd":false},{"ty":"tr","p":{"a":0,"k":[133.308,85.02],"ix":2},"a":{"a":0,"k":[0,0],"ix":1},"s":{"a":0,"k":[100,100],"ix":3},"r":{"a":0,"k":0,"ix":6},"o":{"a":0,"k":100,"ix":7},"sk":{"a":0,"k":0,"ix":4},"sa":{"a":0,"k":0,"ix":5},"nm":"Transform"}],"nm":"Group 1","np":4,"cix":2,"bm":0,"ix":1,"mn":"ADBE Vector Group","hd":false},{"ty":"gr","it":[{"ind":0,"ty":"sh","ix":1,"ks":{"a":0,"k":{"i":[[0,0],[0.705,57.387],[20.642,5.469],[-0.687,-26.158],[33.672,-9.601],[-0.109,-16.879],[-14.52,-17.59]],"o":[[14.178,-17.859],[-0.209,-16.88],[-33.85,-8.966],[0.191,-26.167],[-20.532,5.854],[0.377,57.39],[0,0]],"v":[[0.289,84.935],[88.324,-23.93],[57.447,-75.969],[-0.453,-39.131],[-59.031,-74.873],[-88.919,-22.263],[1.166,84.928]],"c":false},"ix":2},"nm":"Path 1","mn":"ADBE Vector Shape - Group","hd":false},{"ty":"fl","c":{"a":0,"k":[0.792156922583,0,0.298039215686,1],"ix":4},"o":{"a":0,"k":100,"ix":5},"r":1,"bm":0,"nm":"Fill 1","mn":"ADBE Vector Graphic - Fill","hd":false},{"ty":"tr","p":{"a":0,"k":[89.278,85.186],"ix":2},"a":{"a":0,"k":[0,0],"ix":1},"s":{"a":0,"k":[100,100],"ix":3},"r":{"a":0,"k":0,"ix":6},"o":{"a":0,"k":100,"ix":7},"sk":{"a":0,"k":0,"ix":4},"sa":{"a":0,"k":0,"ix":5},"nm":"Transform"}],"nm":"Group 3","np":4,"cix":2,"bm":0,"ix":2,"mn":"ADBE Vector Group","hd":false}],"ip":28,"op":442,"st":28,"bm":0},{"ddd":0,"ind":9,"ty":4,"nm":"heart Outlines 13","sr":1,"ks":{"o":{"a":1,"k":[{"i":{"x":[0.833],"y":[0.833]},"o":{"x":[0.167],"y":[0.167]},"t":62,"s":[100]},{"t":67,"s":[0]}],"ix":11},"r":{"a":0,"k":0,"ix":10},"p":{"a":1,"k":[{"i":{"x":0.833,"y":0.833},"o":{"x":0.167,"y":0.167},"t":7,"s":[258.124,-149.498,0],"to":[0,69.167,0],"ti":[0,-69.167,0]},{"t":67,"s":[258.124,265.502,0]}],"ix":2},"a":{"a":0,"k":[89.279,85.19,0],"ix":1},"s":{"a":0,"k":[20,20,100],"ix":6}},"ao":0,"shapes":[{"ty":"gr","it":[{"ind":0,"ty":"sh","ix":1,"ks":{"a":0,"k":{"i":[[15.181,-17.998],[0.063,0.086],[0,0],[-0.047,-1.632],[-33.138,-8.786],[-0.206,-16.889]],"o":[[-0.063,-0.086],[0,0],[0.269,1.564],[0.383,-25.316],[20.638,5.464],[0.697,56.803]],"v":[[-43.31,84.587],[-43.508,84.348],[-44.987,-45.436],[-44.509,-40.619],[13.422,-75.8],[44.289,-23.755]],"c":true},"ix":2},"nm":"Path 1","mn":"ADBE Vector Shape - Group","hd":false},{"ty":"fl","c":{"a":0,"k":[0.996078491211,0.352941176471,0.592156862745,1],"ix":4},"o":{"a":0,"k":100,"ix":5},"r":1,"bm":0,"nm":"Fill 1","mn":"ADBE Vector Graphic - Fill","hd":false},{"ty":"tr","p":{"a":0,"k":[133.308,85.02],"ix":2},"a":{"a":0,"k":[0,0],"ix":1},"s":{"a":0,"k":[100,100],"ix":3},"r":{"a":0,"k":0,"ix":6},"o":{"a":0,"k":100,"ix":7},"sk":{"a":0,"k":0,"ix":4},"sa":{"a":0,"k":0,"ix":5},"nm":"Transform"}],"nm":"Group 1","np":4,"cix":2,"bm":0,"ix":1,"mn":"ADBE Vector Group","hd":false},{"ty":"gr","it":[{"ind":0,"ty":"sh","ix":1,"ks":{"a":0,"k":{"i":[[0,0],[0.705,57.387],[20.642,5.469],[-0.687,-26.158],[33.672,-9.601],[-0.109,-16.879],[-14.52,-17.59]],"o":[[14.178,-17.859],[-0.209,-16.88],[-33.85,-8.966],[0.191,-26.167],[-20.532,5.854],[0.377,57.39],[0,0]],"v":[[0.289,84.935],[88.324,-23.93],[57.447,-75.969],[-0.453,-39.131],[-59.031,-74.873],[-88.919,-22.263],[1.166,84.928]],"c":false},"ix":2},"nm":"Path 1","mn":"ADBE Vector Shape - Group","hd":false},{"ty":"fl","c":{"a":0,"k":[0.776470648074,0.262745098039,0.454901990704,1],"ix":4},"o":{"a":0,"k":100,"ix":5},"r":1,"bm":0,"nm":"Fill 1","mn":"ADBE Vector Graphic - Fill","hd":false},{"ty":"tr","p":{"a":0,"k":[89.278,85.186],"ix":2},"a":{"a":0,"k":[0,0],"ix":1},"s":{"a":0,"k":[100,100],"ix":3},"r":{"a":0,"k":0,"ix":6},"o":{"a":0,"k":100,"ix":7},"sk":{"a":0,"k":0,"ix":4},"sa":{"a":0,"k":0,"ix":5},"nm":"Transform"}],"nm":"Group 3","np":4,"cix":2,"bm":0,"ix":2,"mn":"ADBE Vector Group","hd":false}],"ip":36,"op":450,"st":36,"bm":0},{"ddd":0,"ind":11,"ty":4,"nm":"heart Outlines 12","sr":1,"ks":{"o":{"a":1,"k":[{"i":{"x":[0.833],"y":[0.833]},"o":{"x":[0.167],"y":[0.167]},"t":76,"s":[100]},{"t":81,"s":[0]}],"ix":11},"r":{"a":0,"k":0,"ix":10},"p":{"a":1,"k":[{"i":{"x":0.833,"y":0.833},"o":{"x":0.167,"y":0.167},"t":21,"s":[398.124,-209.498,0],"to":[0,80.167,0],"ti":[0,-80.167,0]},{"t":81,"s":[398.124,271.502,0]}],"ix":2},"a":{"a":0,"k":[89.279,85.19,0],"ix":1},"s":{"a":0,"k":[44,44,100],"ix":6}},"ao":0,"shapes":[{"ty":"gr","it":[{"ind":0,"ty":"sh","ix":1,"ks":{"a":0,"k":{"i":[[15.181,-17.998],[0.063,0.086],[0,0],[-0.047,-1.632],[-33.138,-8.786],[-0.206,-16.889]],"o":[[-0.063,-0.086],[0,0],[0.269,1.564],[0.383,-25.316],[20.638,5.464],[0.697,56.803]],"v":[[-43.31,84.587],[-43.508,84.348],[-44.987,-45.436],[-44.509,-40.619],[13.422,-75.8],[44.289,-23.755]],"c":true},"ix":2},"nm":"Path 1","mn":"ADBE Vector Shape - Group","hd":false},{"ty":"fl","c":{"a":0,"k":[0.996078491211,0.352941176471,0.592156862745,1],"ix":4},"o":{"a":0,"k":100,"ix":5},"r":1,"bm":0,"nm":"Fill 1","mn":"ADBE Vector Graphic - Fill","hd":false},{"ty":"tr","p":{"a":0,"k":[133.308,85.02],"ix":2},"a":{"a":0,"k":[0,0],"ix":1},"s":{"a":0,"k":[100,100],"ix":3},"r":{"a":0,"k":0,"ix":6},"o":{"a":0,"k":100,"ix":7},"sk":{"a":0,"k":0,"ix":4},"sa":{"a":0,"k":0,"ix":5},"nm":"Transform"}],"nm":"Group 1","np":4,"cix":2,"bm":0,"ix":1,"mn":"ADBE Vector Group","hd":false},{"ty":"gr","it":[{"ind":0,"ty":"sh","ix":1,"ks":{"a":0,"k":{"i":[[0,0],[0.705,57.387],[20.642,5.469],[-0.687,-26.158],[33.672,-9.601],[-0.109,-16.879],[-14.52,-17.59]],"o":[[14.178,-17.859],[-0.209,-16.88],[-33.85,-8.966],[0.191,-26.167],[-20.532,5.854],[0.377,57.39],[0,0]],"v":[[0.289,84.935],[88.324,-23.93],[57.447,-75.969],[-0.453,-39.131],[-59.031,-74.873],[-88.919,-22.263],[1.166,84.928]],"c":false},"ix":2},"nm":"Path 1","mn":"ADBE Vector Shape - Group","hd":false},{"ty":"fl","c":{"a":0,"k":[1,0,0.376470618154,1],"ix":4},"o":{"a":0,"k":100,"ix":5},"r":1,"bm":0,"nm":"Fill 1","mn":"ADBE Vector Graphic - Fill","hd":false},{"ty":"tr","p":{"a":0,"k":[89.278,85.186],"ix":2},"a":{"a":0,"k":[0,0],"ix":1},"s":{"a":0,"k":[100,100],"ix":3},"r":{"a":0,"k":0,"ix":6},"o":{"a":0,"k":100,"ix":7},"sk":{"a":0,"k":0,"ix":4},"sa":{"a":0,"k":0,"ix":5},"nm":"Transform"}],"nm":"Group 3","np":4,"cix":2,"bm":0,"ix":2,"mn":"ADBE Vector Group","hd":false}],"ip":50,"op":464,"st":50,"bm":0},{"ddd":0,"ind":13,"ty":4,"nm":"heart Outlines 11","sr":1,"ks":{"o":{"a":1,"k":[{"i":{"x":[0.833],"y":[0.833]},"o":{"x":[0.167],"y":[0.167]},"t":62,"s":[100]},{"t":67,"s":[0]}],"ix":11},"r":{"a":0,"k":0,"ix":10},"p":{"a":1,"k":[{"i":{"x":0.833,"y":0.833},"o":{"x":0.167,"y":0.167},"t":7,"s":[512.124,-121.498,0],"to":[0,80.167,0],"ti":[0,-80.167,0]},{"t":67,"s":[512.124,359.502,0]}],"ix":2},"a":{"a":0,"k":[89.279,85.19,0],"ix":1},"s":{"a":0,"k":[34,34,100],"ix":6}},"ao":0,"shapes":[{"ty":"gr","it":[{"ind":0,"ty":"sh","ix":1,"ks":{"a":0,"k":{"i":[[15.181,-17.998],[0.063,0.086],[0,0],[-0.047,-1.632],[-33.138,-8.786],[-0.206,-16.889]],"o":[[-0.063,-0.086],[0,0],[0.269,1.564],[0.383,-25.316],[20.638,5.464],[0.697,56.803]],"v":[[-43.31,84.587],[-43.508,84.348],[-44.987,-45.436],[-44.509,-40.619],[13.422,-75.8],[44.289,-23.755]],"c":true},"ix":2},"nm":"Path 1","mn":"ADBE Vector Shape - Group","hd":false},{"ty":"fl","c":{"a":0,"k":[0.792156922583,0,0.298039215686,1],"ix":4},"o":{"a":0,"k":100,"ix":5},"r":1,"bm":0,"nm":"Fill 1","mn":"ADBE Vector Graphic - Fill","hd":false},{"ty":"tr","p":{"a":0,"k":[133.308,85.02],"ix":2},"a":{"a":0,"k":[0,0],"ix":1},"s":{"a":0,"k":[100,100],"ix":3},"r":{"a":0,"k":0,"ix":6},"o":{"a":0,"k":100,"ix":7},"sk":{"a":0,"k":0,"ix":4},"sa":{"a":0,"k":0,"ix":5},"nm":"Transform"}],"nm":"Group 1","np":4,"cix":2,"bm":0,"ix":1,"mn":"ADBE Vector Group","hd":false},{"ty":"gr","it":[{"ind":0,"ty":"sh","ix":1,"ks":{"a":0,"k":{"i":[[0,0],[0.705,57.387],[20.642,5.469],[-0.687,-26.158],[33.672,-9.601],[-0.109,-16.879],[-14.52,-17.59]],"o":[[14.178,-17.859],[-0.209,-16.88],[-33.85,-8.966],[0.191,-26.167],[-20.532,5.854],[0.377,57.39],[0,0]],"v":[[0.289,84.935],[88.324,-23.93],[57.447,-75.969],[-0.453,-39.131],[-59.031,-74.873],[-88.919,-22.263],[1.166,84.928]],"c":false},"ix":2},"nm":"Path 1","mn":"ADBE Vector Shape - Group","hd":false},{"ty":"fl","c":{"a":0,"k":[0.776470648074,0.262745098039,0.454901990704,1],"ix":4},"o":{"a":0,"k":100,"ix":5},"r":1,"bm":0,"nm":"Fill 1","mn":"ADBE Vector Graphic - Fill","hd":false},{"ty":"tr","p":{"a":0,"k":[89.278,85.186],"ix":2},"a":{"a":0,"k":[0,0],"ix":1},"s":{"a":0,"k":[100,100],"ix":3},"r":{"a":0,"k":0,"ix":6},"o":{"a":0,"k":100,"ix":7},"sk":{"a":0,"k":0,"ix":4},"sa":{"a":0,"k":0,"ix":5},"nm":"Transform"}],"nm":"Group 3","np":4,"cix":2,"bm":0,"ix":2,"mn":"ADBE Vector Group","hd":false}],"ip":36,"op":450,"st":36,"bm":0},{"ddd":0,"ind":15,"ty":4,"nm":"heart Outlines 10","sr":1,"ks":{"o":{"a":1,"k":[{"i":{"x":[0.833],"y":[0.833]},"o":{"x":[0.167],"y":[0.167]},"t":88,"s":[100]},{"t":93,"s":[0]}],"ix":11},"r":{"a":0,"k":0,"ix":10},"p":{"a":1,"k":[{"i":{"x":0.833,"y":0.833},"o":{"x":0.167,"y":0.167},"t":33,"s":[194.124,-69.498,0],"to":[0,80.167,0],"ti":[0,-80.167,0]},{"t":93,"s":[194.124,411.502,0]}],"ix":2},"a":{"a":0,"k":[89.279,85.19,0],"ix":1},"s":{"a":0,"k":[56,56,100],"ix":6}},"ao":0,"shapes":[{"ty":"gr","it":[{"ind":0,"ty":"sh","ix":1,"ks":{"a":0,"k":{"i":[[15.181,-17.998],[0.063,0.086],[0,0],[-0.047,-1.632],[-33.138,-8.786],[-0.206,-16.889]],"o":[[-0.063,-0.086],[0,0],[0.269,1.564],[0.383,-25.316],[20.638,5.464],[0.697,56.803]],"v":[[-43.31,84.587],[-43.508,84.348],[-44.987,-45.436],[-44.509,-40.619],[13.422,-75.8],[44.289,-23.755]],"c":true},"ix":2},"nm":"Path 1","mn":"ADBE Vector Shape - Group","hd":false},{"ty":"fl","c":{"a":0,"k":[0.996078491211,0.352941176471,0.592156862745,1],"ix":4},"o":{"a":0,"k":100,"ix":5},"r":1,"bm":0,"nm":"Fill 1","mn":"ADBE Vector Graphic - Fill","hd":false},{"ty":"tr","p":{"a":0,"k":[133.308,85.02],"ix":2},"a":{"a":0,"k":[0,0],"ix":1},"s":{"a":0,"k":[100,100],"ix":3},"r":{"a":0,"k":0,"ix":6},"o":{"a":0,"k":100,"ix":7},"sk":{"a":0,"k":0,"ix":4},"sa":{"a":0,"k":0,"ix":5},"nm":"Transform"}],"nm":"Group 1","np":4,"cix":2,"bm":0,"ix":1,"mn":"ADBE Vector Group","hd":false},{"ty":"gr","it":[{"ind":0,"ty":"sh","ix":1,"ks":{"a":0,"k":{"i":[[0,0],[0.705,57.387],[20.642,5.469],[-0.687,-26.158],[33.672,-9.601],[-0.109,-16.879],[-14.52,-17.59]],"o":[[14.178,-17.859],[-0.209,-16.88],[-33.85,-8.966],[0.191,-26.167],[-20.532,5.854],[0.377,57.39],[0,0]],"v":[[0.289,84.935],[88.324,-23.93],[57.447,-75.969],[-0.453,-39.131],[-59.031,-74.873],[-88.919,-22.263],[1.166,84.928]],"c":false},"ix":2},"nm":"Path 1","mn":"ADBE Vector Shape - Group","hd":false},{"ty":"fl","c":{"a":0,"k":[0.792156922583,0,0.298039215686,1],"ix":4},"o":{"a":0,"k":100,"ix":5},"r":1,"bm":0,"nm":"Fill 1","mn":"ADBE Vector Graphic - Fill","hd":false},{"ty":"tr","p":{"a":0,"k":[89.278,85.186],"ix":2},"a":{"a":0,"k":[0,0],"ix":1},"s":{"a":0,"k":[100,100],"ix":3},"r":{"a":0,"k":0,"ix":6},"o":{"a":0,"k":100,"ix":7},"sk":{"a":0,"k":0,"ix":4},"sa":{"a":0,"k":0,"ix":5},"nm":"Transform"}],"nm":"Group 3","np":4,"cix":2,"bm":0,"ix":2,"mn":"ADBE Vector Group","hd":false}],"ip":62,"op":476,"st":62,"bm":0}]}],"fonts":{"list":[{"fName":"Hasty_YandiDesigns","fFamily":"Hasty","fStyle":"Regular","ascent":97.0176270231605}]},"layers":[{"ddd":0,"ind":1,"ty":5,"nm":"Thank You","sr":1,"ks":{"o":{"a":1,"k":[{"i":{"x":[0.833],"y":[0.833]},"o":{"x":[0.167],"y":[0.167]},"t":171,"s":[100]},{"t":177,"s":[0]}],"ix":11},"r":{"a":0,"k":0,"ix":10},"p":{"a":0,"k":[74,249,0],"ix":2},"a":{"a":0,"k":[0,0,0],"ix":1},"s":{"a":0,"k":[100,100,100],"ix":6}},"ao":0,"t":{"d":{"k":[{"s":{"s":106,"f":"Hasty_YandiDesigns","t":"Thank You","j":0,"tr":0,"lh":127.2,"ls":0,"fc":[0.318,0.729,0.337],"sc":[0,0,0],"sw":0.00999999977648,"of":true},"t":0}]},"p":{},"m":{"g":1,"a":{"a":0,"k":[0,0],"ix":2}},"a":[{"nm":"Animator 1","s":{"t":0,"xe":{"a":0,"k":0,"ix":7},"ne":{"a":0,"k":0,"ix":8},"a":{"a":0,"k":100,"ix":4},"b":1,"rn":0,"sh":1,"s":{"a":1,"k":[{"i":{"x":[0.833],"y":[0.833]},"o":{"x":[0.167],"y":[0.167]},"t":113,"s":[0]},{"t":138,"s":[100]}],"ix":1},"r":1},"a":{"o":{"a":0,"k":0,"ix":9}}}]},"ip":12,"op":426,"st":12,"bm":0},{"ddd":0,"ind":2,"ty":0,"nm":"box","parent":7,"refId":"comp_0","sr":1,"ks":{"o":{"a":0,"k":100,"ix":11},"r":{"a":0,"k":0,"ix":10},"p":{"a":0,"k":[0,4,0],"ix":2},"a":{"a":0,"k":[400,400,0],"ix":1},"s":{"a":0,"k":[86,86,100],"ix":6}},"ao":0,"hasMask":true,"masksProperties":[{"inv":false,"mode":"a","pt":{"a":0,"k":{"i":[[0,0],[0,0],[0,0],[0,0]],"o":[[0,0],[0,0],[0,0],[0,0]],"v":[[716,416.608],[118,416.608],[118,804.608],[716,804.608]],"c":true},"ix":1},"o":{"a":0,"k":100,"ix":3},"x":{"a":0,"k":0,"ix":4},"nm":"Mask 1"}],"w":800,"h":800,"ip":0,"op":18414,"st":0,"bm":0},{"ddd":0,"ind":3,"ty":0,"nm":"charitybox","refId":"comp_1","sr":1,"ks":{"o":{"a":0,"k":100,"ix":11},"r":{"a":1,"k":[{"i":{"x":[0.667],"y":[1]},"o":{"x":[0.333],"y":[0]},"t":46,"s":[0]},{"t":71,"s":[-23]}],"ix":10},"p":{"a":1,"k":[{"i":{"x":0.667,"y":1},"o":{"x":0.333,"y":0},"t":46,"s":[247.124,328.502,0],"to":[7.833,24.667,0],"ti":[-7.833,-21.167,0]},{"i":{"x":0.667,"y":1},"o":{"x":0.333,"y":0},"t":71,"s":[294.124,476.502,0],"to":[7.833,21.167,0],"ti":[0,-13,0]},{"i":{"x":0.667,"y":1},"o":{"x":0.333,"y":0},"t":86,"s":[294.124,455.502,0],"to":[0,13,0],"ti":[0,-16.5,0]},{"t":95,"s":[294.124,554.502,0]}],"ix":2},"a":{"a":0,"k":[400,400,0],"ix":1},"s":{"a":1,"k":[{"i":{"x":[0.23,0.23,0.667],"y":[1,1,1]},"o":{"x":[0.333,0.333,0.333],"y":[0,0,0]},"t":18,"s":[0,0,100]},{"t":29,"s":[64,64,100]}],"ix":6}},"ao":0,"w":800,"h":800,"ip":0,"op":300,"st":0,"bm":0},{"ddd":0,"ind":4,"ty":0,"nm":"box","parent":7,"refId":"comp_0","sr":1,"ks":{"o":{"a":0,"k":100,"ix":11},"r":{"a":0,"k":0,"ix":10},"p":{"a":0,"k":[0,4,0],"ix":2},"a":{"a":0,"k":[400,400,0],"ix":1},"s":{"a":0,"k":[86,86,100],"ix":6}},"ao":0,"hasMask":true,"masksProperties":[{"inv":false,"mode":"a","pt":{"a":0,"k":{"i":[[0,0],[0,0],[0,0],[0,0]],"o":[[0,0],[0,0],[0,0],[0,0]],"v":[[674,340],[140,340],[140,430],[674,430]],"c":true},"ix":1},"o":{"a":0,"k":100,"ix":3},"x":{"a":0,"k":0,"ix":4},"nm":"Mask 1"}],"w":800,"h":800,"ip":0,"op":18414,"st":0,"bm":0},{"ddd":0,"ind":5,"ty":0,"nm":"shadows","refId":"comp_2","sr":1,"ks":{"o":{"a":0,"k":14,"ix":11},"r":{"a":0,"k":0,"ix":10},"p":{"a":0,"k":[237,504,0],"ix":2},"a":{"a":0,"k":[400,400,0],"ix":1},"s":{"a":0,"k":[86,86,100],"ix":6}},"ao":0,"w":800,"h":800,"ip":0,"op":4050.05005005005,"st":0,"bm":0},{"ddd":0,"ind":6,"ty":0,"nm":"Pre-comp 1","refId":"comp_3","sr":1,"ks":{"o":{"a":0,"k":100,"ix":11},"r":{"a":0,"k":0,"ix":10},"p":{"a":0,"k":[250,255,0],"ix":2},"a":{"a":0,"k":[400,400,0],"ix":1},"s":{"a":0,"k":[65,65,100],"ix":6}},"ao":0,"w":800,"h":800,"ip":97,"op":511,"st":97,"bm":0},{"ddd":0,"ind":7,"ty":3,"nm":"Null 2","sr":1,"ks":{"o":{"a":0,"k":0,"ix":11},"r":{"a":1,"k":[{"i":{"x":[0.667],"y":[1]},"o":{"x":[0.333],"y":[0]},"t":98,"s":[0]},{"i":{"x":[0.667],"y":[1]},"o":{"x":[0.333],"y":[0]},"t":101,"s":[-3]},{"i":{"x":[0.667],"y":[1]},"o":{"x":[0.333],"y":[0]},"t":107,"s":[5]},{"t":110,"s":[0]}],"ix":10},"p":{"a":0,"k":[240,350,0],"ix":2},"a":{"a":0,"k":[0,0,0],"ix":1},"s":{"a":0,"k":[100,100,100],"ix":6}},"ao":0,"ip":0,"op":414,"st":0,"bm":0}],"markers":[],"chars":[{"ch":"T","size":106,"style":"Regular","w":37.99,"data":{"shapes":[{"ty":"gr","it":[{"ind":0,"ty":"sh","ix":1,"ks":{"a":0,"k":{"i":[[-0.066,0],[-0.456,0.195],[-0.261,0.977],[-0.391,3.711],[-1.823,9.506],[-3.256,10.222],[-0.586,1.758],[-0.391,1.237],[-0.261,1.042],[-0.131,0.912],[-0.131,0.522],[-0.066,0.066],[-0.652,0.131],[-0.912,0.131],[-4.102,0.912],[-3.972,0.977],[-1.889,0.522],[-1.367,0.391],[-2.995,2.214],[0,2.539],[0.13,0.261],[0.391,0.391],[0.391,0],[0.195,-0.586],[2.864,-1.822],[3.906,-1.236],[7.681,-1.888],[8.267,-1.627],[1.692,-0.325],[1.302,-0.325],[1.172,-0.455],[1.431,-0.781],[0.716,-0.781],[0,-0.391],[-0.327,-0.259],[-0.195,0],[-0.586,0.261],[-1.758,0.522],[-1.628,0.327],[-2.8,0.456],[-0.066,-0.13],[0.259,-0.781],[0.455,-1.041],[1.302,-3.906],[1.627,-5.273],[0.781,-3.189],[0.716,-3.32],[0.845,-5.469],[0,-2.603],[-0.456,-1.889],[-0.652,-0.391]],"o":[[0.064,0],[0.455,-0.195],[0.195,-0.977],[0.586,-6.836],[1.758,-9.57],[0.845,-2.539],[0.586,-1.822],[0.716,-2.408],[0.325,-1.041],[0.195,-0.716],[0.195,-0.586],[0.064,-0.064],[0.716,-0.195],[2.473,-0.391],[4.036,-0.911],[2.083,-0.52],[1.888,-0.586],[6.184,-2.017],[2.994,-2.148],[0,-0.586],[-0.131,-0.325],[-0.652,-0.65],[-0.456,0],[-0.522,1.628],[-2.8,1.823],[-3.906,1.303],[-7.683,1.823],[-2.409,0.522],[-1.628,0.327],[-2.28,0.522],[-1.237,0.456],[-2.214,1.172],[-0.391,0.391],[0,0.327],[0.195,0.131],[0.259,0],[1.888,-0.716],[1.692,-0.52],[2.148,-0.455],[2.864,-0.455],[0.064,0],[-0.261,0.781],[-0.717,1.953],[-1.303,3.906],[-0.912,2.8],[-0.781,3.191],[-1.237,6.055],[-0.781,5.469],[0,2.278],[0.455,1.888],[0.325,0.195]],"v":[[10.84,10.059],[11.621,9.766],[12.695,8.008],[13.574,0.977],[17.188,-23.535],[24.707,-53.223],[26.855,-59.668],[28.32,-64.258],[29.785,-69.434],[30.469,-72.363],[30.957,-74.219],[31.348,-75.195],[32.422,-75.488],[34.863,-75.977],[44.727,-77.93],[56.738,-80.762],[62.695,-82.324],[67.578,-83.789],[81.348,-90.137],[85.84,-97.168],[85.645,-98.438],[84.863,-99.512],[83.301,-100.488],[82.324,-99.609],[77.246,-94.434],[67.188,-89.844],[49.805,-85.059],[25.879,-79.883],[19.727,-78.613],[15.332,-77.637],[10.156,-76.172],[6.152,-74.316],[1.758,-71.387],[1.172,-70.215],[1.66,-69.336],[2.246,-69.141],[3.516,-69.531],[8.984,-71.387],[13.965,-72.656],[21.387,-74.023],[25.781,-74.512],[25.488,-73.34],[24.414,-70.605],[21.387,-61.816],[16.992,-48.047],[14.453,-39.063],[12.207,-29.297],[9.082,-12.012],[7.91,0.098],[8.594,6.348],[10.254,9.766]],"c":true},"ix":2},"nm":"T","mn":"ADBE Vector Shape - Group","hd":false}],"nm":"T","np":3,"cix":2,"bm":0,"ix":1,"mn":"ADBE Vector Group","hd":false}]},"fFamily":"Hasty"},{"ch":"h","size":106,"style":"Regular","w":41.5,"data":{"shapes":[{"ty":"gr","it":[{"ind":0,"ty":"sh","ix":1,"ks":{"a":0,"k":{"i":[[0.716,0.652],[1.041,0],[0,0],[0.195,-0.064],[0.259,-0.064],[2.083,-1.822],[1.497,-2.344],[1.431,-2.864],[1.236,-3.189],[0.845,-2.473],[0.716,-2.083],[0.325,-0.911],[0.13,-0.52],[0.259,-0.391],[0.52,-0.455],[1.041,-1.041],[0,-0.13],[-0.586,0.327],[-0.977,0.717],[-0.327,0.195],[0,-0.064],[0.65,-2.669],[0.977,-3.645],[0.717,-3.125],[0.066,-0.65],[0,-0.65],[-0.064,-0.325],[-0.259,-0.717],[-0.13,-0.066],[-0.13,0],[-0.65,0.65],[-0.391,0.652],[-1.172,1.303],[-1.498,1.498],[-2.019,2.214],[-0.456,0],[0.391,-1.172],[0.52,-3.059],[-0.195,-1.497],[-0.912,-0.845],[-0.327,-0.131],[-0.912,0],[-0.781,0.325],[-1.498,1.303],[-1.108,1.042],[-1.498,1.563],[-1.889,2.539],[0,0.327],[0.064,0],[0.845,-0.716],[1.888,-1.563],[3.059,-3.125],[1.106,-0.13],[0.259,0.327],[0.064,0.652],[-0.066,1.172],[-0.131,1.367],[-0.522,2.8],[1.236,0.522],[2.083,-1.627],[1.953,-2.017],[1.106,-1.236],[0.52,-0.65],[-0.717,2.866],[-0.847,3.256],[-0.522,1.889],[-0.261,0.912],[-0.327,1.172],[-1.367,1.367],[-1.367,1.563],[-1.433,2.214],[-1.042,2.866],[0.391,2.084]],"o":[[-0.781,-0.65],[0,0],[-0.195,0],[-0.261,0],[-1.823,0.456],[-2.148,1.758],[-1.172,1.758],[-1.367,2.866],[-0.717,1.694],[-0.912,2.409],[-0.327,1.108],[-0.261,0.912],[-0.131,0.522],[-0.261,0.327],[-1.237,1.108],[-1.041,0.977],[0,0.195],[0.652,-0.391],[0.52,-0.391],[0.391,-0.195],[0.064,0.066],[-0.652,2.734],[-0.911,3.711],[-0.716,3.125],[-0.13,0.717],[0,0.391],[0.066,1.042],[0.066,0.13],[0.131,0.13],[0.327,0],[0.652,-0.652],[0.13,-0.325],[1.236,-1.302],[2.669,-2.734],[1.953,-2.213],[0.259,0],[-0.327,1.237],[-0.522,3.191],[0.13,1.563],[0.455,0.455],[0.325,0.064],[1.041,0],[0.845,-0.327],[0.781,-0.781],[1.106,-1.041],[3.775,-3.711],[1.563,-2.148],[0,-0.064],[-0.327,0],[-0.847,0.781],[-3.581,3.061],[-3.125,3.125],[-0.391,0],[-0.261,-0.391],[0,-0.455],[0.13,-1.236],[0.455,-3.32],[0.52,-2.864],[-1.108,-0.455],[-2.084,1.563],[-1.303,1.367],[-1.042,1.172],[0,-0.195],[0.716,-2.93],[0.586,-2.213],[0.455,-1.888],[0.716,-2.278],[2.603,-2.669],[3.189,-3.32],[1.367,-1.627],[3.125,-4.688],[1.106,-2.798],[-0.261,-1.172]],"v":[[34.863,-81.641],[32.129,-82.617],[32.031,-82.617],[31.445,-82.52],[30.664,-82.422],[24.805,-79.004],[19.336,-72.852],[15.43,-65.918],[11.523,-56.836],[9.18,-50.586],[6.738,-43.848],[5.762,-40.82],[5.176,-38.672],[4.59,-37.305],[3.418,-36.133],[0,-32.91],[-1.563,-31.25],[-0.684,-31.445],[1.758,-33.105],[3.027,-33.984],[3.613,-34.18],[2.734,-30.078],[0.293,-20.508],[-2.148,-10.254],[-3.32,-4.59],[-3.516,-2.539],[-3.418,-1.465],[-2.93,1.172],[-2.637,1.465],[-2.246,1.66],[-0.781,0.684],[0.781,-1.27],[2.734,-3.711],[6.836,-7.91],[13.867,-15.332],[17.48,-18.652],[17.285,-16.895],[16.016,-10.449],[15.527,-3.418],[17.09,0.195],[18.262,1.074],[20.117,1.172],[22.852,0.684],[26.367,-1.758],[29.199,-4.492],[33.105,-8.398],[41.602,-17.773],[43.945,-21.484],[43.848,-21.582],[42.09,-20.508],[37.988,-16.992],[28.027,-7.715],[21.68,-2.832],[20.703,-3.32],[20.215,-4.883],[20.313,-7.324],[20.703,-11.23],[22.168,-20.41],[21.094,-25.488],[16.309,-23.73],[10.254,-18.359],[6.641,-14.453],[4.297,-11.719],[5.371,-16.309],[7.715,-25.586],[9.375,-31.738],[10.449,-35.938],[12.012,-41.113],[17.969,-47.168],[24.805,-54.492],[29.004,-60.254],[35.254,-71.582],[36.328,-78.906]],"c":true},"ix":2},"nm":"h","mn":"ADBE Vector Shape - Group","hd":false},{"ind":1,"ty":"sh","ix":2,"ks":{"a":0,"k":{"i":[[-0.261,0.195],[-0.522,0],[-0.195,-0.13],[-0.195,-0.391],[0,-0.911],[0.13,-0.781],[0.977,-1.953],[2.148,-2.994],[3.059,-3.189],[0.977,-0.911],[0.13,0],[0,0.131],[-0.391,1.042],[-1.498,3.842],[-0.717,1.563],[-0.847,1.628],[-1.498,2.605],[-0.781,0.847]],"o":[[0.325,-0.13],[0.52,0],[0.195,0.066],[0.325,0.586],[0,0.652],[-0.327,1.953],[-1.758,3.581],[-2.084,2.93],[-1.172,1.237],[-0.912,0.847],[-0.066,0],[0,-0.325],[0.52,-1.497],[0.586,-1.431],[0.716,-1.627],[1.497,-3.059],[1.563,-2.603],[0.586,-0.586]],"v":[[30.859,-79.883],[32.129,-80.078],[33.203,-79.883],[33.789,-79.199],[34.277,-76.953],[34.082,-74.805],[32.129,-68.945],[26.27,-59.082],[18.555,-49.902],[15.332,-46.68],[13.77,-45.41],[13.672,-45.605],[14.258,-47.656],[17.285,-55.664],[19.238,-60.156],[21.582,-65.039],[26.074,-73.535],[29.59,-78.711]],"c":true},"ix":2},"nm":"h","mn":"ADBE Vector Shape - Group","hd":false}],"nm":"h","np":5,"cix":2,"bm":0,"ix":1,"mn":"ADBE Vector Group","hd":false}]},"fFamily":"Hasty"},{"ch":"a","size":106,"style":"Regular","w":31.54,"data":{"shapes":[{"ty":"gr","it":[{"ind":0,"ty":"sh","ix":1,"ks":{"a":0,"k":{"i":[[-0.652,0],[-0.131,0],[-0.522,0.261],[-0.847,0.977],[-2.344,3.061],[-1.303,1.563],[-0.717,0.781],[-0.586,0.717],[0,0.261],[0.064,0],[0.13,0],[0.13,0],[1.236,-1.302],[1.497,-1.627],[0.911,-1.106],[0.65,-0.781],[0.845,-0.911],[0.325,-0.064],[0.13,0.717],[-0.066,2.409],[0.13,1.367],[0.391,0.391],[0.391,-0.325],[1.041,-1.431],[1.953,-1.953],[0.65,0.327],[-0.65,2.344],[-1.042,2.019],[-2.67,2.344],[-0.977,-1.106],[-0.261,-0.781],[0,-0.586],[-0.131,-0.064],[-0.261,0.066],[-0.131,0.261],[-0.195,0.912],[0.13,0.781],[0.455,0.717],[0.586,0.261],[1.367,0],[0.455,-0.13],[0.845,-0.455],[1.953,-2.213],[1.303,-2.603],[0.522,-2.539],[0,-0.781],[-0.65,-1.236],[-1.041,-0.195],[-1.367,0.781],[-1.498,1.563],[-0.456,0.717],[-0.131,0.195],[-0.066,0],[-0.066,-0.52],[-0.066,-0.716],[-0.391,-0.977],[-0.847,-0.586]],"o":[[0.064,0],[0.586,0],[0.52,-0.259],[0.845,-0.911],[1.106,-1.431],[1.302,-1.563],[1.758,-1.888],[0.391,-0.52],[0,-0.064],[-0.066,-0.13],[-0.195,0],[-0.195,0.131],[-1.303,1.367],[-0.977,1.108],[-0.912,1.042],[-0.977,1.237],[-0.912,0.847],[-0.522,0.131],[-0.131,-0.65],[0.13,-2.344],[-0.131,-1.302],[-0.327,-0.325],[-0.456,0.327],[-3.061,4.037],[-1.889,1.889],[-0.391,-0.259],[0.65,-2.344],[1.758,-3.516],[2.734,-2.344],[0.259,0.261],[0.195,0.847],[0,0.327],[0.064,0.131],[0.325,0],[0.064,-0.259],[0.259,-1.236],[-0.066,-0.716],[-0.652,-0.911],[-0.586,-0.259],[-1.042,0],[-0.522,0.066],[-1.889,1.042],[-1.953,2.28],[-0.977,1.953],[-0.195,0.912],[0,1.498],[0.717,1.108],[1.042,0.195],[0.586,-0.325],[1.563,-1.497],[0.13,-0.195],[0.13,-0.13],[0.064,0],[0.064,0.586],[0.064,1.563],[0.391,0.912],[0.586,0.391]],"v":[[14.16,0],[14.453,0],[16.113,-0.391],[18.164,-2.246],[22.949,-8.203],[26.563,-12.695],[29.59,-16.211],[33.105,-20.117],[33.691,-21.289],[33.594,-21.387],[33.301,-21.582],[32.813,-21.582],[30.664,-19.434],[26.465,-14.941],[23.633,-11.621],[21.289,-8.887],[18.555,-5.664],[16.699,-4.297],[15.723,-5.176],[15.625,-9.766],[15.625,-15.332],[14.844,-17.871],[13.77,-17.871],[11.523,-15.234],[4.004,-6.25],[0.195,-3.906],[0.586,-7.813],[3.125,-14.355],[9.766,-23.145],[15.332,-25],[16.113,-23.438],[16.406,-21.289],[16.602,-20.703],[17.09,-20.605],[17.773,-20.996],[18.164,-22.754],[18.359,-25.781],[17.578,-27.93],[15.723,-29.688],[12.793,-30.078],[10.547,-29.883],[8.496,-29.102],[2.734,-24.219],[-2.148,-16.895],[-4.395,-10.156],[-4.688,-7.617],[-3.711,-3.516],[-1.074,-1.563],[2.539,-2.441],[5.664,-5.273],[8.691,-8.594],[9.082,-9.18],[9.375,-9.375],[9.57,-8.594],[9.766,-6.641],[10.449,-2.832],[12.305,-0.586]],"c":true},"ix":2},"nm":"a","mn":"ADBE Vector Shape - Group","hd":false}],"nm":"a","np":3,"cix":2,"bm":0,"ix":1,"mn":"ADBE Vector Group","hd":false}]},"fFamily":"Hasty"},{"ch":"n","size":106,"style":"Regular","w":37.99,"data":{"shapes":[{"ty":"gr","it":[{"ind":0,"ty":"sh","ix":1,"ks":{"a":0,"k":{"i":[[-0.716,0.13],[-0.327,0.716],[-0.195,0.652],[-0.261,0.717],[-0.522,1.042],[-1.237,2.019],[-1.367,1.953],[-1.628,1.889],[-0.977,0.847],[-0.195,-0.195],[0.195,-0.586],[0.325,-0.845],[0.911,-4.102],[-0.391,-1.822],[-0.781,-0.845],[-1.108,0],[-0.781,0.325],[-1.042,0.847],[-1.498,1.563],[-1.694,1.953],[-0.847,1.042],[-0.717,0.977],[-0.522,0.912],[0,0.195],[1.172,-1.172],[1.367,-1.367],[0.781,-0.845],[0.455,-0.455],[0.845,-0.716],[0.52,-0.455],[1.302,-0.781],[0.195,0.195],[-0.066,1.433],[-0.327,1.563],[-0.391,1.367],[-0.327,1.042],[-0.131,1.758],[0.391,0.977],[0.455,0.261],[0.716,-0.195],[2.278,-2.473],[2.603,-3.841],[0.455,-0.65],[0.064,0.131],[-0.652,2.214],[-0.847,2.734],[-0.066,0.781],[0.586,0.586],[0.65,0],[0,0],[0.586,-0.52],[0.325,-0.716],[0.65,-2.083],[0.717,-3.32],[0,-2.408],[-0.064,-0.455],[-0.259,-0.261]],"o":[[0.652,-0.195],[0.064,-0.195],[0.195,-0.65],[0.259,-0.977],[0.586,-1.041],[1.758,-2.734],[1.431,-1.953],[0.977,-1.106],[0.977,-0.845],[0,0.066],[-0.261,0.652],[-1.758,4.037],[-0.977,4.102],[0.259,1.498],[0.845,0.781],[0.845,0],[0.716,-0.327],[0.52,-0.455],[1.431,-1.497],[0.911,-0.977],[0.911,-0.977],[1.431,-1.692],[0.52,-0.977],[0,-0.259],[-1.108,1.172],[-0.912,0.977],[-0.847,0.847],[-0.522,0.456],[-0.847,0.781],[-1.042,0.912],[-1.367,0.781],[-0.261,-0.13],[0.13,-1.431],[0.195,-0.845],[0.325,-1.367],[0.65,-2.539],[0.13,-1.758],[-0.391,-0.781],[-0.456,-0.259],[-1.433,0.391],[-2.28,2.475],[-0.586,0.912],[-0.456,0.586],[-0.066,-0.195],[0.65,-2.213],[0.911,-2.603],[0.064,-0.845],[-0.586,-0.586],[0,0],[-0.652,0],[-0.391,0.327],[-0.327,0.717],[-1.953,6.12],[-0.781,3.256],[0,1.367],[0.066,0.391],[0.522,0.52]],"v":[[-1.074,0.879],[0.391,-0.488],[0.781,-1.758],[1.465,-3.809],[2.637,-6.836],[5.371,-11.426],[10.059,-18.457],[14.648,-24.219],[17.578,-27.148],[19.336,-28.125],[19.043,-27.148],[18.164,-24.902],[14.16,-12.695],[13.281,-3.809],[14.844,-0.293],[17.773,0.879],[20.215,0.391],[22.852,-1.367],[25.879,-4.395],[30.566,-9.57],[33.203,-12.598],[35.645,-15.527],[38.574,-19.434],[39.355,-21.191],[37.598,-19.824],[33.887,-16.016],[31.348,-13.281],[29.395,-11.328],[27.344,-9.57],[25.293,-7.715],[21.777,-5.176],[19.434,-4.297],[19.141,-6.641],[19.824,-11.133],[20.703,-14.453],[21.68,-18.066],[22.852,-24.512],[22.461,-28.613],[21.191,-30.176],[19.434,-30.273],[13.867,-25.977],[6.543,-16.504],[4.98,-14.16],[4.199,-13.477],[5.078,-17.09],[7.324,-24.512],[8.789,-29.59],[8.008,-31.738],[6.152,-32.617],[6.055,-32.617],[4.199,-31.836],[3.125,-30.273],[1.66,-26.074],[-2.344,-11.914],[-3.516,-3.418],[-3.418,-0.684],[-2.93,0.293]],"c":true},"ix":2},"nm":"n","mn":"ADBE Vector Shape - Group","hd":false}],"nm":"n","np":3,"cix":2,"bm":0,"ix":1,"mn":"ADBE Vector Group","hd":false}]},"fFamily":"Hasty"},{"ch":"k","size":106,"style":"Regular","w":31.35,"data":{"shapes":[{"ty":"gr","it":[{"ind":0,"ty":"sh","ix":1,"ks":{"a":0,"k":{"i":[[0.455,0.327],[0.586,0],[0,0],[0.586,-0.13],[0.65,-0.325],[3.32,-7.291],[3.775,-13.216],[1.042,-6.509],[0,-1.758],[-0.716,-0.391],[-0.325,0],[-0.064,0],[-0.259,0.259],[-0.586,2.019],[-0.456,2.019],[-0.195,0.781],[-0.066,0],[-0.195,-0.455],[-0.195,-0.586],[-1.889,-1.106],[-2.28,0.912],[-2.019,1.694],[-2.734,2.995],[-1.303,1.563],[0,0.131],[0,0],[0.455,-0.259],[0.911,-0.911],[1.172,-1.106],[1.106,-1.041],[1.758,-1.106],[0.977,0.327],[0.781,0.847],[0.781,1.303],[0,0.261],[-0.652,0.066],[-2.214,1.823],[-1.563,2.409],[-0.522,1.303],[-0.066,1.303],[0.195,0.717],[0.586,0.586],[2.344,-1.106],[2.734,-3.189],[0.391,-0.455],[0,0.066],[-0.456,1.758],[-0.586,2.28],[-0.391,1.237],[-0.327,1.108],[-0.327,0.652],[-0.327,0.327],[-2.019,2.605],[-1.367,2.214],[-0.977,3.581],[0.65,1.433]],"o":[[-0.456,-0.259],[0,0],[-0.456,0],[-0.522,0.195],[-3.061,1.694],[-3.256,7.227],[-3.32,11.98],[-0.455,2.8],[0,2.28],[0.327,0.195],[0.066,0],[0.391,0],[0.325,-0.327],[0.65,-2.017],[0.195,-1.041],[0.195,-0.716],[0.064,0],[0.195,0.456],[1.041,2.93],[1.888,1.108],[1.627,-0.716],[2.017,-1.627],[1.041,-1.172],[1.236,-1.563],[0,0],[0,-0.325],[-0.522,0.261],[-0.586,0.586],[-1.172,1.108],[-2.8,2.734],[-1.758,1.108],[-0.522,-0.195],[-0.717,-0.845],[-0.912,-1.563],[-0.066,-0.325],[2.017,-0.13],[2.213,-1.822],[0.845,-1.302],[0.586,-1.367],[0.064,-1.106],[-0.195,-0.716],[-1.237,-1.236],[-2.28,1.108],[-0.586,0.652],[-0.456,0.456],[-0.066,0],[0.52,-1.758],[0.391,-1.302],[0.325,-1.236],[0.455,-1.497],[0.259,-0.716],[1.888,-2.017],[2.017,-2.603],[2.017,-3.189],[1.041,-3.58],[-0.261,-0.586]],"v":[[28.906,-82.422],[27.344,-82.813],[27.246,-82.813],[25.684,-82.617],[23.926,-81.836],[14.355,-68.359],[3.809,-37.695],[-2.734,-9.961],[-3.418,-3.125],[-2.344,0.879],[-1.367,1.172],[-1.172,1.172],[-0.195,0.781],[1.172,-2.734],[2.832,-8.789],[3.418,-11.523],[3.809,-12.598],[4.199,-11.914],[4.785,-10.352],[9.18,-4.297],[15.43,-4.004],[20.898,-7.617],[28.027,-14.551],[31.543,-18.652],[33.398,-21.191],[33.398,-21.289],[32.715,-21.387],[30.566,-19.629],[27.93,-17.09],[24.512,-13.867],[17.676,-8.105],[13.574,-6.934],[11.621,-8.496],[9.375,-11.719],[8.008,-14.453],[8.887,-15.039],[15.234,-17.969],[20.898,-24.316],[22.949,-28.223],[23.926,-32.227],[23.73,-34.961],[22.559,-36.914],[17.188,-37.109],[9.668,-30.664],[8.203,-29.004],[7.52,-28.418],[8.105,-31.055],[9.766,-37.109],[10.938,-40.918],[11.914,-44.434],[13.086,-47.656],[13.965,-49.219],[19.824,-56.152],[24.902,-63.379],[29.395,-73.535],[29.98,-81.055]],"c":true},"ix":2},"nm":"k","mn":"ADBE Vector Shape - Group","hd":false},{"ind":1,"ty":"sh","ix":2,"ks":{"a":0,"k":{"i":[[-0.066,0],[0,0],[0,0],[0,-0.977],[0,0],[0.391,-1.497],[1.497,-2.734],[2.734,-3.45],[0.455,-0.455],[0.064,0],[0,0.131],[0,0],[-0.717,1.953],[-0.912,2.148],[-0.456,1.042],[-0.391,0.717],[-0.456,0.781],[-0.522,0.781],[-0.781,1.237],[-0.195,0.131]],"o":[[0,0],[0,0],[0.391,0.066],[0,0],[0,1.042],[-0.717,2.866],[-1.498,2.734],[-1.563,2.084],[-0.261,0.195],[-0.131,0],[0,0],[0.064,-0.52],[0.781,-1.953],[0.455,-1.172],[0.52,-1.106],[0.325,-0.65],[0.391,-0.845],[0.845,-1.563],[0.781,-1.302],[0.13,-0.064]],"v":[[28.125,-80.469],[28.223,-80.469],[28.32,-80.469],[28.906,-78.906],[28.906,-78.809],[28.32,-75],[25,-66.602],[18.652,-57.324],[15.625,-53.516],[15.137,-53.223],[14.941,-53.418],[14.941,-53.516],[16.113,-57.227],[18.652,-63.379],[20.02,-66.699],[21.387,-69.434],[22.559,-71.582],[23.926,-74.023],[26.367,-78.223],[27.832,-80.371]],"c":true},"ix":2},"nm":"k","mn":"ADBE Vector Shape - Group","hd":false},{"ind":2,"ty":"sh","ix":3,"ks":{"a":0,"k":{"i":[[-1.889,1.758],[-0.717,0],[0,0],[0,-0.325],[0.064,-0.325],[0.65,-1.302],[1.692,-1.822],[2.148,-1.106],[0.391,-0.195],[0,0],[0,0.261],[-0.066,0.391],[-0.456,0.717],[-1.433,1.823]],"o":[[1.822,-1.692],[0,0],[0.195,0],[0,0.195],[-0.261,0.781],[-1.367,2.605],[-1.758,1.823],[-0.522,0.261],[0,0],[-0.066,0],[0,-0.259],[0.064,-0.586],[0.455,-0.65],[2.213,-2.734]],"v":[[15.137,-32.52],[18.945,-35.059],[19.043,-35.059],[19.336,-34.57],[19.238,-33.789],[17.871,-30.664],[13.281,-24.023],[7.422,-19.629],[6.055,-18.945],[5.371,-18.75],[5.273,-19.141],[5.371,-20.117],[6.152,-22.07],[8.984,-25.781]],"c":true},"ix":2},"nm":"k","mn":"ADBE Vector Shape - Group","hd":false}],"nm":"k","np":6,"cix":2,"bm":0,"ix":1,"mn":"ADBE Vector Group","hd":false}]},"fFamily":"Hasty"},{"ch":" ","size":106,"style":"Regular","w":26.95,"data":{},"fFamily":"Hasty"},{"ch":"Y","size":106,"style":"Regular","w":62.01,"data":{"shapes":[{"ty":"gr","it":[{"ind":0,"ty":"sh","ix":1,"ks":{"a":0,"k":{"i":[[0.13,0.195],[0.325,-0.195],[0.781,-0.391],[0.65,-0.325],[1.106,-0.65],[0.977,-0.52],[2.603,-2.864],[0,-1.888],[-0.261,-0.716],[-1.108,-0.52],[-1.172,0.327],[-0.912,0.781],[0,0.391],[0.325,0.131],[0.325,-0.195],[0.455,-0.259],[0.52,0],[0.391,0.977],[-0.652,1.303],[-1.953,1.498],[-4.753,2.93],[-0.977,0.652],[-0.195,0.131],[-0.195,0.066],[0,0],[0.259,-0.52],[0.455,-0.65],[0.781,-1.431],[0.911,-1.692],[1.627,-3.255],[0.781,-1.822],[0.716,-2.669],[0,-2.603],[-0.066,-0.586],[-0.327,-0.65],[-0.977,-0.911],[-0.847,-0.195],[-1.303,0.131],[-1.108,0.586],[-3.386,3.256],[-3.516,4.688],[-1.628,2.344],[-0.977,1.628],[-0.261,0.391],[-0.066,-0.064],[0.13,-0.781],[0.195,-0.977],[0.716,-4.166],[0.259,-3.645],[0.13,-0.586],[0.13,-0.13],[0.781,-0.325],[0.977,-0.325],[4.752,-3.97],[1.822,-5.273],[0,-2.866],[-1.108,-2.084],[-1.628,-1.172],[-1.823,-0.327],[-0.781,0],[-1.889,0.781],[-2.539,2.603],[-2.148,5.533],[-1.042,8.398],[-0.195,0.912],[-0.131,0.131],[-0.586,0.066],[-0.586,0],[-1.108,0.195],[0.52,0.391],[2.344,0.195],[1.758,-0.325],[0.325,0],[0.064,0.066],[-0.066,0.977],[-0.195,1.367],[-0.717,3.711],[-1.172,3.842],[-0.847,2.214],[-0.977,2.539],[-0.522,1.367],[0,0.195],[0.586,0.586],[0.455,0],[0.845,-1.302],[1.692,-3.775],[0.845,-1.692],[0.716,-1.172],[0.911,-1.497],[0.52,-0.845],[1.888,-2.539],[2.083,-2.344],[1.953,-1.822],[1.888,-0.845],[1.302,-0.325],[0.586,0.131],[-0.522,3.842],[-2.475,5.991],[-1.367,2.67],[-3.061,5.991],[-0.652,1.758],[-0.131,1.433],[0.064,0.327],[0.259,0.327]],"o":[[-0.586,0.327],[-0.391,0.195],[-0.717,0.456],[-0.652,0.391],[-1.108,0.586],[-6.25,3.452],[-1.889,2.084],[0,0.717],[0.455,1.108],[1.106,0.522],[0.716,-0.195],[0.911,-0.845],[0,-0.325],[-0.327,-0.13],[-0.781,0.586],[-0.456,0.195],[-1.172,0],[-0.391,-0.911],[0.716,-1.431],[1.888,-1.563],[1.236,-0.716],[1.041,-0.65],[0.13,-0.195],[0,0],[0.064,0.066],[-0.261,0.522],[-0.586,0.977],[-0.781,1.433],[-1.628,3.125],[-1.563,3.256],[-1.628,4.102],[-0.652,2.67],[0,1.694],[0.064,0.652],[0.391,0.977],[0.977,0.912],[0.977,0.261],[1.302,-0.13],[2.473,-1.172],[3.32,-3.32],[2.669,-3.58],[1.627,-2.344],[0.325,-0.586],[0.259,-0.325],[0,0.066],[-0.195,0.717],[-0.847,3.386],[-0.652,4.167],[-0.066,0.717],[-0.066,0.586],[-0.066,0.131],[-0.717,0.327],[-7.813,2.734],[-4.819,3.906],[-1.108,3.125],[0,2.93],[0.911,1.563],[1.627,1.172],[0.781,0.13],[1.888,0],[2.669,-1.108],[3.58,-3.777],[2.083,-5.6],[0.195,-1.888],[0.13,-0.845],[0.13,-0.13],[0.52,-0.13],[4.752,-0.391],[1.106,-0.259],[-0.652,-0.455],[-2.344,-0.13],[-0.391,0.066],[-0.327,0],[-0.066,-0.064],[0.064,-0.977],[0.52,-4.688],[0.781,-3.711],[0.65,-2.017],[0.845,-2.213],[0.716,-1.692],[0.455,-1.302],[0,-0.455],[-0.586,-0.586],[-0.847,0],[-0.912,1.303],[-0.522,1.108],[-0.912,1.628],[-0.717,1.172],[-0.847,1.498],[-1.303,2.148],[-1.889,2.539],[-3.906,4.233],[-2.019,1.758],[-1.303,0.652],[-1.237,0.261],[-1.628,-0.52],[0.52,-3.775],[0.586,-1.431],[1.302,-2.734],[1.302,-2.473],[0.586,-1.692],[0.064,-0.845],[-0.066,-0.325],[-0.261,-0.325]],"v":[[29.004,-74.023],[27.637,-73.242],[25.879,-72.363],[23.828,-71.191],[21.191,-69.629],[18.066,-67.969],[4.785,-58.496],[1.953,-52.539],[2.344,-50.391],[4.688,-47.949],[8.105,-47.656],[10.547,-49.121],[11.914,-50.977],[11.426,-51.66],[10.449,-51.563],[8.594,-50.293],[7.129,-50],[4.785,-51.465],[5.176,-54.785],[9.18,-59.18],[19.141,-65.918],[22.461,-67.969],[24.316,-69.141],[24.805,-69.531],[25.098,-69.629],[24.805,-68.75],[23.73,-66.992],[21.68,-63.379],[19.141,-58.691],[14.258,-49.121],[10.742,-41.504],[7.227,-31.348],[6.25,-23.438],[6.348,-20.02],[6.934,-18.066],[8.984,-15.234],[11.719,-13.574],[15.137,-13.379],[18.75,-14.453],[27.539,-21.094],[37.793,-33.105],[44.238,-41.992],[48.145,-47.949],[49.023,-49.414],[49.512,-49.805],[49.316,-48.535],[48.73,-45.996],[46.387,-34.668],[45.02,-22.949],[44.727,-20.996],[44.434,-19.922],[43.164,-19.238],[40.625,-18.262],[21.777,-8.203],[11.816,5.566],[10.156,14.551],[11.816,22.07],[15.625,26.172],[20.801,28.418],[23.145,28.613],[28.809,27.441],[36.621,21.875],[45.215,7.91],[49.902,-13.086],[50.488,-17.285],[50.879,-18.75],[51.953,-19.043],[53.613,-19.238],[62.402,-20.117],[63.281,-21.094],[58.789,-22.07],[52.637,-21.777],[51.563,-21.68],[50.977,-21.777],[50.977,-23.34],[51.367,-26.855],[53.223,-39.453],[56.152,-50.781],[58.398,-57.129],[61.133,-64.258],[62.988,-68.848],[63.672,-71.094],[62.793,-72.656],[61.23,-73.535],[58.691,-71.582],[54.785,-63.965],[52.734,-59.766],[50.293,-55.566],[47.852,-51.563],[45.801,-48.047],[41.016,-41.016],[35.059,-33.691],[26.27,-24.609],[20.41,-20.703],[16.504,-19.238],[13.77,-19.043],[12.109,-25.586],[16.602,-40.234],[19.531,-46.387],[26.074,-59.473],[29.004,-65.82],[30.078,-70.508],[30.078,-72.266],[29.59,-73.242]],"c":true},"ix":2},"nm":"Y","mn":"ADBE Vector Shape - Group","hd":false},{"ind":1,"ty":"sh","ix":2,"ks":{"a":0,"k":{"i":[[-2.409,0.912],[-0.522,0.066],[0,-0.064],[0,-0.325],[0.13,-1.106],[0.325,-2.017],[0.259,-1.302],[0.195,-0.911],[2.603,-4.037],[2.93,-1.433],[0.586,-0.131],[0.977,0],[0.195,0],[0.65,0.13],[0.977,0.716],[0.781,1.497],[0,1.497],[-0.456,1.692],[-0.586,1.236],[-3.191,2.995],[-3.906,1.953]],"o":[[2.408,-0.911],[0.064,0],[0.064,0],[0,0.391],[-0.195,1.694],[-0.261,1.433],[-0.261,1.367],[-1.367,5.403],[-2.605,4.102],[-0.652,0.325],[-0.522,0.13],[-0.261,0],[-1.108,0],[-0.847,-0.261],[-1.172,-0.847],[-0.717,-1.433],[0,-0.977],[0.455,-1.694],[1.497,-3.386],[3.125,-2.994],[1.888,-0.977]],"v":[[39.648,-15.332],[44.043,-16.797],[44.141,-16.699],[44.238,-16.211],[44.043,-13.965],[43.262,-8.398],[42.48,-4.297],[41.797,-0.879],[35.84,13.281],[27.539,21.582],[25.684,22.266],[23.438,22.461],[22.754,22.461],[20.117,22.266],[17.383,20.801],[14.453,17.285],[13.379,12.891],[14.063,8.887],[15.625,4.492],[22.656,-5.078],[33.203,-12.5]],"c":true},"ix":2},"nm":"Y","mn":"ADBE Vector Shape - Group","hd":false}],"nm":"Y","np":5,"cix":2,"bm":0,"ix":1,"mn":"ADBE Vector Group","hd":false}]},"fFamily":"Hasty"},{"ch":"o","size":106,"style":"Regular","w":21.29,"data":{"shapes":[{"ty":"gr","it":[{"ind":0,"ty":"sh","ix":1,"ks":{"a":0,"k":{"i":[[0.586,0.652],[0.716,0],[0,0],[0.391,-0.13],[0.325,-0.325],[0.259,-0.13],[0.65,0.066],[0.391,-0.455],[0.586,-0.586],[0.586,-1.822],[0,-0.716],[-0.391,-0.781],[-0.325,-0.391],[-0.325,-0.195],[-0.847,0],[0,0],[-0.717,0.327],[-1.172,1.042],[-0.652,1.042],[-0.261,0.391],[-0.456,0.066],[-0.717,0.131],[-0.522,0.195],[-1.694,1.172],[0,0.261],[0.195,0],[0.52,-0.13],[0.586,-0.195],[1.367,-0.195],[0.911,0],[0.064,0.131],[0.13,0.586]],"o":[[-0.652,-0.65],[0,0],[-0.327,0.066],[-0.327,0.195],[-0.391,0.327],[-0.261,0.066],[-0.847,-0.259],[-0.327,0.391],[-1.627,1.758],[-0.195,0.781],[0,0.912],[0.195,0.391],[0.327,0.391],[0.586,0.391],[0,0],[0.781,0],[0.911,-0.455],[1.106,-1.106],[0.586,-0.845],[0.781,-0.064],[0.52,-0.064],[0.716,-0.195],[1.692,-0.716],[1.106,-0.781],[0,-0.13],[-0.066,0],[-0.522,0.131],[-1.303,0.456],[-1.303,0.261],[-0.652,0],[-0.131,-0.064],[-0.195,-1.172]],"v":[[10.449,-23.828],[8.398,-24.805],[8.301,-24.805],[7.227,-24.512],[6.25,-23.73],[5.273,-23.047],[3.906,-23.047],[2.051,-22.754],[0.684,-21.289],[-2.637,-15.918],[-2.93,-13.672],[-2.344,-11.133],[-1.563,-9.961],[-0.586,-9.082],[1.563,-8.496],[1.66,-8.496],[3.906,-8.984],[7.031,-11.23],[9.668,-14.453],[10.938,-16.309],[12.793,-16.504],[14.648,-16.797],[16.504,-17.383],[21.582,-20.215],[23.242,-21.777],[22.949,-21.973],[22.07,-21.777],[20.41,-21.289],[16.406,-20.313],[13.086,-19.922],[12.012,-20.117],[11.621,-21.094]],"c":true},"ix":2},"nm":"o","mn":"ADBE Vector Shape - Group","hd":false},{"ind":1,"ty":"sh","ix":2,"ks":{"a":0,"k":{"i":[[0,0.195],[0,0.066],[-0.327,0],[-0.261,-0.325],[0,-0.325],[0.259,0],[0.064,0],[0.259,0.195]],"o":[[0,-0.13],[0.13,-0.325],[0.195,0],[0.195,0.327],[0,0.195],[-0.066,0],[-0.327,-0.064],[-0.131,-0.195]],"v":[[8.594,-21.484],[8.594,-21.777],[9.277,-22.266],[9.961,-21.777],[10.254,-20.801],[9.863,-20.508],[9.668,-20.508],[8.789,-20.898]],"c":true},"ix":2},"nm":"o","mn":"ADBE Vector Shape - Group","hd":false},{"ind":2,"ty":"sh","ix":3,"ks":{"a":0,"k":{"i":[[-0.195,0.261],[-0.195,0],[-0.131,-0.13],[-0.261,-0.259],[-0.327,-0.064],[0,-0.195],[0,0],[0.13,-0.259],[0.391,-0.455],[0.391,-0.455],[0.259,-0.195],[0.52,-0.064],[0.064,0],[0.13,0.261],[0,0.195],[-0.195,0.652],[-0.391,0.847]],"o":[[0.195,-0.259],[0.195,0],[0.195,0.131],[0.716,0.586],[0.325,0],[0,0],[0,0.195],[-0.131,0.261],[-0.327,0.391],[-0.456,0.391],[-0.522,0.391],[-0.066,0],[-0.456,0],[-0.066,-0.13],[0,-0.391],[0.259,-0.911],[0.325,-0.586]],"v":[[4.785,-18.359],[5.371,-18.75],[5.859,-18.555],[6.543,-17.969],[8.105,-16.992],[8.594,-16.699],[8.594,-16.602],[8.398,-15.918],[7.617,-14.844],[6.543,-13.574],[5.469,-12.695],[3.906,-12.012],[3.711,-12.012],[2.832,-12.402],[2.734,-12.891],[3.027,-14.453],[4.004,-17.09]],"c":true},"ix":2},"nm":"o","mn":"ADBE Vector Shape - Group","hd":false}],"nm":"o","np":6,"cix":2,"bm":0,"ix":1,"mn":"ADBE Vector Group","hd":false}]},"fFamily":"Hasty"},{"ch":"u","size":106,"style":"Regular","w":36.62,"data":{"shapes":[{"ty":"gr","it":[{"ind":0,"ty":"sh","ix":1,"ks":{"a":0,"k":{"i":[[-0.717,0],[-0.131,0],[-0.847,0.52],[-1.758,2.148],[-3.647,5.209],[-0.586,1.172],[0,0.391],[0.13,0.131],[0.65,-0.716],[1.758,-2.539],[2.278,-2.539],[1.172,0],[0.195,0.391],[0,1.563],[-0.652,2.93],[-1.498,4.688],[-0.066,0.847],[0.716,0.586],[0.455,0],[0.064,0],[0.52,-0.325],[0.259,-0.52],[0.586,-1.692],[1.172,-2.017],[2.017,-2.798],[1.692,-1.822],[1.106,-0.325],[-0.259,2.28],[-1.758,4.883],[-0.261,0.977],[0.064,0.131],[0.195,0.066],[0.195,0],[0.325,-0.455],[0.716,-1.758],[0.391,-2.603],[0,-0.455],[-1.106,-0.845],[-2.28,1.498],[-2.866,3.842],[-0.522,0.586],[0,-0.13],[0.064,-0.586],[0.13,-0.781],[-0.456,-2.148],[-1.367,-0.847]],"o":[[0.13,0],[0.845,-0.066],[1.431,-0.911],[1.822,-2.148],[2.213,-3.189],[0.391,-0.716],[0,-0.195],[-0.261,-0.13],[-0.586,0.717],[-3.452,5.144],[-2.214,2.475],[-0.456,0],[-0.131,-0.391],[0,-2.083],[0.716,-2.864],[1.041,-3.125],[0.064,-0.781],[-0.522,-0.455],[-0.066,0],[-0.456,-0.064],[-0.522,0.195],[-0.261,0.522],[-0.522,1.498],[-1.108,2.019],[-2.475,3.516],[-1.628,1.889],[-1.236,0.391],[0.261,-2.213],[0.455,-1.236],[0.325,-1.041],[-0.066,-0.13],[-0.131,-0.064],[-0.327,0.066],[-0.261,0.456],[-2.148,5.078],[-0.064,0.522],[0,1.823],[1.303,1.042],[2.278,-1.497],[0.65,-0.977],[0.52,-0.586],[0.064,0.066],[-0.066,0.586],[-0.586,3.256],[0.455,2.148],[0.65,0.391]],"v":[[18.066,1.66],[18.457,1.66],[20.996,0.781],[25.781,-3.809],[33.984,-14.844],[38.184,-21.387],[38.77,-23.047],[38.574,-23.535],[37.207,-22.656],[33.691,-17.773],[25.098,-6.25],[20.02,-2.539],[19.043,-3.125],[18.848,-6.055],[19.824,-13.574],[23.145,-24.902],[24.805,-30.859],[23.828,-32.91],[22.363,-33.594],[22.168,-33.594],[20.703,-33.203],[19.531,-32.129],[18.262,-28.809],[15.723,-23.535],[11.035,-16.309],[4.785,-8.301],[0.684,-4.98],[-0.781,-7.813],[2.246,-18.457],[3.32,-21.777],[3.711,-23.535],[3.32,-23.828],[2.832,-23.926],[1.855,-23.145],[0.391,-19.824],[-3.418,-8.301],[-3.516,-6.836],[-1.855,-2.832],[3.516,-3.516],[11.23,-11.523],[12.988,-13.867],[13.77,-14.551],[13.77,-13.574],[13.477,-11.523],[13.281,-3.418],[16.016,1.074]],"c":true},"ix":2},"nm":"u","mn":"ADBE Vector Shape - Group","hd":false}],"nm":"u","np":3,"cix":2,"bm":0,"ix":1,"mn":"ADBE Vector Group","hd":false}]},"fFamily":"Hasty"}]}