{"v":"5.5.7","meta":{"g":"LottieFiles AE 0.1.20","a":"","k":"","d":"","tc":""},"fr":60,"ip":0,"op":150,"w":400,"h":400,"nm":"GayPrideFan","ddd":0,"assets":[{"id":"comp_0","layers":[{"ddd":0,"ind":1,"ty":4,"nm":"1 stem 2","sr":1,"ks":{"o":{"a":0,"k":100,"ix":11},"r":{"a":1,"k":[{"i":{"x":[0.667],"y":[1]},"o":{"x":[0.333],"y":[0]},"t":20,"s":[0]},{"i":{"x":[0.667],"y":[1]},"o":{"x":[1],"y":[0]},"t":24,"s":[-10]},{"t":28,"s":[0]}],"ix":10},"p":{"a":1,"k":[{"i":{"x":0.667,"y":1},"o":{"x":0.333,"y":0},"t":20,"s":[200,200,0],"to":[0,0,0],"ti":[0,0,0]},{"i":{"x":0.667,"y":1},"o":{"x":1,"y":0},"t":24,"s":[194,200,0],"to":[0,0,0],"ti":[0,0,0]},{"t":28,"s":[200,200,0]}],"ix":2},"a":{"a":0,"k":[0,0,0],"ix":1},"s":{"a":0,"k":[100,100,100],"ix":6}},"ao":0,"shapes":[{"ty":"gr","it":[{"ind":0,"ty":"sh","ix":1,"ks":{"a":0,"k":{"i":[[0,0.665],[-0.665,0],[0,-0.665],[0.665,0]],"o":[[0,-0.665],[0.665,0],[0,0.665],[-0.665,0]],"v":[[11.403,34.125],[12.607,32.921],[13.812,34.125],[12.607,35.33]],"c":true},"ix":2},"nm":"Path 1","mn":"ADBE Vector Shape - Group","hd":false},{"ty":"fl","c":{"a":0,"k":[1,0.549019634724,0,1],"ix":4},"o":{"a":0,"k":100,"ix":5},"r":1,"bm":0,"nm":"Fill 1","mn":"ADBE Vector Graphic - Fill","hd":false},{"ty":"tr","p":{"a":0,"k":[0,0],"ix":2},"a":{"a":0,"k":[0,0],"ix":1},"s":{"a":0,"k":[100,100],"ix":3},"r":{"a":0,"k":0,"ix":6},"o":{"a":0,"k":100,"ix":7},"sk":{"a":0,"k":0,"ix":4},"sa":{"a":0,"k":0,"ix":5},"nm":"Transform"}],"nm":"Group 1","np":2,"cix":2,"bm":0,"ix":1,"mn":"ADBE Vector Group","hd":false},{"ty":"gr","it":[{"ind":0,"ty":"sh","ix":1,"ks":{"a":0,"k":{"i":[[0,0.665],[-0.665,0],[0,-0.665],[0.665,0]],"o":[[0,-0.665],[0.665,0],[0,0.665],[-0.665,0]],"v":[[16.211,30.26],[17.415,29.055],[18.62,30.26],[17.415,31.464]],"c":true},"ix":2},"nm":"Path 1","mn":"ADBE Vector Shape - Group","hd":false},{"ty":"fl","c":{"a":0,"k":[1,0.549019634724,0,1],"ix":4},"o":{"a":0,"k":100,"ix":5},"r":1,"bm":0,"nm":"Fill 1","mn":"ADBE Vector Graphic - Fill","hd":false},{"ty":"tr","p":{"a":0,"k":[0,0],"ix":2},"a":{"a":0,"k":[0,0],"ix":1},"s":{"a":0,"k":[100,100],"ix":3},"r":{"a":0,"k":0,"ix":6},"o":{"a":0,"k":100,"ix":7},"sk":{"a":0,"k":0,"ix":4},"sa":{"a":0,"k":0,"ix":5},"nm":"Transform"}],"nm":"Group 2","np":2,"cix":2,"bm":0,"ix":2,"mn":"ADBE Vector Group","hd":false},{"ty":"gr","it":[{"ind":0,"ty":"sh","ix":1,"ks":{"a":0,"k":{"i":[[0,0.665],[-0.665,0],[0,-0.665],[0.665,0]],"o":[[0,-0.665],[0.665,0],[0,0.665],[-0.665,0]],"v":[[21.019,26.394],[22.223,25.189],[23.428,26.394],[22.223,27.598]],"c":true},"ix":2},"nm":"Path 1","mn":"ADBE Vector Shape - Group","hd":false},{"ty":"fl","c":{"a":0,"k":[1,0.549019634724,0,1],"ix":4},"o":{"a":0,"k":100,"ix":5},"r":1,"bm":0,"nm":"Fill 1","mn":"ADBE Vector Graphic - Fill","hd":false},{"ty":"tr","p":{"a":0,"k":[0,0],"ix":2},"a":{"a":0,"k":[0,0],"ix":1},"s":{"a":0,"k":[100,100],"ix":3},"r":{"a":0,"k":0,"ix":6},"o":{"a":0,"k":100,"ix":7},"sk":{"a":0,"k":0,"ix":4},"sa":{"a":0,"k":0,"ix":5},"nm":"Transform"}],"nm":"Group 3","np":2,"cix":2,"bm":0,"ix":3,"mn":"ADBE Vector Group","hd":false},{"ty":"gr","it":[{"ind":0,"ty":"sh","ix":1,"ks":{"a":0,"k":{"i":[[0,0.665],[-0.665,0],[0,-0.665],[0.665,0]],"o":[[0,-0.665],[0.665,0],[0,0.665],[-0.665,0]],"v":[[25.827,22.514],[27.031,21.31],[28.236,22.514],[27.031,23.719]],"c":true},"ix":2},"nm":"Path 1","mn":"ADBE Vector Shape - Group","hd":false},{"ty":"fl","c":{"a":0,"k":[1,0.549019634724,0,1],"ix":4},"o":{"a":0,"k":100,"ix":5},"r":1,"bm":0,"nm":"Fill 1","mn":"ADBE Vector Graphic - Fill","hd":false},{"ty":"tr","p":{"a":0,"k":[0,0],"ix":2},"a":{"a":0,"k":[0,0],"ix":1},"s":{"a":0,"k":[100,100],"ix":3},"r":{"a":0,"k":0,"ix":6},"o":{"a":0,"k":100,"ix":7},"sk":{"a":0,"k":0,"ix":4},"sa":{"a":0,"k":0,"ix":5},"nm":"Transform"}],"nm":"Group 4","np":2,"cix":2,"bm":0,"ix":4,"mn":"ADBE Vector Group","hd":false},{"ty":"gr","it":[{"ind":0,"ty":"sh","ix":1,"ks":{"a":0,"k":{"i":[[0,0],[0,0]],"o":[[0,0],[0,0]],"v":[[5.708,39.7],[154.006,-79.742]],"c":false},"ix":2},"nm":"Path 1","mn":"ADBE Vector Shape - Group","hd":false},{"ty":"st","c":{"a":0,"k":[0.976470589638,0,0.541176497936,1],"ix":3},"o":{"a":0,"k":100,"ix":4},"w":{"a":0,"k":5,"ix":5},"lc":2,"lj":2,"bm":0,"nm":"Stroke 1","mn":"ADBE Vector Graphic - Stroke","hd":false},{"ty":"tr","p":{"a":0,"k":[0,0],"ix":2},"a":{"a":0,"k":[0,0],"ix":1},"s":{"a":0,"k":[100,100],"ix":3},"r":{"a":0,"k":0,"ix":6},"o":{"a":0,"k":100,"ix":7},"sk":{"a":0,"k":0,"ix":4},"sa":{"a":0,"k":0,"ix":5},"nm":"Transform"}],"nm":"Group 5","np":2,"cix":2,"bm":0,"ix":5,"mn":"ADBE Vector Group","hd":false}],"ip":0,"op":53,"st":0,"bm":0},{"ddd":0,"ind":2,"ty":4,"nm":"1 stem","sr":1,"ks":{"o":{"a":0,"k":100,"ix":11},"r":{"a":1,"k":[{"i":{"x":[0.667],"y":[1]},"o":{"x":[0.333],"y":[0]},"t":20,"s":[0]},{"i":{"x":[0.667],"y":[1]},"o":{"x":[1],"y":[0]},"t":24,"s":[-7]},{"t":28,"s":[0]}],"ix":10},"p":{"a":1,"k":[{"i":{"x":0.667,"y":1},"o":{"x":0.333,"y":0},"t":20,"s":[200,200,0],"to":[0,0,0],"ti":[0,0,0]},{"i":{"x":0.667,"y":1},"o":{"x":1,"y":0},"t":24,"s":[194,200,0],"to":[0,0,0],"ti":[0,0,0]},{"t":28,"s":[200,200,0]}],"ix":2},"a":{"a":0,"k":[0,0,0],"ix":1},"s":{"a":0,"k":[100,100,100],"ix":6}},"ao":0,"shapes":[{"ty":"gr","it":[{"ind":0,"ty":"sh","ix":1,"ks":{"a":0,"k":{"i":[[0,0.665],[-0.665,0],[0,-0.665],[0.665,0]],"o":[[0,-0.665],[0.665,0],[0,0.665],[-0.665,0]],"v":[[11.403,34.125],[12.607,32.921],[13.812,34.125],[12.607,35.33]],"c":true},"ix":2},"nm":"Path 1","mn":"ADBE Vector Shape - Group","hd":false},{"ty":"fl","c":{"a":0,"k":[1,0.549019634724,0,1],"ix":4},"o":{"a":0,"k":100,"ix":5},"r":1,"bm":0,"nm":"Fill 1","mn":"ADBE Vector Graphic - Fill","hd":false},{"ty":"tr","p":{"a":0,"k":[0,0],"ix":2},"a":{"a":0,"k":[0,0],"ix":1},"s":{"a":0,"k":[100,100],"ix":3},"r":{"a":0,"k":0,"ix":6},"o":{"a":0,"k":100,"ix":7},"sk":{"a":0,"k":0,"ix":4},"sa":{"a":0,"k":0,"ix":5},"nm":"Transform"}],"nm":"Group 1","np":2,"cix":2,"bm":0,"ix":1,"mn":"ADBE Vector Group","hd":false},{"ty":"gr","it":[{"ind":0,"ty":"sh","ix":1,"ks":{"a":0,"k":{"i":[[0,0.665],[-0.665,0],[0,-0.665],[0.665,0]],"o":[[0,-0.665],[0.665,0],[0,0.665],[-0.665,0]],"v":[[16.211,30.26],[17.415,29.055],[18.62,30.26],[17.415,31.464]],"c":true},"ix":2},"nm":"Path 1","mn":"ADBE Vector Shape - Group","hd":false},{"ty":"fl","c":{"a":0,"k":[1,0.549019634724,0,1],"ix":4},"o":{"a":0,"k":100,"ix":5},"r":1,"bm":0,"nm":"Fill 1","mn":"ADBE Vector Graphic - Fill","hd":false},{"ty":"tr","p":{"a":0,"k":[0,0],"ix":2},"a":{"a":0,"k":[0,0],"ix":1},"s":{"a":0,"k":[100,100],"ix":3},"r":{"a":0,"k":0,"ix":6},"o":{"a":0,"k":100,"ix":7},"sk":{"a":0,"k":0,"ix":4},"sa":{"a":0,"k":0,"ix":5},"nm":"Transform"}],"nm":"Group 2","np":2,"cix":2,"bm":0,"ix":2,"mn":"ADBE Vector Group","hd":false},{"ty":"gr","it":[{"ind":0,"ty":"sh","ix":1,"ks":{"a":0,"k":{"i":[[0,0.665],[-0.665,0],[0,-0.665],[0.665,0]],"o":[[0,-0.665],[0.665,0],[0,0.665],[-0.665,0]],"v":[[21.019,26.394],[22.223,25.189],[23.428,26.394],[22.223,27.598]],"c":true},"ix":2},"nm":"Path 1","mn":"ADBE Vector Shape - Group","hd":false},{"ty":"fl","c":{"a":0,"k":[1,0.549019634724,0,1],"ix":4},"o":{"a":0,"k":100,"ix":5},"r":1,"bm":0,"nm":"Fill 1","mn":"ADBE Vector Graphic - Fill","hd":false},{"ty":"tr","p":{"a":0,"k":[0,0],"ix":2},"a":{"a":0,"k":[0,0],"ix":1},"s":{"a":0,"k":[100,100],"ix":3},"r":{"a":0,"k":0,"ix":6},"o":{"a":0,"k":100,"ix":7},"sk":{"a":0,"k":0,"ix":4},"sa":{"a":0,"k":0,"ix":5},"nm":"Transform"}],"nm":"Group 3","np":2,"cix":2,"bm":0,"ix":3,"mn":"ADBE Vector Group","hd":false},{"ty":"gr","it":[{"ind":0,"ty":"sh","ix":1,"ks":{"a":0,"k":{"i":[[0,0.665],[-0.665,0],[0,-0.665],[0.665,0]],"o":[[0,-0.665],[0.665,0],[0,0.665],[-0.665,0]],"v":[[25.827,22.514],[27.031,21.31],[28.236,22.514],[27.031,23.719]],"c":true},"ix":2},"nm":"Path 1","mn":"ADBE Vector Shape - Group","hd":false},{"ty":"fl","c":{"a":0,"k":[1,0.549019634724,0,1],"ix":4},"o":{"a":0,"k":100,"ix":5},"r":1,"bm":0,"nm":"Fill 1","mn":"ADBE Vector Graphic - Fill","hd":false},{"ty":"tr","p":{"a":0,"k":[0,0],"ix":2},"a":{"a":0,"k":[0,0],"ix":1},"s":{"a":0,"k":[100,100],"ix":3},"r":{"a":0,"k":0,"ix":6},"o":{"a":0,"k":100,"ix":7},"sk":{"a":0,"k":0,"ix":4},"sa":{"a":0,"k":0,"ix":5},"nm":"Transform"}],"nm":"Group 4","np":2,"cix":2,"bm":0,"ix":4,"mn":"ADBE Vector Group","hd":false},{"ty":"gr","it":[{"ind":0,"ty":"sh","ix":1,"ks":{"a":0,"k":{"i":[[0,0],[0,0]],"o":[[0,0],[0,0]],"v":[[5.708,39.7],[154.006,-79.742]],"c":false},"ix":2},"nm":"Path 1","mn":"ADBE Vector Shape - Group","hd":false},{"ty":"st","c":{"a":0,"k":[0.976470589638,0,0.541176497936,1],"ix":3},"o":{"a":0,"k":100,"ix":4},"w":{"a":0,"k":5,"ix":5},"lc":2,"lj":2,"bm":0,"nm":"Stroke 1","mn":"ADBE Vector Graphic - Stroke","hd":false},{"ty":"tr","p":{"a":0,"k":[0,0],"ix":2},"a":{"a":0,"k":[0,0],"ix":1},"s":{"a":0,"k":[100,100],"ix":3},"r":{"a":0,"k":0,"ix":6},"o":{"a":0,"k":100,"ix":7},"sk":{"a":0,"k":0,"ix":4},"sa":{"a":0,"k":0,"ix":5},"nm":"Transform"}],"nm":"Group 5","np":2,"cix":2,"bm":0,"ix":5,"mn":"ADBE Vector Group","hd":false}],"ip":0,"op":151,"st":0,"bm":0},{"ddd":0,"ind":3,"ty":4,"nm":"Red","sr":1,"ks":{"o":{"a":0,"k":100,"ix":11},"r":{"a":1,"k":[{"i":{"x":[0.667],"y":[1]},"o":{"x":[0.333],"y":[0]},"t":32,"s":[20]},{"i":{"x":[0.833],"y":[1]},"o":{"x":[0.167],"y":[0]},"t":35,"s":[0]},{"i":{"x":[0.833],"y":[1]},"o":{"x":[0.167],"y":[0]},"t":119,"s":[0]},{"t":122,"s":[20]}],"ix":10},"p":{"a":0,"k":[227,222,0],"ix":2},"a":{"a":0,"k":[27,22,0],"ix":1},"s":{"a":0,"k":[100,100,100],"ix":6}},"ao":0,"shapes":[{"ty":"gr","it":[{"ind":0,"ty":"sh","ix":1,"ks":{"a":0,"k":{"i":[[0,0],[0,0]],"o":[[0,0],[0,0]],"v":[[12.87,45.947],[111.374,-117.013]],"c":false},"ix":2},"nm":"Path 1","mn":"ADBE Vector Shape - Group","hd":false},{"ty":"st","c":{"a":0,"k":[0.976470589638,0,0.541176497936,1],"ix":3},"o":{"a":0,"k":100,"ix":4},"w":{"a":0,"k":5,"ix":5},"lc":2,"lj":2,"bm":0,"nm":"Stroke 1","mn":"ADBE Vector Graphic - Stroke","hd":false},{"ty":"tr","p":{"a":0,"k":[0,0],"ix":2},"a":{"a":0,"k":[0,0],"ix":1},"s":{"a":0,"k":[100,100],"ix":3},"r":{"a":0,"k":0,"ix":6},"o":{"a":0,"k":100,"ix":7},"sk":{"a":0,"k":0,"ix":4},"sa":{"a":0,"k":0,"ix":5},"nm":"Transform"}],"nm":"Stem","np":2,"cix":2,"bm":0,"ix":1,"mn":"ADBE Vector Group","hd":false},{"ty":"gr","it":[{"ty":"gr","it":[{"ind":0,"ty":"sh","ix":1,"ks":{"a":1,"k":[{"i":{"x":0.667,"y":1},"o":{"x":0.333,"y":0},"t":32,"s":[{"i":[[-0.532,-0.551],[0,0],[0.756,0.679],[0,0]],"o":[[0,0],[-0.457,-0.579],[0,0],[0.349,0.452]],"v":[[53.146,1.492],[151.51,-77.731],[150.859,-78.613],[52.453,0.613]],"c":true}]},{"i":{"x":0.667,"y":1},"o":{"x":0.167,"y":0},"t":35,"s":[{"i":[[-2.446,-3.043],[0,0],[15.973,9.683],[0,0]],"o":[[0,0],[-11.668,-14.479],[0,0],[3.351,2.037]],"v":[[53.146,1.492],[151.51,-77.731],[109.734,-114.301],[44.39,-6.199]],"c":true}]},{"i":{"x":0.667,"y":1},"o":{"x":0.167,"y":0},"t":119,"s":[{"i":[[-2.446,-3.043],[0,0],[15.973,9.683],[0,0]],"o":[[0,0],[-11.668,-14.479],[0,0],[3.351,2.037]],"v":[[53.146,1.492],[151.51,-77.731],[109.734,-114.301],[44.39,-6.199]],"c":true}]},{"t":122,"s":[{"i":[[-0.532,-0.551],[0,0],[0.756,0.679],[0,0]],"o":[[0,0],[-0.457,-0.579],[0,0],[0.349,0.452]],"v":[[53.146,1.492],[151.51,-77.731],[150.859,-78.613],[52.453,0.613]],"c":true}]}],"ix":2},"nm":"Path 1","mn":"ADBE Vector Shape - Group","hd":false},{"ty":"fl","c":{"a":0,"k":[0.89411765337,0.011764706112,0.011764706112,1],"ix":4},"o":{"a":0,"k":100,"ix":5},"r":1,"bm":0,"nm":"Fill 1","mn":"ADBE Vector Graphic - Fill","hd":false},{"ty":"tr","p":{"a":0,"k":[27.101,22.305],"ix":2},"a":{"a":0,"k":[26.98,22.199],"ix":1},"s":{"a":0,"k":[100,100],"ix":3},"r":{"a":1,"k":[{"i":{"x":[0.667],"y":[1]},"o":{"x":[0.333],"y":[0]},"t":32,"s":[-20]},{"i":{"x":[0.833],"y":[1]},"o":{"x":[0.167],"y":[0]},"t":35,"s":[0]},{"i":{"x":[0.833],"y":[1]},"o":{"x":[0.167],"y":[0]},"t":119,"s":[0]},{"t":122,"s":[-20]}],"ix":6},"o":{"a":0,"k":100,"ix":7},"sk":{"a":0,"k":0,"ix":4},"sa":{"a":0,"k":0,"ix":5},"nm":"Transform"}],"nm":"Group 1","np":2,"cix":2,"bm":0,"ix":1,"mn":"ADBE Vector Group","hd":false},{"ty":"tr","p":{"a":0,"k":[0,0],"ix":2},"a":{"a":0,"k":[0,0],"ix":1},"s":{"a":0,"k":[100,100],"ix":3},"r":{"a":0,"k":0,"ix":6},"o":{"a":0,"k":100,"ix":7},"sk":{"a":0,"k":0,"ix":4},"sa":{"a":0,"k":0,"ix":5},"nm":"Transform"}],"nm":"Color","np":1,"cix":2,"bm":0,"ix":2,"mn":"ADBE Vector Group","hd":false}],"ip":29,"op":122,"st":24,"bm":0},{"ddd":0,"ind":4,"ty":4,"nm":"Orange","sr":1,"ks":{"o":{"a":0,"k":100,"ix":11},"r":{"a":1,"k":[{"i":{"x":[0.667],"y":[1]},"o":{"x":[0.333],"y":[0]},"t":37,"s":[0]},{"i":{"x":[0.833],"y":[1]},"o":{"x":[0.167],"y":[0]},"t":40,"s":[-20]},{"i":{"x":[0.833],"y":[1]},"o":{"x":[0.167],"y":[0]},"t":116,"s":[-20]},{"t":119,"s":[0]}],"ix":10},"p":{"a":0,"k":[227,222,0],"ix":2},"a":{"a":0,"k":[27,22,0],"ix":1},"s":{"a":0,"k":[100,100,100],"ix":6}},"ao":0,"shapes":[{"ty":"gr","it":[{"ind":0,"ty":"sh","ix":1,"ks":{"a":0,"k":{"i":[[0,0],[0,0]],"o":[[0,0],[0,0]],"v":[[12.87,45.947],[111.374,-117.013]],"c":false},"ix":2},"nm":"Path 1","mn":"ADBE Vector Shape - Group","hd":false},{"ty":"st","c":{"a":0,"k":[0.976470589638,0,0.541176497936,1],"ix":3},"o":{"a":0,"k":100,"ix":4},"w":{"a":0,"k":5,"ix":5},"lc":2,"lj":2,"bm":0,"nm":"Stroke 1","mn":"ADBE Vector Graphic - Stroke","hd":false},{"ty":"tr","p":{"a":0,"k":[0,0],"ix":2},"a":{"a":0,"k":[0,0],"ix":1},"s":{"a":0,"k":[100,100],"ix":3},"r":{"a":0,"k":0,"ix":6},"o":{"a":0,"k":100,"ix":7},"sk":{"a":0,"k":0,"ix":4},"sa":{"a":0,"k":0,"ix":5},"nm":"Transform"}],"nm":"Stem","np":2,"cix":2,"bm":0,"ix":1,"mn":"ADBE Vector Group","hd":false},{"ty":"gr","it":[{"ty":"gr","it":[{"ind":0,"ty":"sh","ix":1,"ks":{"a":1,"k":[{"i":{"x":0.667,"y":1},"o":{"x":0.333,"y":0},"t":37,"s":[{"i":[[-0.532,-0.551],[0,0],[0.756,0.679],[0,0]],"o":[[0,0],[-0.457,-0.579],[0,0],[0.349,0.452]],"v":[[53.146,1.492],[151.51,-77.731],[150.859,-78.613],[52.453,0.613]],"c":true}]},{"i":{"x":0.667,"y":1},"o":{"x":0.167,"y":0},"t":40,"s":[{"i":[[-2.446,-3.043],[0,0],[15.973,9.683],[0,0]],"o":[[0,0],[-11.668,-14.479],[0,0],[3.351,2.037]],"v":[[53.146,1.492],[151.51,-77.731],[109.734,-114.301],[44.39,-6.199]],"c":true}]},{"i":{"x":0.667,"y":1},"o":{"x":0.167,"y":0},"t":116,"s":[{"i":[[-2.446,-3.043],[0,0],[15.973,9.683],[0,0]],"o":[[0,0],[-11.668,-14.479],[0,0],[3.351,2.037]],"v":[[53.146,1.492],[151.51,-77.731],[109.734,-114.301],[44.39,-6.199]],"c":true}]},{"t":119,"s":[{"i":[[-0.532,-0.551],[0,0],[0.756,0.679],[0,0]],"o":[[0,0],[-0.457,-0.579],[0,0],[0.349,0.452]],"v":[[53.146,1.492],[151.51,-77.731],[150.859,-78.613],[52.453,0.613]],"c":true}]}],"ix":2},"nm":"Path 1","mn":"ADBE Vector Shape - Group","hd":false},{"ty":"fl","c":{"a":0,"k":[1,0.549019634724,0,1],"ix":4},"o":{"a":0,"k":100,"ix":5},"r":1,"bm":0,"nm":"Fill 1","mn":"ADBE Vector Graphic - Fill","hd":false},{"ty":"tr","p":{"a":0,"k":[27.101,22.305],"ix":2},"a":{"a":0,"k":[26.98,22.199],"ix":1},"s":{"a":0,"k":[100,100],"ix":3},"r":{"a":1,"k":[{"i":{"x":[0.667],"y":[1]},"o":{"x":[0.333],"y":[0]},"t":37,"s":[-20]},{"i":{"x":[0.833],"y":[1]},"o":{"x":[0.167],"y":[0]},"t":40,"s":[0]},{"i":{"x":[0.833],"y":[1]},"o":{"x":[0.167],"y":[0]},"t":116,"s":[0]},{"t":119,"s":[-20]}],"ix":6},"o":{"a":0,"k":100,"ix":7},"sk":{"a":0,"k":0,"ix":4},"sa":{"a":0,"k":0,"ix":5},"nm":"Transform"}],"nm":"Group 1","np":2,"cix":2,"bm":0,"ix":1,"mn":"ADBE Vector Group","hd":false},{"ty":"tr","p":{"a":0,"k":[0,0],"ix":2},"a":{"a":0,"k":[0,0],"ix":1},"s":{"a":0,"k":[100,100],"ix":3},"r":{"a":0,"k":0,"ix":6},"o":{"a":0,"k":100,"ix":7},"sk":{"a":0,"k":0,"ix":4},"sa":{"a":0,"k":0,"ix":5},"nm":"Transform"}],"nm":"Color","np":1,"cix":2,"bm":0,"ix":2,"mn":"ADBE Vector Group","hd":false}],"ip":37,"op":119,"st":37,"bm":0},{"ddd":0,"ind":5,"ty":4,"nm":"Yellow","sr":1,"ks":{"o":{"a":0,"k":100,"ix":11},"r":{"a":1,"k":[{"i":{"x":[0.667],"y":[1]},"o":{"x":[0.333],"y":[0]},"t":40,"s":[-20]},{"i":{"x":[0.833],"y":[1]},"o":{"x":[0.167],"y":[0]},"t":43,"s":[-40]},{"i":{"x":[0.833],"y":[1]},"o":{"x":[0.167],"y":[0]},"t":113,"s":[-40]},{"t":116,"s":[-20]}],"ix":10},"p":{"a":0,"k":[227,222,0],"ix":2},"a":{"a":0,"k":[27,22,0],"ix":1},"s":{"a":0,"k":[100,100,100],"ix":6}},"ao":0,"shapes":[{"ty":"gr","it":[{"ind":0,"ty":"sh","ix":1,"ks":{"a":0,"k":{"i":[[0,0],[0,0]],"o":[[0,0],[0,0]],"v":[[12.87,45.947],[111.374,-117.013]],"c":false},"ix":2},"nm":"Path 1","mn":"ADBE Vector Shape - Group","hd":false},{"ty":"st","c":{"a":0,"k":[0.976470589638,0,0.541176497936,1],"ix":3},"o":{"a":0,"k":100,"ix":4},"w":{"a":0,"k":5,"ix":5},"lc":2,"lj":2,"bm":0,"nm":"Stroke 1","mn":"ADBE Vector Graphic - Stroke","hd":false},{"ty":"tr","p":{"a":0,"k":[0,0],"ix":2},"a":{"a":0,"k":[0,0],"ix":1},"s":{"a":0,"k":[100,100],"ix":3},"r":{"a":0,"k":0,"ix":6},"o":{"a":0,"k":100,"ix":7},"sk":{"a":0,"k":0,"ix":4},"sa":{"a":0,"k":0,"ix":5},"nm":"Transform"}],"nm":"Stem","np":2,"cix":2,"bm":0,"ix":1,"mn":"ADBE Vector Group","hd":false},{"ty":"gr","it":[{"ty":"gr","it":[{"ind":0,"ty":"sh","ix":1,"ks":{"a":1,"k":[{"i":{"x":0.667,"y":1},"o":{"x":0.333,"y":0},"t":40,"s":[{"i":[[-0.532,-0.551],[0,0],[0.756,0.679],[0,0]],"o":[[0,0],[-0.457,-0.579],[0,0],[0.349,0.452]],"v":[[53.146,1.492],[151.51,-77.731],[150.859,-78.613],[52.453,0.613]],"c":true}]},{"i":{"x":0.667,"y":1},"o":{"x":0.167,"y":0},"t":43,"s":[{"i":[[-2.446,-3.043],[0,0],[15.973,9.683],[0,0]],"o":[[0,0],[-11.668,-14.479],[0,0],[3.351,2.037]],"v":[[53.146,1.492],[151.51,-77.731],[109.734,-114.301],[44.39,-6.199]],"c":true}]},{"i":{"x":0.667,"y":1},"o":{"x":0.167,"y":0},"t":113,"s":[{"i":[[-2.446,-3.043],[0,0],[15.973,9.683],[0,0]],"o":[[0,0],[-11.668,-14.479],[0,0],[3.351,2.037]],"v":[[53.146,1.492],[151.51,-77.731],[109.734,-114.301],[44.39,-6.199]],"c":true}]},{"t":116,"s":[{"i":[[-0.532,-0.551],[0,0],[0.756,0.679],[0,0]],"o":[[0,0],[-0.457,-0.579],[0,0],[0.349,0.452]],"v":[[53.146,1.492],[151.51,-77.731],[150.859,-78.613],[52.453,0.613]],"c":true}]}],"ix":2},"nm":"Path 1","mn":"ADBE Vector Shape - Group","hd":false},{"ty":"fl","c":{"a":0,"k":[1,0.929411768913,0,1],"ix":4},"o":{"a":0,"k":100,"ix":5},"r":1,"bm":0,"nm":"Fill 1","mn":"ADBE Vector Graphic - Fill","hd":false},{"ty":"tr","p":{"a":0,"k":[27.101,22.305],"ix":2},"a":{"a":0,"k":[26.98,22.199],"ix":1},"s":{"a":0,"k":[100,100],"ix":3},"r":{"a":1,"k":[{"i":{"x":[0.667],"y":[1]},"o":{"x":[0.333],"y":[0]},"t":40,"s":[-20]},{"i":{"x":[0.833],"y":[1]},"o":{"x":[0.167],"y":[0]},"t":43,"s":[0]},{"i":{"x":[0.833],"y":[1]},"o":{"x":[0.167],"y":[0]},"t":113,"s":[0]},{"t":116,"s":[-20]}],"ix":6},"o":{"a":0,"k":100,"ix":7},"sk":{"a":0,"k":0,"ix":4},"sa":{"a":0,"k":0,"ix":5},"nm":"Transform"}],"nm":"Group 1","np":2,"cix":2,"bm":0,"ix":1,"mn":"ADBE Vector Group","hd":false},{"ty":"tr","p":{"a":0,"k":[0,0],"ix":2},"a":{"a":0,"k":[0,0],"ix":1},"s":{"a":0,"k":[100,100],"ix":3},"r":{"a":0,"k":0,"ix":6},"o":{"a":0,"k":100,"ix":7},"sk":{"a":0,"k":0,"ix":4},"sa":{"a":0,"k":0,"ix":5},"nm":"Transform"}],"nm":"Color","np":1,"cix":2,"bm":0,"ix":2,"mn":"ADBE Vector Group","hd":false}],"ip":40,"op":116,"st":40,"bm":0},{"ddd":0,"ind":6,"ty":4,"nm":"Green","sr":1,"ks":{"o":{"a":0,"k":100,"ix":11},"r":{"a":1,"k":[{"i":{"x":[0.667],"y":[1]},"o":{"x":[0.333],"y":[0]},"t":43,"s":[-40]},{"i":{"x":[0.833],"y":[1]},"o":{"x":[0.167],"y":[0]},"t":46,"s":[-60]},{"i":{"x":[0.833],"y":[1]},"o":{"x":[0.167],"y":[0]},"t":110,"s":[-60]},{"t":113,"s":[-40]}],"ix":10},"p":{"a":0,"k":[227,222,0],"ix":2},"a":{"a":0,"k":[27,22,0],"ix":1},"s":{"a":0,"k":[100,100,100],"ix":6}},"ao":0,"shapes":[{"ty":"gr","it":[{"ind":0,"ty":"sh","ix":1,"ks":{"a":0,"k":{"i":[[0,0],[0,0]],"o":[[0,0],[0,0]],"v":[[12.87,45.947],[111.374,-117.013]],"c":false},"ix":2},"nm":"Path 1","mn":"ADBE Vector Shape - Group","hd":false},{"ty":"st","c":{"a":0,"k":[0.976470589638,0,0.541176497936,1],"ix":3},"o":{"a":0,"k":100,"ix":4},"w":{"a":0,"k":5,"ix":5},"lc":2,"lj":2,"bm":0,"nm":"Stroke 1","mn":"ADBE Vector Graphic - Stroke","hd":false},{"ty":"tr","p":{"a":0,"k":[0,0],"ix":2},"a":{"a":0,"k":[0,0],"ix":1},"s":{"a":0,"k":[100,100],"ix":3},"r":{"a":0,"k":0,"ix":6},"o":{"a":0,"k":100,"ix":7},"sk":{"a":0,"k":0,"ix":4},"sa":{"a":0,"k":0,"ix":5},"nm":"Transform"}],"nm":"Stem","np":2,"cix":2,"bm":0,"ix":1,"mn":"ADBE Vector Group","hd":false},{"ty":"gr","it":[{"ty":"gr","it":[{"ind":0,"ty":"sh","ix":1,"ks":{"a":1,"k":[{"i":{"x":0.667,"y":1},"o":{"x":0.333,"y":0},"t":43,"s":[{"i":[[-0.532,-0.551],[0,0],[0.756,0.679],[0,0]],"o":[[0,0],[-0.457,-0.579],[0,0],[0.349,0.452]],"v":[[53.146,1.492],[151.51,-77.731],[150.859,-78.613],[52.453,0.613]],"c":true}]},{"i":{"x":0.667,"y":1},"o":{"x":0.167,"y":0},"t":46,"s":[{"i":[[-2.446,-3.043],[0,0],[15.973,9.683],[0,0]],"o":[[0,0],[-11.668,-14.479],[0,0],[3.351,2.037]],"v":[[53.146,1.492],[151.51,-77.731],[109.734,-114.301],[44.39,-6.199]],"c":true}]},{"i":{"x":0.667,"y":1},"o":{"x":0.167,"y":0},"t":110,"s":[{"i":[[-2.446,-3.043],[0,0],[15.973,9.683],[0,0]],"o":[[0,0],[-11.668,-14.479],[0,0],[3.351,2.037]],"v":[[53.146,1.492],[151.51,-77.731],[109.734,-114.301],[44.39,-6.199]],"c":true}]},{"t":113,"s":[{"i":[[-0.532,-0.551],[0,0],[0.756,0.679],[0,0]],"o":[[0,0],[-0.457,-0.579],[0,0],[0.349,0.452]],"v":[[53.146,1.492],[151.51,-77.731],[150.859,-78.613],[52.453,0.613]],"c":true}]}],"ix":2},"nm":"Path 1","mn":"ADBE Vector Shape - Group","hd":false},{"ty":"fl","c":{"a":0,"k":[0,0.501960813999,0.149019613862,1],"ix":4},"o":{"a":0,"k":100,"ix":5},"r":1,"bm":0,"nm":"Fill 1","mn":"ADBE Vector Graphic - Fill","hd":false},{"ty":"tr","p":{"a":0,"k":[27.101,22.305],"ix":2},"a":{"a":0,"k":[26.98,22.199],"ix":1},"s":{"a":0,"k":[100,100],"ix":3},"r":{"a":1,"k":[{"i":{"x":[0.667],"y":[1]},"o":{"x":[0.333],"y":[0]},"t":43,"s":[-20]},{"i":{"x":[0.833],"y":[1]},"o":{"x":[0.167],"y":[0]},"t":46,"s":[0]},{"i":{"x":[0.833],"y":[1]},"o":{"x":[0.167],"y":[0]},"t":110,"s":[0]},{"t":113,"s":[-20]}],"ix":6},"o":{"a":0,"k":100,"ix":7},"sk":{"a":0,"k":0,"ix":4},"sa":{"a":0,"k":0,"ix":5},"nm":"Transform"}],"nm":"Group 1","np":2,"cix":2,"bm":0,"ix":1,"mn":"ADBE Vector Group","hd":false},{"ty":"tr","p":{"a":0,"k":[0,0],"ix":2},"a":{"a":0,"k":[0,0],"ix":1},"s":{"a":0,"k":[100,100],"ix":3},"r":{"a":0,"k":0,"ix":6},"o":{"a":0,"k":100,"ix":7},"sk":{"a":0,"k":0,"ix":4},"sa":{"a":0,"k":0,"ix":5},"nm":"Transform"}],"nm":"Color","np":1,"cix":2,"bm":0,"ix":2,"mn":"ADBE Vector Group","hd":false}],"ip":43,"op":113,"st":43,"bm":0},{"ddd":0,"ind":7,"ty":4,"nm":"Blue","sr":1,"ks":{"o":{"a":0,"k":100,"ix":11},"r":{"a":1,"k":[{"i":{"x":[0.667],"y":[1]},"o":{"x":[0.333],"y":[0]},"t":46,"s":[-60]},{"i":{"x":[0.833],"y":[1]},"o":{"x":[0.167],"y":[0]},"t":49,"s":[-80]},{"i":{"x":[0.833],"y":[1]},"o":{"x":[0.167],"y":[0]},"t":107,"s":[-80]},{"t":110,"s":[-60]}],"ix":10},"p":{"a":0,"k":[227,222,0],"ix":2},"a":{"a":0,"k":[27,22,0],"ix":1},"s":{"a":0,"k":[100,100,100],"ix":6}},"ao":0,"shapes":[{"ty":"gr","it":[{"ind":0,"ty":"sh","ix":1,"ks":{"a":0,"k":{"i":[[0,0],[0,0]],"o":[[0,0],[0,0]],"v":[[12.87,45.947],[111.374,-117.013]],"c":false},"ix":2},"nm":"Path 1","mn":"ADBE Vector Shape - Group","hd":false},{"ty":"st","c":{"a":0,"k":[0.976470589638,0,0.541176497936,1],"ix":3},"o":{"a":0,"k":100,"ix":4},"w":{"a":0,"k":5,"ix":5},"lc":2,"lj":2,"bm":0,"nm":"Stroke 1","mn":"ADBE Vector Graphic - Stroke","hd":false},{"ty":"tr","p":{"a":0,"k":[0,0],"ix":2},"a":{"a":0,"k":[0,0],"ix":1},"s":{"a":0,"k":[100,100],"ix":3},"r":{"a":0,"k":0,"ix":6},"o":{"a":0,"k":100,"ix":7},"sk":{"a":0,"k":0,"ix":4},"sa":{"a":0,"k":0,"ix":5},"nm":"Transform"}],"nm":"Stem","np":2,"cix":2,"bm":0,"ix":1,"mn":"ADBE Vector Group","hd":false},{"ty":"gr","it":[{"ty":"gr","it":[{"ind":0,"ty":"sh","ix":1,"ks":{"a":1,"k":[{"i":{"x":0.667,"y":1},"o":{"x":0.333,"y":0},"t":46,"s":[{"i":[[-0.532,-0.551],[0,0],[0.756,0.679],[0,0]],"o":[[0,0],[-0.457,-0.579],[0,0],[0.349,0.452]],"v":[[53.146,1.492],[151.51,-77.731],[150.859,-78.613],[52.453,0.613]],"c":true}]},{"i":{"x":0.667,"y":1},"o":{"x":0.167,"y":0},"t":49,"s":[{"i":[[-2.446,-3.043],[0,0],[15.973,9.683],[0,0]],"o":[[0,0],[-11.668,-14.479],[0,0],[3.351,2.037]],"v":[[53.146,1.492],[151.51,-77.731],[109.734,-114.301],[44.39,-6.199]],"c":true}]},{"i":{"x":0.667,"y":1},"o":{"x":0.167,"y":0},"t":107,"s":[{"i":[[-2.446,-3.043],[0,0],[15.973,9.683],[0,0]],"o":[[0,0],[-11.668,-14.479],[0,0],[3.351,2.037]],"v":[[53.146,1.492],[151.51,-77.731],[109.734,-114.301],[44.39,-6.199]],"c":true}]},{"t":110,"s":[{"i":[[-0.532,-0.551],[0,0],[0.756,0.679],[0,0]],"o":[[0,0],[-0.457,-0.579],[0,0],[0.349,0.452]],"v":[[53.146,1.492],[151.51,-77.731],[150.859,-78.613],[52.453,0.613]],"c":true}]}],"ix":2},"nm":"Path 1","mn":"ADBE Vector Shape - Group","hd":false},{"ty":"fl","c":{"a":0,"k":[0,0.301960796118,1,1],"ix":4},"o":{"a":0,"k":100,"ix":5},"r":1,"bm":0,"nm":"Fill 1","mn":"ADBE Vector Graphic - Fill","hd":false},{"ty":"tr","p":{"a":0,"k":[27.101,22.305],"ix":2},"a":{"a":0,"k":[26.98,22.199],"ix":1},"s":{"a":0,"k":[100,100],"ix":3},"r":{"a":1,"k":[{"i":{"x":[0.667],"y":[1]},"o":{"x":[0.333],"y":[0]},"t":46,"s":[-20]},{"i":{"x":[0.833],"y":[1]},"o":{"x":[0.167],"y":[0]},"t":49,"s":[0]},{"i":{"x":[0.833],"y":[1]},"o":{"x":[0.167],"y":[0]},"t":107,"s":[0]},{"t":110,"s":[-20]}],"ix":6},"o":{"a":0,"k":100,"ix":7},"sk":{"a":0,"k":0,"ix":4},"sa":{"a":0,"k":0,"ix":5},"nm":"Transform"}],"nm":"Group 1","np":2,"cix":2,"bm":0,"ix":1,"mn":"ADBE Vector Group","hd":false},{"ty":"tr","p":{"a":0,"k":[0,0],"ix":2},"a":{"a":0,"k":[0,0],"ix":1},"s":{"a":0,"k":[100,100],"ix":3},"r":{"a":0,"k":0,"ix":6},"o":{"a":0,"k":100,"ix":7},"sk":{"a":0,"k":0,"ix":4},"sa":{"a":0,"k":0,"ix":5},"nm":"Transform"}],"nm":"Color","np":1,"cix":2,"bm":0,"ix":2,"mn":"ADBE Vector Group","hd":false}],"ip":46,"op":110,"st":46,"bm":0},{"ddd":0,"ind":8,"ty":4,"nm":"Purple","sr":1,"ks":{"o":{"a":0,"k":100,"ix":11},"r":{"a":1,"k":[{"i":{"x":[0.667],"y":[1]},"o":{"x":[0.333],"y":[0]},"t":49,"s":[-80]},{"i":{"x":[0.833],"y":[1]},"o":{"x":[0.167],"y":[0]},"t":52,"s":[-100]},{"i":{"x":[0.833],"y":[1]},"o":{"x":[0.167],"y":[0]},"t":104,"s":[-100]},{"t":107,"s":[-100]}],"ix":10},"p":{"a":0,"k":[227,222,0],"ix":2},"a":{"a":0,"k":[27,22,0],"ix":1},"s":{"a":0,"k":[100,100,100],"ix":6}},"ao":0,"shapes":[{"ty":"gr","it":[{"ind":0,"ty":"sh","ix":1,"ks":{"a":0,"k":{"i":[[0,0],[0,0]],"o":[[0,0],[0,0]],"v":[[12.87,45.947],[111.374,-117.013]],"c":false},"ix":2},"nm":"Path 1","mn":"ADBE Vector Shape - Group","hd":false},{"ty":"st","c":{"a":0,"k":[0.976470589638,0,0.541176497936,1],"ix":3},"o":{"a":0,"k":100,"ix":4},"w":{"a":0,"k":5,"ix":5},"lc":2,"lj":2,"bm":0,"nm":"Stroke 1","mn":"ADBE Vector Graphic - Stroke","hd":false},{"ty":"tr","p":{"a":0,"k":[0,0],"ix":2},"a":{"a":0,"k":[0,0],"ix":1},"s":{"a":0,"k":[100,100],"ix":3},"r":{"a":0,"k":0,"ix":6},"o":{"a":0,"k":100,"ix":7},"sk":{"a":0,"k":0,"ix":4},"sa":{"a":0,"k":0,"ix":5},"nm":"Transform"}],"nm":"Stem","np":2,"cix":2,"bm":0,"ix":1,"mn":"ADBE Vector Group","hd":false},{"ty":"gr","it":[{"ty":"gr","it":[{"ind":0,"ty":"sh","ix":1,"ks":{"a":1,"k":[{"i":{"x":0.667,"y":1},"o":{"x":0.333,"y":0},"t":49,"s":[{"i":[[-0.532,-0.551],[0,0],[0.756,0.679],[0,0]],"o":[[0,0],[-0.457,-0.579],[0,0],[0.349,0.452]],"v":[[53.146,1.492],[151.51,-77.731],[150.859,-78.613],[52.453,0.613]],"c":true}]},{"i":{"x":0.667,"y":1},"o":{"x":0.167,"y":0},"t":52,"s":[{"i":[[-2.446,-3.043],[0,0],[15.973,9.683],[0,0]],"o":[[0,0],[-11.668,-14.479],[0,0],[3.351,2.037]],"v":[[53.146,1.492],[151.51,-77.731],[109.734,-114.301],[44.39,-6.199]],"c":true}]},{"i":{"x":0.667,"y":1},"o":{"x":0.167,"y":0},"t":104,"s":[{"i":[[-2.446,-3.043],[0,0],[15.973,9.683],[0,0]],"o":[[0,0],[-11.668,-14.479],[0,0],[3.351,2.037]],"v":[[53.146,1.492],[151.51,-77.731],[109.734,-114.301],[44.39,-6.199]],"c":true}]},{"t":107,"s":[{"i":[[-0.532,-0.551],[0,0],[0.756,0.679],[0,0]],"o":[[0,0],[-0.457,-0.579],[0,0],[0.349,0.452]],"v":[[53.146,1.492],[151.51,-77.731],[150.859,-78.613],[52.453,0.613]],"c":true}]}],"ix":2},"nm":"Path 1","mn":"ADBE Vector Shape - Group","hd":false},{"ty":"fl","c":{"a":0,"k":[0.458823531866,0.027450980619,0.529411792755,1],"ix":4},"o":{"a":0,"k":100,"ix":5},"r":1,"bm":0,"nm":"Fill 1","mn":"ADBE Vector Graphic - Fill","hd":false},{"ty":"tr","p":{"a":0,"k":[27.101,22.305],"ix":2},"a":{"a":0,"k":[26.98,22.199],"ix":1},"s":{"a":0,"k":[100,100],"ix":3},"r":{"a":1,"k":[{"i":{"x":[0.667],"y":[1]},"o":{"x":[0.333],"y":[0]},"t":49,"s":[-20]},{"i":{"x":[0.833],"y":[1]},"o":{"x":[0.167],"y":[0]},"t":52,"s":[0]},{"i":{"x":[0.833],"y":[1]},"o":{"x":[0.167],"y":[0]},"t":104,"s":[0]},{"t":107,"s":[-20]}],"ix":6},"o":{"a":0,"k":100,"ix":7},"sk":{"a":0,"k":0,"ix":4},"sa":{"a":0,"k":0,"ix":5},"nm":"Transform"}],"nm":"Group 1","np":2,"cix":2,"bm":0,"ix":1,"mn":"ADBE Vector Group","hd":false},{"ty":"tr","p":{"a":0,"k":[0,0],"ix":2},"a":{"a":0,"k":[0,0],"ix":1},"s":{"a":0,"k":[100,100],"ix":3},"r":{"a":0,"k":0,"ix":6},"o":{"a":0,"k":100,"ix":7},"sk":{"a":0,"k":0,"ix":4},"sa":{"a":0,"k":0,"ix":5},"nm":"Transform"}],"nm":"Color","np":1,"cix":2,"bm":0,"ix":2,"mn":"ADBE Vector Group","hd":false}],"ip":49,"op":107,"st":49,"bm":0},{"ddd":0,"ind":9,"ty":4,"nm":"Red 2","sr":1,"ks":{"o":{"a":0,"k":100,"ix":11},"r":{"a":1,"k":[{"i":{"x":[0.667],"y":[1]},"o":{"x":[0.333],"y":[0]},"t":52,"s":[-100]},{"i":{"x":[0.833],"y":[1]},"o":{"x":[0.167],"y":[0]},"t":55,"s":[-120]},{"i":{"x":[0.833],"y":[1]},"o":{"x":[0.167],"y":[0]},"t":101,"s":[-120]},{"t":104,"s":[-100]}],"ix":10},"p":{"a":0,"k":[227,222,0],"ix":2},"a":{"a":0,"k":[27,22,0],"ix":1},"s":{"a":0,"k":[100,100,100],"ix":6}},"ao":0,"shapes":[{"ty":"gr","it":[{"ind":0,"ty":"sh","ix":1,"ks":{"a":0,"k":{"i":[[0,0],[0,0]],"o":[[0,0],[0,0]],"v":[[12.87,45.947],[111.374,-117.013]],"c":false},"ix":2},"nm":"Path 1","mn":"ADBE Vector Shape - Group","hd":false},{"ty":"st","c":{"a":0,"k":[0.976470589638,0,0.541176497936,1],"ix":3},"o":{"a":0,"k":100,"ix":4},"w":{"a":0,"k":5,"ix":5},"lc":2,"lj":2,"bm":0,"nm":"Stroke 1","mn":"ADBE Vector Graphic - Stroke","hd":false},{"ty":"tr","p":{"a":0,"k":[0,0],"ix":2},"a":{"a":0,"k":[0,0],"ix":1},"s":{"a":0,"k":[100,100],"ix":3},"r":{"a":0,"k":0,"ix":6},"o":{"a":0,"k":100,"ix":7},"sk":{"a":0,"k":0,"ix":4},"sa":{"a":0,"k":0,"ix":5},"nm":"Transform"}],"nm":"Stem","np":2,"cix":2,"bm":0,"ix":1,"mn":"ADBE Vector Group","hd":false},{"ty":"gr","it":[{"ty":"gr","it":[{"ind":0,"ty":"sh","ix":1,"ks":{"a":1,"k":[{"i":{"x":0.667,"y":1},"o":{"x":0.333,"y":0},"t":52,"s":[{"i":[[-0.532,-0.551],[0,0],[0.756,0.679],[0,0]],"o":[[0,0],[-0.457,-0.579],[0,0],[0.349,0.452]],"v":[[53.146,1.492],[151.51,-77.731],[150.859,-78.613],[52.453,0.613]],"c":true}]},{"i":{"x":0.667,"y":1},"o":{"x":0.167,"y":0},"t":55,"s":[{"i":[[-2.446,-3.043],[0,0],[15.973,9.683],[0,0]],"o":[[0,0],[-11.668,-14.479],[0,0],[3.351,2.037]],"v":[[53.146,1.492],[151.51,-77.731],[109.734,-114.301],[44.39,-6.199]],"c":true}]},{"i":{"x":0.667,"y":1},"o":{"x":0.167,"y":0},"t":101,"s":[{"i":[[-2.446,-3.043],[0,0],[15.973,9.683],[0,0]],"o":[[0,0],[-11.668,-14.479],[0,0],[3.351,2.037]],"v":[[53.146,1.492],[151.51,-77.731],[109.734,-114.301],[44.39,-6.199]],"c":true}]},{"t":104,"s":[{"i":[[-0.532,-0.551],[0,0],[0.756,0.679],[0,0]],"o":[[0,0],[-0.457,-0.579],[0,0],[0.349,0.452]],"v":[[53.146,1.492],[151.51,-77.731],[150.859,-78.613],[52.453,0.613]],"c":true}]}],"ix":2},"nm":"Path 1","mn":"ADBE Vector Shape - Group","hd":false},{"ty":"fl","c":{"a":0,"k":[0.894117712975,0.011764707044,0.011764707044,1],"ix":4},"o":{"a":0,"k":100,"ix":5},"r":1,"bm":0,"nm":"Fill 1","mn":"ADBE Vector Graphic - Fill","hd":false},{"ty":"tr","p":{"a":0,"k":[27.101,22.305],"ix":2},"a":{"a":0,"k":[26.98,22.199],"ix":1},"s":{"a":0,"k":[100,100],"ix":3},"r":{"a":1,"k":[{"i":{"x":[0.667],"y":[1]},"o":{"x":[0.333],"y":[0]},"t":52,"s":[-20]},{"i":{"x":[0.833],"y":[1]},"o":{"x":[0.167],"y":[0]},"t":55,"s":[0]},{"i":{"x":[0.833],"y":[1]},"o":{"x":[0.167],"y":[0]},"t":101,"s":[0]},{"t":104,"s":[-20]}],"ix":6},"o":{"a":0,"k":100,"ix":7},"sk":{"a":0,"k":0,"ix":4},"sa":{"a":0,"k":0,"ix":5},"nm":"Transform"}],"nm":"Group 1","np":2,"cix":2,"bm":0,"ix":1,"mn":"ADBE Vector Group","hd":false},{"ty":"tr","p":{"a":0,"k":[0,0],"ix":2},"a":{"a":0,"k":[0,0],"ix":1},"s":{"a":0,"k":[100,100],"ix":3},"r":{"a":0,"k":0,"ix":6},"o":{"a":0,"k":100,"ix":7},"sk":{"a":0,"k":0,"ix":4},"sa":{"a":0,"k":0,"ix":5},"nm":"Transform"}],"nm":"Color","np":1,"cix":2,"bm":0,"ix":2,"mn":"ADBE Vector Group","hd":false}],"ip":52,"op":104,"st":52,"bm":0},{"ddd":0,"ind":10,"ty":4,"nm":"Orange 2","sr":1,"ks":{"o":{"a":0,"k":100,"ix":11},"r":{"a":1,"k":[{"i":{"x":[0.667],"y":[1]},"o":{"x":[0.333],"y":[0]},"t":55,"s":[-120]},{"i":{"x":[0.833],"y":[1]},"o":{"x":[0.167],"y":[0]},"t":58,"s":[-140]},{"i":{"x":[0.833],"y":[1]},"o":{"x":[0.167],"y":[0]},"t":98,"s":[-140]},{"t":101,"s":[-120]}],"ix":10},"p":{"a":0,"k":[227,222,0],"ix":2},"a":{"a":0,"k":[27,22,0],"ix":1},"s":{"a":0,"k":[100,100,100],"ix":6}},"ao":0,"shapes":[{"ty":"gr","it":[{"ind":0,"ty":"sh","ix":1,"ks":{"a":0,"k":{"i":[[0,0],[0,0]],"o":[[0,0],[0,0]],"v":[[12.87,45.947],[111.374,-117.013]],"c":false},"ix":2},"nm":"Path 1","mn":"ADBE Vector Shape - Group","hd":false},{"ty":"st","c":{"a":0,"k":[0.976470589638,0,0.541176497936,1],"ix":3},"o":{"a":0,"k":100,"ix":4},"w":{"a":0,"k":5,"ix":5},"lc":2,"lj":2,"bm":0,"nm":"Stroke 1","mn":"ADBE Vector Graphic - Stroke","hd":false},{"ty":"tr","p":{"a":0,"k":[0,0],"ix":2},"a":{"a":0,"k":[0,0],"ix":1},"s":{"a":0,"k":[100,100],"ix":3},"r":{"a":0,"k":0,"ix":6},"o":{"a":0,"k":100,"ix":7},"sk":{"a":0,"k":0,"ix":4},"sa":{"a":0,"k":0,"ix":5},"nm":"Transform"}],"nm":"Stem","np":2,"cix":2,"bm":0,"ix":1,"mn":"ADBE Vector Group","hd":false},{"ty":"gr","it":[{"ty":"gr","it":[{"ind":0,"ty":"sh","ix":1,"ks":{"a":1,"k":[{"i":{"x":0.667,"y":1},"o":{"x":0.333,"y":0},"t":55,"s":[{"i":[[-0.532,-0.551],[0,0],[0.756,0.679],[0,0]],"o":[[0,0],[-0.457,-0.579],[0,0],[0.349,0.452]],"v":[[53.146,1.492],[151.51,-77.731],[150.859,-78.613],[52.453,0.613]],"c":true}]},{"i":{"x":0.667,"y":1},"o":{"x":0.167,"y":0},"t":58,"s":[{"i":[[-2.446,-3.043],[0,0],[15.973,9.683],[0,0]],"o":[[0,0],[-11.668,-14.479],[0,0],[3.351,2.037]],"v":[[53.146,1.492],[151.51,-77.731],[109.734,-114.301],[44.39,-6.199]],"c":true}]},{"i":{"x":0.667,"y":1},"o":{"x":0.167,"y":0},"t":98,"s":[{"i":[[-2.446,-3.043],[0,0],[15.973,9.683],[0,0]],"o":[[0,0],[-11.668,-14.479],[0,0],[3.351,2.037]],"v":[[53.146,1.492],[151.51,-77.731],[109.734,-114.301],[44.39,-6.199]],"c":true}]},{"t":101,"s":[{"i":[[-0.532,-0.551],[0,0],[0.756,0.679],[0,0]],"o":[[0,0],[-0.457,-0.579],[0,0],[0.349,0.452]],"v":[[53.146,1.492],[151.51,-77.731],[150.859,-78.613],[52.453,0.613]],"c":true}]}],"ix":2},"nm":"Path 1","mn":"ADBE Vector Shape - Group","hd":false},{"ty":"fl","c":{"a":0,"k":[1,0.549019634724,0,1],"ix":4},"o":{"a":0,"k":100,"ix":5},"r":1,"bm":0,"nm":"Fill 1","mn":"ADBE Vector Graphic - Fill","hd":false},{"ty":"tr","p":{"a":0,"k":[27.101,22.305],"ix":2},"a":{"a":0,"k":[26.98,22.199],"ix":1},"s":{"a":0,"k":[100,100],"ix":3},"r":{"a":1,"k":[{"i":{"x":[0.667],"y":[1]},"o":{"x":[0.333],"y":[0]},"t":55,"s":[-20]},{"i":{"x":[0.833],"y":[1]},"o":{"x":[0.167],"y":[0]},"t":58,"s":[0]},{"i":{"x":[0.833],"y":[1]},"o":{"x":[0.167],"y":[0]},"t":98,"s":[0]},{"t":101,"s":[-20]}],"ix":6},"o":{"a":0,"k":100,"ix":7},"sk":{"a":0,"k":0,"ix":4},"sa":{"a":0,"k":0,"ix":5},"nm":"Transform"}],"nm":"Group 1","np":2,"cix":2,"bm":0,"ix":1,"mn":"ADBE Vector Group","hd":false},{"ty":"tr","p":{"a":0,"k":[0,0],"ix":2},"a":{"a":0,"k":[0,0],"ix":1},"s":{"a":0,"k":[100,100],"ix":3},"r":{"a":0,"k":0,"ix":6},"o":{"a":0,"k":100,"ix":7},"sk":{"a":0,"k":0,"ix":4},"sa":{"a":0,"k":0,"ix":5},"nm":"Transform"}],"nm":"Color","np":1,"cix":2,"bm":0,"ix":2,"mn":"ADBE Vector Group","hd":false}],"ip":55,"op":101,"st":55,"bm":0},{"ddd":0,"ind":11,"ty":4,"nm":"Yellow 2","sr":1,"ks":{"o":{"a":0,"k":100,"ix":11},"r":{"a":1,"k":[{"i":{"x":[0.667],"y":[1]},"o":{"x":[0.333],"y":[0]},"t":58,"s":[-140]},{"i":{"x":[0.833],"y":[1]},"o":{"x":[0.167],"y":[0]},"t":61,"s":[-160]},{"i":{"x":[0.833],"y":[1]},"o":{"x":[0.167],"y":[0]},"t":95,"s":[-160]},{"t":98,"s":[-140]}],"ix":10},"p":{"a":0,"k":[227,222,0],"ix":2},"a":{"a":0,"k":[27,22,0],"ix":1},"s":{"a":0,"k":[100,100,100],"ix":6}},"ao":0,"shapes":[{"ty":"gr","it":[{"ind":0,"ty":"sh","ix":1,"ks":{"a":0,"k":{"i":[[0,0],[0,0]],"o":[[0,0],[0,0]],"v":[[12.87,45.947],[111.374,-117.013]],"c":false},"ix":2},"nm":"Path 1","mn":"ADBE Vector Shape - Group","hd":false},{"ty":"st","c":{"a":0,"k":[0.976470589638,0,0.541176497936,1],"ix":3},"o":{"a":0,"k":100,"ix":4},"w":{"a":0,"k":5,"ix":5},"lc":2,"lj":2,"bm":0,"nm":"Stroke 1","mn":"ADBE Vector Graphic - Stroke","hd":false},{"ty":"tr","p":{"a":0,"k":[0,0],"ix":2},"a":{"a":0,"k":[0,0],"ix":1},"s":{"a":0,"k":[100,100],"ix":3},"r":{"a":0,"k":0,"ix":6},"o":{"a":0,"k":100,"ix":7},"sk":{"a":0,"k":0,"ix":4},"sa":{"a":0,"k":0,"ix":5},"nm":"Transform"}],"nm":"Stem","np":2,"cix":2,"bm":0,"ix":1,"mn":"ADBE Vector Group","hd":false},{"ty":"gr","it":[{"ty":"gr","it":[{"ind":0,"ty":"sh","ix":1,"ks":{"a":1,"k":[{"i":{"x":0.667,"y":1},"o":{"x":0.333,"y":0},"t":58,"s":[{"i":[[-0.532,-0.551],[0,0],[0.756,0.679],[0,0]],"o":[[0,0],[-0.457,-0.579],[0,0],[0.349,0.452]],"v":[[53.146,1.492],[151.51,-77.731],[150.859,-78.613],[52.453,0.613]],"c":true}]},{"i":{"x":0.667,"y":1},"o":{"x":0.167,"y":0},"t":61,"s":[{"i":[[-2.446,-3.043],[0,0],[15.973,9.683],[0,0]],"o":[[0,0],[-11.668,-14.479],[0,0],[3.351,2.037]],"v":[[53.146,1.492],[151.51,-77.731],[109.734,-114.301],[44.39,-6.199]],"c":true}]},{"i":{"x":0.667,"y":1},"o":{"x":0.167,"y":0},"t":95,"s":[{"i":[[-2.446,-3.043],[0,0],[15.973,9.683],[0,0]],"o":[[0,0],[-11.668,-14.479],[0,0],[3.351,2.037]],"v":[[53.146,1.492],[151.51,-77.731],[109.734,-114.301],[44.39,-6.199]],"c":true}]},{"t":98,"s":[{"i":[[-0.532,-0.551],[0,0],[0.756,0.679],[0,0]],"o":[[0,0],[-0.457,-0.579],[0,0],[0.349,0.452]],"v":[[53.146,1.492],[151.51,-77.731],[150.859,-78.613],[52.453,0.613]],"c":true}]}],"ix":2},"nm":"Path 1","mn":"ADBE Vector Shape - Group","hd":false},{"ty":"fl","c":{"a":0,"k":[1,0.929411828518,0,1],"ix":4},"o":{"a":0,"k":100,"ix":5},"r":1,"bm":0,"nm":"Fill 1","mn":"ADBE Vector Graphic - Fill","hd":false},{"ty":"tr","p":{"a":0,"k":[27.101,22.305],"ix":2},"a":{"a":0,"k":[26.98,22.199],"ix":1},"s":{"a":0,"k":[100,100],"ix":3},"r":{"a":1,"k":[{"i":{"x":[0.667],"y":[1]},"o":{"x":[0.333],"y":[0]},"t":58,"s":[-20]},{"i":{"x":[0.667],"y":[1]},"o":{"x":[0.333],"y":[0]},"t":61,"s":[0]},{"i":{"x":[0.667],"y":[1]},"o":{"x":[0.333],"y":[0]},"t":95,"s":[0]},{"t":98,"s":[-20]}],"ix":6},"o":{"a":0,"k":100,"ix":7},"sk":{"a":0,"k":0,"ix":4},"sa":{"a":0,"k":0,"ix":5},"nm":"Transform"}],"nm":"Group 1","np":2,"cix":2,"bm":0,"ix":1,"mn":"ADBE Vector Group","hd":false},{"ty":"tr","p":{"a":0,"k":[0,0],"ix":2},"a":{"a":0,"k":[0,0],"ix":1},"s":{"a":0,"k":[100,100],"ix":3},"r":{"a":0,"k":0,"ix":6},"o":{"a":0,"k":100,"ix":7},"sk":{"a":0,"k":0,"ix":4},"sa":{"a":0,"k":0,"ix":5},"nm":"Transform"}],"nm":"Color","np":1,"cix":2,"bm":0,"ix":2,"mn":"ADBE Vector Group","hd":false}],"ip":58,"op":98,"st":58,"bm":0}]}],"layers":[{"ddd":0,"ind":1,"ty":4,"nm":"Hand Master","sr":1,"ks":{"o":{"a":0,"k":100,"ix":11},"r":{"a":0,"k":0,"ix":10},"p":{"a":0,"k":[200,200,0],"ix":2},"a":{"a":0,"k":[0,0,0],"ix":1},"s":{"a":0,"k":[100,100,100],"ix":6}},"ao":0,"shapes":[{"ty":"gr","it":[{"ty":"gr","it":[{"ind":0,"ty":"sh","ix":1,"ks":{"a":0,"k":{"i":[[0,0],[0,0],[0,0],[0,0],[0,0],[0,0],[0,0],[0,0],[0,0],[0,0]],"o":[[0,0],[0,0],[0,0],[0,0],[0,0],[0,0],[0,0],[0,0],[0,0],[0,0]],"v":[[47.098,37.747],[21.182,27.919],[11.06,28.914],[10.181,29.001],[-2.177,53.577],[-36.096,157.662],[-3.175,157.554],[4.806,71.712],[40.822,71.367],[60.507,61.403]],"c":true},"ix":2},"nm":"Path 1","mn":"ADBE Vector Shape - Group","hd":false},{"ty":"fl","c":{"a":0,"k":[0.290196090937,0.058823529631,0,1],"ix":4},"o":{"a":0,"k":100,"ix":5},"r":1,"bm":0,"nm":"Fill 1","mn":"ADBE Vector Graphic - Fill","hd":false},{"ty":"tr","p":{"a":0,"k":[0,0],"ix":2},"a":{"a":0,"k":[0,0],"ix":1},"s":{"a":0,"k":[100,100],"ix":3},"r":{"a":0,"k":0,"ix":6},"o":{"a":0,"k":100,"ix":7},"sk":{"a":0,"k":0,"ix":4},"sa":{"a":0,"k":0,"ix":5},"nm":"Transform"}],"nm":"Group 1","np":2,"cix":2,"bm":0,"ix":1,"mn":"ADBE Vector Group","hd":false},{"ty":"tr","p":{"a":0,"k":[0,0],"ix":2},"a":{"a":0,"k":[0,0],"ix":1},"s":{"a":0,"k":[100,100],"ix":3},"r":{"a":0,"k":0,"ix":6},"o":{"a":0,"k":100,"ix":7},"sk":{"a":0,"k":0,"ix":4},"sa":{"a":0,"k":0,"ix":5},"nm":"Transform"}],"nm":"Hand/Arm","np":1,"cix":2,"bm":0,"ix":1,"mn":"ADBE Vector Group","hd":false},{"ty":"gr","it":[{"ty":"gr","it":[{"ind":0,"ty":"sh","ix":1,"ks":{"a":0,"k":{"i":[[-1.428,4.266],[0,0],[0.117,-1.585],[0.22,-1.501]],"o":[[1.428,-4.266],[0,0],[0,0],[-0.22,1.501]],"v":[[44.606,-10.086],[49.796,-16.033],[49.653,-8.436],[49.33,-4.813]],"c":true},"ix":2},"nm":"Path 1","mn":"ADBE Vector Shape - Group","hd":false},{"ty":"fl","c":{"a":0,"k":[0.388235300779,0.164705887437,1,1],"ix":4},"o":{"a":0,"k":100,"ix":5},"r":1,"bm":0,"nm":"Fill 1","mn":"ADBE Vector Graphic - Fill","hd":false},{"ty":"tr","p":{"a":0,"k":[0,0],"ix":2},"a":{"a":0,"k":[0,0],"ix":1},"s":{"a":0,"k":[100,100],"ix":3},"r":{"a":0,"k":0,"ix":6},"o":{"a":0,"k":100,"ix":7},"sk":{"a":0,"k":0,"ix":4},"sa":{"a":0,"k":0,"ix":5},"nm":"Transform"}],"nm":"Group 1","np":2,"cix":2,"bm":0,"ix":1,"mn":"ADBE Vector Group","hd":false},{"ty":"gr","it":[{"ind":0,"ty":"sh","ix":1,"ks":{"a":0,"k":{"i":[[1.196,1.182],[0.701,0.731],[-2.126,2.039],[-2.457,3.475],[0,0],[-0.998,3.741],[0,0],[0.401,-2.919],[0,0],[0,0],[0,0]],"o":[[-0.911,-0.243],[-2.038,-2.126],[0,0],[2.457,-3.475],[0,0],[2.099,-7.871],[0,0],[0,0],[0,0],[0,0],[-1.396,1.338]],"v":[[20.129,36.633],[17.659,35.172],[16.861,28.565],[31.707,16.109],[38.227,2.959],[39.889,-7.932],[50.087,-17.229],[49.437,-3.188],[49.07,7.082],[42.317,23.28],[29.342,36.7]],"c":true},"ix":2},"nm":"Path 1","mn":"ADBE Vector Shape - Group","hd":false},{"ty":"fl","c":{"a":0,"k":[0.290196090937,0.058823529631,0,1],"ix":4},"o":{"a":0,"k":100,"ix":5},"r":1,"bm":0,"nm":"Fill 1","mn":"ADBE Vector Graphic - Fill","hd":false},{"ty":"tr","p":{"a":0,"k":[0,0],"ix":2},"a":{"a":0,"k":[0,0],"ix":1},"s":{"a":0,"k":[100,100],"ix":3},"r":{"a":0,"k":0,"ix":6},"o":{"a":0,"k":100,"ix":7},"sk":{"a":0,"k":0,"ix":4},"sa":{"a":0,"k":0,"ix":5},"nm":"Transform"}],"nm":"Group 2","np":2,"cix":2,"bm":0,"ix":2,"mn":"ADBE Vector Group","hd":false},{"ty":"tr","p":{"a":0,"k":[0,0],"ix":2},"a":{"a":0,"k":[0,0],"ix":1},"s":{"a":0,"k":[100,100],"ix":3},"r":{"a":0,"k":0,"ix":6},"o":{"a":0,"k":100,"ix":7},"sk":{"a":0,"k":0,"ix":4},"sa":{"a":0,"k":0,"ix":5},"nm":"Transform"}],"nm":"Index Finger","np":2,"cix":2,"bm":0,"ix":2,"mn":"ADBE Vector Group","hd":false},{"ty":"gr","it":[{"ty":"gr","it":[{"ind":0,"ty":"sh","ix":1,"ks":{"a":0,"k":{"i":[[0,0]],"o":[[0,0]],"v":[[49,10.5]],"c":false},"ix":2},"nm":"Path 1","mn":"ADBE Vector Shape - Group","hd":false},{"ty":"fl","c":{"a":0,"k":[0.290196078431,0.058823529412,0,1],"ix":4},"o":{"a":0,"k":100,"ix":5},"r":1,"bm":0,"nm":"Fill 1","mn":"ADBE Vector Graphic - Fill","hd":false},{"ty":"tr","p":{"a":0,"k":[0,0],"ix":2},"a":{"a":0,"k":[0,0],"ix":1},"s":{"a":0,"k":[100,100],"ix":3},"r":{"a":0,"k":0,"ix":6},"o":{"a":0,"k":100,"ix":7},"sk":{"a":0,"k":0,"ix":4},"sa":{"a":0,"k":0,"ix":5},"nm":"Transform"}],"nm":"Shape 1","np":3,"cix":2,"bm":0,"ix":1,"mn":"ADBE Vector Group","hd":false},{"ty":"gr","it":[{"ind":0,"ty":"sh","ix":1,"ks":{"a":0,"k":{"i":[[-1.522,4.486],[0,0],[0.109,-1.67],[0.224,-1.58]],"o":[[1.522,-4.486],[0,0],[0,0],[-0.224,1.58]],"v":[[60.075,-17.026],[65.729,-23.255],[65.668,-15.247],[65.358,-11.43]],"c":true},"ix":2},"nm":"Path 1","mn":"ADBE Vector Shape - Group","hd":false},{"ty":"fl","c":{"a":0,"k":[0.388235300779,0.164705887437,1,1],"ix":4},"o":{"a":0,"k":100,"ix":5},"r":1,"bm":0,"nm":"Fill 1","mn":"ADBE Vector Graphic - Fill","hd":false},{"ty":"tr","p":{"a":0,"k":[0,0],"ix":2},"a":{"a":0,"k":[0,0],"ix":1},"s":{"a":0,"k":[100,100],"ix":3},"r":{"a":1,"k":[{"i":{"x":[0.445],"y":[1]},"o":{"x":[0.333],"y":[0]},"t":19,"s":[0]},{"i":{"x":[0.667],"y":[1]},"o":{"x":[0.333],"y":[0]},"t":24,"s":[-10]},{"i":{"x":[0.442],"y":[0.89]},"o":{"x":[0.333],"y":[0]},"t":30,"s":[0]},{"i":{"x":[0.833],"y":[1]},"o":{"x":[0.333],"y":[0]},"t":61,"s":[-4]},{"i":{"x":[0.833],"y":[0.833]},"o":{"x":[0.167],"y":[0.167]},"t":105,"s":[-4]},{"t":120,"s":[0]}],"ix":6},"o":{"a":0,"k":100,"ix":7},"sk":{"a":0,"k":0,"ix":4},"sa":{"a":0,"k":0,"ix":5},"nm":"Transform"}],"nm":"Group 1","np":2,"cix":2,"bm":0,"ix":2,"mn":"ADBE Vector Group","hd":false},{"ty":"gr","it":[{"ind":0,"ty":"sh","ix":1,"ks":{"a":0,"k":{"i":[[1.384,1.288],[0.813,0.8],[-2.216,2.67],[-2.494,4.424],[0,0],[-1.455,5.219],[0,0],[0.268,-3.539],[0,0],[0,0],[0,0]],"o":[[-1.015,-0.194],[-2.365,-2.329],[0,0],[2.494,-4.424],[0,0],[2.788,-10.003],[0,0],[0,0],[0,0],[0,0],[-1.454,1.752]],"v":[[31.227,53.759],[14.34,39.769],[31.078,32.778],[47.687,17.135],[54.289,0.577],[55.913,-13.359],[65.796,-24.626],[65.477,-7.821],[65.632,4.584],[58.529,25.935],[46.305,42.05]],"c":true},"ix":2},"nm":"Path 1","mn":"ADBE Vector Shape - Group","hd":false},{"ty":"fl","c":{"a":0,"k":[0.290196090937,0.058823529631,0,1],"ix":4},"o":{"a":0,"k":100,"ix":5},"r":1,"bm":0,"nm":"Fill 1","mn":"ADBE Vector Graphic - Fill","hd":false},{"ty":"tr","p":{"a":0,"k":[0,0],"ix":2},"a":{"a":0,"k":[0,0],"ix":1},"s":{"a":0,"k":[100,100],"ix":3},"r":{"a":1,"k":[{"i":{"x":[0.445],"y":[1]},"o":{"x":[0.333],"y":[0]},"t":19,"s":[0]},{"i":{"x":[0.667],"y":[1]},"o":{"x":[0.333],"y":[0]},"t":24,"s":[-10]},{"i":{"x":[0.442],"y":[0.89]},"o":{"x":[0.333],"y":[0]},"t":30,"s":[0]},{"i":{"x":[0.833],"y":[1]},"o":{"x":[0.333],"y":[0]},"t":61,"s":[-4]},{"i":{"x":[0.833],"y":[0.833]},"o":{"x":[0.167],"y":[0.167]},"t":105,"s":[-4]},{"t":120,"s":[0]}],"ix":6},"o":{"a":0,"k":100,"ix":7},"sk":{"a":0,"k":0,"ix":4},"sa":{"a":0,"k":0,"ix":5},"nm":"Transform"}],"nm":"Group 2","np":2,"cix":2,"bm":0,"ix":3,"mn":"ADBE Vector Group","hd":false},{"ty":"tr","p":{"a":0,"k":[0,0],"ix":2},"a":{"a":0,"k":[0,0],"ix":1},"s":{"a":0,"k":[100,100],"ix":3},"r":{"a":1,"k":[{"i":{"x":[0.667],"y":[1]},"o":{"x":[0.333],"y":[0]},"t":19,"s":[0]},{"t":30,"s":[0]}],"ix":6},"o":{"a":0,"k":100,"ix":7},"sk":{"a":0,"k":0,"ix":4},"sa":{"a":0,"k":0,"ix":5},"nm":"Transform"}],"nm":"Middle Finger 1","np":3,"cix":2,"bm":0,"ix":3,"mn":"ADBE Vector Group","hd":false},{"ty":"gr","it":[{"ty":"gr","it":[{"ind":0,"ty":"sh","ix":1,"ks":{"a":0,"k":{"i":[[-1.842,4.152],[0,0],[0.249,-1.585],[0.351,-1.489]],"o":[[1.842,-4.152],[0,0],[0,0],[-0.351,1.489]],"v":[[71.814,3.116],[77.752,-2.342],[76.999,5.3],[76.372,8.917]],"c":true},"ix":2},"nm":"Path 1","mn":"ADBE Vector Shape - Group","hd":false},{"ty":"fl","c":{"a":0,"k":[0.388235300779,0.164705887437,1,1],"ix":4},"o":{"a":0,"k":100,"ix":5},"r":1,"bm":0,"nm":"Fill 1","mn":"ADBE Vector Graphic - Fill","hd":false},{"ty":"tr","p":{"a":0,"k":[0,0],"ix":2},"a":{"a":0,"k":[0,0],"ix":1},"s":{"a":0,"k":[100,100],"ix":3},"r":{"a":1,"k":[{"i":{"x":[0.442],"y":[0.89]},"o":{"x":[0.333],"y":[0]},"t":30,"s":[0]},{"i":{"x":[0.833],"y":[1]},"o":{"x":[0.333],"y":[0]},"t":61,"s":[-4]},{"i":{"x":[0.833],"y":[0.833]},"o":{"x":[0.167],"y":[0.167]},"t":105,"s":[-4]},{"t":120,"s":[0]}],"ix":6},"o":{"a":0,"k":100,"ix":7},"sk":{"a":0,"k":0,"ix":4},"sa":{"a":0,"k":0,"ix":5},"nm":"Transform"}],"nm":"Group 1","np":2,"cix":2,"bm":0,"ix":1,"mn":"ADBE Vector Group","hd":false},{"ty":"gr","it":[{"ind":0,"ty":"sh","ix":1,"ks":{"a":0,"k":{"i":[[1.175,1.174],[0.687,0.725],[-2.187,1.921],[-2.553,3.303],[0,0],[-2.127,4.639],[0,0],[0.472,-2.816],[0,0],[0,0],[0,0]],"o":[[-0.91,-0.258],[-1.999,-2.108],[0,0],[2.553,-3.303],[0,0],[3.384,-7.383],[0,0],[0,0],[0,0],[0,0],[-1.435,1.261]],"v":[[40.618,55.331],[33.013,47.222],[44.561,38.21],[59.297,27.111],[65.671,14.794],[67.753,4.533],[78.077,-4.416],[76.586,9.147],[75.47,19.068],[68.294,34.58],[55.933,47.274]],"c":true},"ix":2},"nm":"Path 1","mn":"ADBE Vector Shape - Group","hd":false},{"ty":"fl","c":{"a":0,"k":[0.290196090937,0.058823529631,0,1],"ix":4},"o":{"a":0,"k":100,"ix":5},"r":1,"bm":0,"nm":"Fill 1","mn":"ADBE Vector Graphic - Fill","hd":false},{"ty":"tr","p":{"a":0,"k":[0,0],"ix":2},"a":{"a":0,"k":[0,0],"ix":1},"s":{"a":0,"k":[100,100],"ix":3},"r":{"a":1,"k":[{"i":{"x":[0.442],"y":[0.89]},"o":{"x":[0.333],"y":[0]},"t":30,"s":[0]},{"i":{"x":[0.833],"y":[1]},"o":{"x":[0.333],"y":[0]},"t":61,"s":[-4]},{"i":{"x":[0.833],"y":[0.833]},"o":{"x":[0.167],"y":[0.167]},"t":105,"s":[-4]},{"t":120,"s":[0]}],"ix":6},"o":{"a":0,"k":100,"ix":7},"sk":{"a":0,"k":0,"ix":4},"sa":{"a":0,"k":0,"ix":5},"nm":"Transform"}],"nm":"Finger","np":2,"cix":2,"bm":0,"ix":2,"mn":"ADBE Vector Group","hd":false},{"ty":"tr","p":{"a":0,"k":[0,0],"ix":2},"a":{"a":0,"k":[0,0],"ix":1},"s":{"a":0,"k":[100,100],"ix":3},"r":{"a":1,"k":[{"i":{"x":[0.667],"y":[1]},"o":{"x":[0.333],"y":[0]},"t":19,"s":[0]},{"t":30,"s":[0]}],"ix":6},"o":{"a":0,"k":100,"ix":7},"sk":{"a":0,"k":0,"ix":4},"sa":{"a":0,"k":0,"ix":5},"nm":"Transform"}],"nm":"Ring Finger","np":2,"cix":2,"bm":0,"ix":4,"mn":"ADBE Vector Group","hd":false},{"ty":"gr","it":[{"ty":"gr","it":[{"ind":0,"ty":"sh","ix":1,"ks":{"a":0,"k":{"i":[[-1.469,3.386],[0,0],[0.209,-1.287],[0.287,-1.211]],"o":[[1.469,-3.386],[0,0],[0,0],[-0.287,1.211]],"v":[[80.592,21.723],[85.248,17.228],[84.588,23.426],[84.066,26.365]],"c":true},"ix":2},"nm":"Path 1","mn":"ADBE Vector Shape - Group","hd":false},{"ty":"fl","c":{"a":0,"k":[0.388235300779,0.164705887437,1,1],"ix":4},"o":{"a":0,"k":100,"ix":5},"r":1,"bm":0,"nm":"Fill 1","mn":"ADBE Vector Graphic - Fill","hd":false},{"ty":"tr","p":{"a":0,"k":[0,0],"ix":2},"a":{"a":0,"k":[0,0],"ix":1},"s":{"a":0,"k":[100,100],"ix":3},"r":{"a":1,"k":[{"i":{"x":[0.442],"y":[0.89]},"o":{"x":[0.333],"y":[0]},"t":30,"s":[0]},{"i":{"x":[0.833],"y":[1]},"o":{"x":[0.333],"y":[0]},"t":61,"s":[-4]},{"i":{"x":[0.833],"y":[0.833]},"o":{"x":[0.167],"y":[0.167]},"t":105,"s":[-4]},{"t":120,"s":[0]}],"ix":6},"o":{"a":0,"k":100,"ix":7},"sk":{"a":0,"k":0,"ix":4},"sa":{"a":0,"k":0,"ix":5},"nm":"Transform"}],"nm":"Nail","np":2,"cix":2,"bm":0,"ix":1,"mn":"ADBE Vector Group","hd":false},{"ty":"gr","it":[{"ind":0,"ty":"sh","ix":1,"ks":{"a":1,"k":[{"i":{"x":0.442,"y":1},"o":{"x":0.333,"y":0},"t":30,"s":[{"i":[[0,0],[-2.021,1.332],[-2.455,2.419],[0,0],[-1.835,2.763],[0,0],[0.652,-2.244],[0,0],[0,0],[0,0]],"o":[[0,0],[0,0],[2.455,-2.419],[0,0],[3.368,-5.073],[0,0],[0,0],[0,0],[0,0],[0,0]],"v":[[44.814,57.305],[51.443,48.154],[65.837,39.503],[72.758,30.935],[76.65,21.468],[85.484,16.155],[84.093,27.077],[81.857,35.597],[74.478,48.393],[60.432,61.227]],"c":true}]},{"i":{"x":0.833,"y":0.833},"o":{"x":0.333,"y":0},"t":61,"s":[{"i":[[0,0],[-2.021,1.332],[-2.455,2.419],[0,0],[-1.835,2.763],[0,0],[0.652,-2.244],[0,0],[0,0],[0,0]],"o":[[0,0],[0,0],[2.455,-2.419],[0,0],[3.368,-5.073],[0,0],[0,0],[0,0],[0,0],[0,0]],"v":[[44.814,57.305],[51.443,48.154],[65.837,39.503],[72.758,30.935],[76.65,21.468],[85.484,16.155],[84.093,27.077],[81.857,35.597],[74.478,48.393],[56.057,65.602]],"c":true}]},{"i":{"x":0.833,"y":0.833},"o":{"x":0.167,"y":0.167},"t":105,"s":[{"i":[[0,0],[-2.021,1.332],[-2.455,2.419],[0,0],[-1.835,2.763],[0,0],[0.652,-2.244],[0,0],[0,0],[0,0]],"o":[[0,0],[0,0],[2.455,-2.419],[0,0],[3.368,-5.073],[0,0],[0,0],[0,0],[0,0],[0,0]],"v":[[44.814,57.305],[51.443,48.154],[65.837,39.503],[72.758,30.935],[76.65,21.468],[85.484,16.155],[84.093,27.077],[81.857,35.597],[74.478,48.393],[56.057,65.602]],"c":true}]},{"t":120,"s":[{"i":[[0,0],[-2.021,1.332],[-2.455,2.419],[0,0],[-1.835,2.763],[0,0],[0.652,-2.244],[0,0],[0,0],[0,0]],"o":[[0,0],[0,0],[2.455,-2.419],[0,0],[3.368,-5.073],[0,0],[0,0],[0,0],[0,0],[0,0]],"v":[[44.814,57.305],[51.443,48.154],[65.837,39.503],[72.758,30.935],[76.65,21.468],[85.484,16.155],[84.093,27.077],[81.857,35.597],[74.478,48.393],[60.682,61.352]],"c":true}]}],"ix":2},"nm":"Path 1","mn":"ADBE Vector Shape - Group","hd":false},{"ty":"fl","c":{"a":0,"k":[0.290196090937,0.058823529631,0,1],"ix":4},"o":{"a":0,"k":100,"ix":5},"r":1,"bm":0,"nm":"Fill 1","mn":"ADBE Vector Graphic - Fill","hd":false},{"ty":"tr","p":{"a":0,"k":[0,0.066],"ix":2},"a":{"a":0,"k":[0,0],"ix":1},"s":{"a":0,"k":[100,100],"ix":3},"r":{"a":1,"k":[{"i":{"x":[0.442],"y":[0.89]},"o":{"x":[0.333],"y":[0]},"t":30,"s":[0]},{"i":{"x":[0.833],"y":[1]},"o":{"x":[0.333],"y":[0]},"t":61,"s":[-4]},{"i":{"x":[0.833],"y":[0.833]},"o":{"x":[0.167],"y":[0.167]},"t":105,"s":[-4]},{"t":120,"s":[0]}],"ix":6},"o":{"a":0,"k":100,"ix":7},"sk":{"a":0,"k":0,"ix":4},"sa":{"a":0,"k":0,"ix":5},"nm":"Transform"}],"nm":"Finger","np":2,"cix":2,"bm":0,"ix":2,"mn":"ADBE Vector Group","hd":false},{"ty":"tr","p":{"a":0,"k":[0,0],"ix":2},"a":{"a":0,"k":[0,0],"ix":1},"s":{"a":0,"k":[100,100],"ix":3},"r":{"a":1,"k":[{"i":{"x":[0.667],"y":[1]},"o":{"x":[0.333],"y":[0]},"t":19,"s":[0]},{"t":30,"s":[0]}],"ix":6},"o":{"a":0,"k":100,"ix":7},"sk":{"a":0,"k":0,"ix":4},"sa":{"a":0,"k":0,"ix":5},"nm":"Transform"}],"nm":"Small Finger","np":2,"cix":2,"bm":0,"ix":5,"mn":"ADBE Vector Group","hd":false}],"ip":0,"op":300,"st":0,"bm":0},{"ddd":0,"ind":2,"ty":0,"nm":"Fan 300 frames","refId":"comp_0","sr":1,"ks":{"o":{"a":0,"k":100,"ix":11},"r":{"a":1,"k":[{"i":{"x":[0.667],"y":[1]},"o":{"x":[0.106],"y":[0]},"t":40,"s":[0]},{"i":{"x":[0.667],"y":[1]},"o":{"x":[0.333],"y":[0]},"t":63,"s":[-8]},{"i":{"x":[0.868],"y":[1]},"o":{"x":[0.333],"y":[0]},"t":92,"s":[-8]},{"t":118,"s":[0]}],"ix":10},"p":{"a":0,"k":[227.25,204.75,0],"ix":2},"a":{"a":0,"k":[227.25,222.75,0],"ix":1},"s":{"a":0,"k":[100,100,100],"ix":6}},"ao":0,"w":400,"h":400,"ip":0,"op":151,"st":0,"bm":0},{"ddd":0,"ind":3,"ty":4,"nm":"thumb 2","sr":1,"ks":{"o":{"a":0,"k":100,"ix":11},"r":{"a":0,"k":0,"ix":10},"p":{"a":0,"k":[200,200,0],"ix":2},"a":{"a":0,"k":[0,0,0],"ix":1},"s":{"a":0,"k":[100,100,100],"ix":6}},"ao":0,"shapes":[{"ty":"gr","it":[{"ind":0,"ty":"sh","ix":1,"ks":{"a":0,"k":{"i":[[0,0],[0,0],[0,0],[0,0],[0,0],[0,0],[0,0],[0,0],[0,0]],"o":[[0,0],[0,0],[0,0],[0,0],[0,0],[0,0],[0,0],[0,0],[0,0]],"v":[[4.806,53.244],[10.181,29.001],[10.113,29.007],[-8,11.975],[-21.298,25.809],[-30.443,47.425],[-78.994,158.006],[-3.175,157.554],[-25.954,157.662]],"c":true},"ix":2},"nm":"Path 1","mn":"ADBE Vector Shape - Group","hd":false},{"ty":"fl","c":{"a":0,"k":[0.290196090937,0.058823529631,0,1],"ix":4},"o":{"a":0,"k":100,"ix":5},"r":1,"bm":0,"nm":"Fill 1","mn":"ADBE Vector Graphic - Fill","hd":false},{"ty":"tr","p":{"a":0,"k":[0,0],"ix":2},"a":{"a":0,"k":[0,0],"ix":1},"s":{"a":0,"k":[100,100],"ix":3},"r":{"a":0,"k":0,"ix":6},"o":{"a":0,"k":100,"ix":7},"sk":{"a":0,"k":0,"ix":4},"sa":{"a":0,"k":0,"ix":5},"nm":"Transform"}],"nm":"Arm","np":2,"cix":2,"bm":0,"ix":1,"mn":"ADBE Vector Group","hd":false},{"ty":"gr","it":[{"ty":"gr","it":[{"ind":0,"ty":"sh","ix":1,"ks":{"a":0,"k":{"i":[[-3.846,3.168],[0,0],[1.566,-0.752],[1.447,-0.824]],"o":[[3.846,-3.168],[0,0],[0,0],[-1.447,0.824]],"v":[[23.719,-4.074],[27.585,-11.934],[20.374,-8.601],[16.813,-6.825]],"c":true},"ix":2},"nm":"Path 1","mn":"ADBE Vector Shape - Group","hd":false},{"ty":"fl","c":{"a":0,"k":[0.388235300779,0.164705887437,1,1],"ix":4},"o":{"a":0,"k":100,"ix":5},"r":1,"bm":0,"nm":"Fill 1","mn":"ADBE Vector Graphic - Fill","hd":false},{"ty":"tr","p":{"a":0,"k":[0,0],"ix":2},"a":{"a":0,"k":[0,0],"ix":1},"s":{"a":0,"k":[100,100],"ix":3},"r":{"a":0,"k":0,"ix":6},"o":{"a":0,"k":100,"ix":7},"sk":{"a":0,"k":0,"ix":4},"sa":{"a":0,"k":0,"ix":5},"nm":"Transform"}],"nm":"Group 1","np":2,"cix":2,"bm":0,"ix":1,"mn":"ADBE Vector Group","hd":false},{"ty":"gr","it":[{"ind":0,"ty":"sh","ix":1,"ks":{"a":0,"k":{"i":[[0,0],[0,0],[0,0],[2.301,-6.072],[0,0],[0,0],[0,0]],"o":[[0,0],[0,0],[0,0],[-1.914,5.049],[0,0],[0,0],[0,0]],"v":[[-6.635,8.85],[4.925,-1.422],[28.588,-12.465],[27.858,-2.919],[16.741,6.16],[6.362,26.891],[-3.773,34.741]],"c":true},"ix":2},"nm":"Path 1","mn":"ADBE Vector Shape - Group","hd":false},{"ty":"fl","c":{"a":0,"k":[0.290196090937,0.058823529631,0,1],"ix":4},"o":{"a":0,"k":100,"ix":5},"r":1,"bm":0,"nm":"Fill 1","mn":"ADBE Vector Graphic - Fill","hd":false},{"ty":"tr","p":{"a":0,"k":[0,0],"ix":2},"a":{"a":0,"k":[0,0],"ix":1},"s":{"a":0,"k":[100,100],"ix":3},"r":{"a":0,"k":0,"ix":6},"o":{"a":0,"k":100,"ix":7},"sk":{"a":0,"k":0,"ix":4},"sa":{"a":0,"k":0,"ix":5},"nm":"Transform"}],"nm":"Group 2","np":2,"cix":2,"bm":0,"ix":2,"mn":"ADBE Vector Group","hd":false},{"ty":"tr","p":{"a":0,"k":[-1.5,3],"ix":2},"a":{"a":0,"k":[0,0],"ix":1},"s":{"a":0,"k":[100,100],"ix":3},"r":{"a":0,"k":0,"ix":6},"o":{"a":0,"k":100,"ix":7},"sk":{"a":0,"k":0,"ix":4},"sa":{"a":0,"k":0,"ix":5},"nm":"Transform"}],"nm":"Thumb","np":2,"cix":2,"bm":0,"ix":2,"mn":"ADBE Vector Group","hd":false}],"ip":0,"op":300,"st":0,"bm":0}],"markers":[]}