{"v":"5.6.7","fr":29.9700012207031,"ip":0,"op":105.000004276738,"w":1050,"h":2149,"nm":"flower-grey","ddd":0,"assets":[{"id":"comp_0","layers":[{"ddd":0,"ind":1,"ty":4,"nm":"Layer 23 Outlines","sr":1,"ks":{"o":{"a":0,"k":100,"ix":11},"r":{"a":0,"k":0,"ix":10},"p":{"a":0,"k":[547.439,1514.049,0],"ix":2},"a":{"a":0,"k":[182.344,1220.247,0],"ix":1},"s":{"a":1,"k":[{"i":{"x":[0,0,0.667],"y":[1,1,1]},"o":{"x":[0.333,0.333,0.333],"y":[0,0,0]},"t":0,"s":[0,0,100]},{"t":15.0000006109625,"s":[100,100,100]}],"ix":6}},"ao":0,"shapes":[{"ty":"gr","it":[{"ind":0,"ty":"sh","ix":1,"ks":{"a":0,"k":{"i":[[0,0],[-34.685,-17.676],[-13.284,-45.798],[2.214,-113.293],[0,0],[0,0],[0,0],[7.381,69.689]],"o":[[0,0],[34.686,17.677],[13.284,45.8],[-2.214,113.293],[0,0],[0,0],[0,0],[-7.379,-69.689]],"v":[[-94.094,-623.997],[14.391,-492.223],[60.146,-345.183],[91.88,-67.975],[92.044,623.997],[81.863,623.997],[77.12,-77.017],[-62.362,-400.036]],"c":true},"ix":2},"nm":"Path 1","mn":"ADBE Vector Shape - Group","hd":false},{"ty":"fl","c":{"a":0,"k":[0.008000000785,0.356999984442,0.270999983245,1],"ix":4},"o":{"a":0,"k":100,"ix":5},"r":1,"bm":0,"nm":"Fill 1","mn":"ADBE Vector Graphic - Fill","hd":false},{"ty":"tr","p":{"a":0,"k":[94.344,624.247],"ix":2},"a":{"a":0,"k":[0,0],"ix":1},"s":{"a":0,"k":[100,100],"ix":3},"r":{"a":0,"k":0,"ix":6},"o":{"a":0,"k":100,"ix":7},"sk":{"a":0,"k":0,"ix":4},"sa":{"a":0,"k":0,"ix":5},"nm":"Transform"}],"nm":"Group 1","np":4,"cix":2,"bm":0,"ix":1,"mn":"ADBE Vector Group","hd":false}],"ip":0,"op":92.0000037472368,"st":0,"bm":0},{"ddd":0,"ind":2,"ty":4,"nm":"Layer 22 Outlines","sr":1,"ks":{"o":{"a":0,"k":100,"ix":11},"r":{"a":0,"k":0,"ix":10},"p":{"a":0,"k":[534.144,1488.706,0],"ix":2},"a":{"a":0,"k":[556.638,973.97,0],"ix":1},"s":{"a":1,"k":[{"i":{"x":[0,0,0.667],"y":[1,1,1]},"o":{"x":[0.333,0.333,0.333],"y":[0,0,0]},"t":4,"s":[0,0,100]},{"t":19.0000007738859,"s":[100,100,100]}],"ix":6}},"ao":0,"shapes":[{"ty":"gr","it":[{"ind":0,"ty":"sh","ix":1,"ks":{"a":0,"k":{"i":[[0,0],[41.688,58.174],[83.887,16.334],[15.354,28.773],[50.025,-3.947],[-28.809,23.757],[-29.6,-63.53],[-55.724,-64.39],[-33.205,-180.227],[0,0]],"o":[[0,0],[-41.688,-58.174],[-83.886,-16.334],[-15.353,-28.771],[-50.024,3.946],[28.808,-23.758],[29.599,63.531],[55.723,64.391],[33.206,180.227],[0,0]],"v":[[258.445,493.72],[162.725,-85.238],[2.317,-225.296],[-155.557,-373.996],[-241.486,-438.016],[-162.219,-469.962],[-45.375,-416.46],[104.745,-322.46],[204.486,-70.191],[269.266,492.684]],"c":true},"ix":2},"nm":"Path 1","mn":"ADBE Vector Shape - Group","hd":false},{"ty":"fl","c":{"a":0,"k":[0.224000010771,0.709999952129,0.286000001197,1],"ix":4},"o":{"a":0,"k":100,"ix":5},"r":1,"bm":0,"nm":"Fill 1","mn":"ADBE Vector Graphic - Fill","hd":false},{"ty":"tr","p":{"a":0,"k":[291.76,493.97],"ix":2},"a":{"a":0,"k":[0,0],"ix":1},"s":{"a":0,"k":[100,100],"ix":3},"r":{"a":0,"k":0,"ix":6},"o":{"a":0,"k":100,"ix":7},"sk":{"a":0,"k":0,"ix":4},"sa":{"a":0,"k":0,"ix":5},"nm":"Transform"}],"nm":"Group 1","np":4,"cix":2,"bm":0,"ix":1,"mn":"ADBE Vector Group","hd":false}],"ip":4.00000016292334,"op":92.0000037472368,"st":4.00000016292334,"bm":0},{"ddd":0,"ind":3,"ty":4,"nm":"Layer 21 Outlines","sr":1,"ks":{"o":{"a":0,"k":100,"ix":11},"r":{"a":0,"k":0,"ix":10},"p":{"a":0,"k":[542.813,1530.65,0],"ix":2},"a":{"a":0,"k":[9.02,1224.778,0],"ix":1},"s":{"a":1,"k":[{"i":{"x":[0,0,0.667],"y":[1,1,1]},"o":{"x":[0.333,0.333,0.333],"y":[0,0,0]},"t":8,"s":[0,0,100]},{"t":23.0000009368092,"s":[100,100,100]}],"ix":6}},"ao":0,"shapes":[{"ty":"gr","it":[{"ind":0,"ty":"sh","ix":1,"ks":{"a":0,"k":{"i":[[-10.66,63.008],[52.817,-40.514],[47.381,-60.701],[13.073,-118.713],[0,0],[0,0],[0,0],[-76.057,125.93],[-13.381,88.533]],"o":[[0,0],[-52.816,40.515],[-47.382,60.702],[-13.074,118.714],[0,0],[0,0],[0,0],[0,0],[0,0]],"v":[[198.77,-614.528],[78.22,-491.656],[-25.886,-346],[-133.167,-131.544],[-198.771,613.667],[-185.094,614.528],[-117.695,-111.581],[25.144,-286.937],[122.074,-442.836]],"c":true},"ix":2},"nm":"Path 1","mn":"ADBE Vector Shape - Group","hd":false},{"ty":"fl","c":{"a":0,"k":[0,0.573000021542,0.26699999641,1],"ix":4},"o":{"a":0,"k":100,"ix":5},"r":1,"bm":0,"nm":"Fill 1","mn":"ADBE Vector Graphic - Fill","hd":false},{"ty":"tr","p":{"a":0,"k":[199.021,614.778],"ix":2},"a":{"a":0,"k":[0,0],"ix":1},"s":{"a":0,"k":[100,100],"ix":3},"r":{"a":0,"k":0,"ix":6},"o":{"a":0,"k":100,"ix":7},"sk":{"a":0,"k":0,"ix":4},"sa":{"a":0,"k":0,"ix":5},"nm":"Transform"}],"nm":"Group 1","np":4,"cix":2,"bm":0,"ix":1,"mn":"ADBE Vector Group","hd":false}],"ip":8.00000032584668,"op":92.0000037472368,"st":8.00000032584668,"bm":0},{"ddd":0,"ind":4,"ty":4,"nm":"Layer 20 Outlines","sr":1,"ks":{"o":{"a":0,"k":100,"ix":11},"r":{"a":0,"k":0,"ix":10},"p":{"a":0,"k":[540.235,1523.826,0],"ix":2},"a":{"a":0,"k":[31.671,1501.076,0],"ix":1},"s":{"a":1,"k":[{"i":{"x":[0,0,0.667],"y":[1,1,1]},"o":{"x":[0.333,0.333,0.333],"y":[0,0,0]},"t":12,"s":[0,0,100]},{"t":27.0000010997325,"s":[100,100,100]}],"ix":6}},"ao":0,"shapes":[{"ty":"gr","it":[{"ind":0,"ty":"sh","ix":1,"ks":{"a":0,"k":{"i":[[-19.751,68.578],[0,0],[0,0],[0,0],[-9.931,-8.282],[-25.354,51.064]],"o":[[-32.587,63.899],[0,0],[0,0],[-55.935,135.118],[3.235,-31.654],[27.219,-54.823]],"v":[[80.971,-162.658],[-6.885,-50.598],[8.51,-20.804],[-25.036,-22.186],[-35.041,162.658],[3.354,36.791]],"c":true},"ix":2},"nm":"Path 1","mn":"ADBE Vector Shape - Group","hd":false},{"ty":"fl","c":{"a":0,"k":[0.004000000393,0.57599995931,0.277999997606,1],"ix":4},"o":{"a":0,"k":100,"ix":5},"r":1,"bm":0,"nm":"Fill 1","mn":"ADBE Vector Graphic - Fill","hd":false},{"ty":"tr","p":{"a":0,"k":[81.221,238.302],"ix":2},"a":{"a":0,"k":[0,0],"ix":1},"s":{"a":0,"k":[100,100],"ix":3},"r":{"a":0,"k":0,"ix":6},"o":{"a":0,"k":100,"ix":7},"sk":{"a":0,"k":0,"ix":4},"sa":{"a":0,"k":0,"ix":5},"nm":"Transform"}],"nm":"Group 1","np":4,"cix":2,"bm":0,"ix":1,"mn":"ADBE Vector Group","hd":false},{"ty":"gr","it":[{"ind":0,"ty":"sh","ix":1,"ks":{"a":0,"k":{"i":[[0.449,-3.238],[0,0]],"o":[[0.689,-6.271],[-0.242,3.257]],"v":[[-0.529,4.871],[0.529,-4.871]],"c":true},"ix":2},"nm":"Path 1","mn":"ADBE Vector Shape - Group","hd":false},{"ty":"fl","c":{"a":0,"k":[0.517000026329,0.517000026329,0.517000026329,1],"ix":4},"o":{"a":0,"k":100,"ix":5},"r":1,"bm":0,"nm":"Fill 1","mn":"ADBE Vector Graphic - Fill","hd":false},{"ty":"tr","p":{"a":0,"k":[184.564,5.122],"ix":2},"a":{"a":0,"k":[0,0],"ix":1},"s":{"a":0,"k":[100,100],"ix":3},"r":{"a":0,"k":0,"ix":6},"o":{"a":0,"k":100,"ix":7},"sk":{"a":0,"k":0,"ix":4},"sa":{"a":0,"k":0,"ix":5},"nm":"Transform"}],"nm":"Group 2","np":4,"cix":2,"bm":0,"ix":2,"mn":"ADBE Vector Group","hd":false},{"ty":"gr","it":[{"ind":0,"ty":"sh","ix":1,"ks":{"a":0,"k":{"i":[[0,0],[-3.168,57.476],[0,0],[-7.102,64.506],[10.513,-20.612],[27.219,-54.823],[3.235,-31.655],[0,0],[0,0],[0,0],[0,0]],"o":[[0,0],[3.169,-57.474],[43.406,-62.38],[-3.167,22.805],[-19.751,68.578],[-25.354,51.064],[1.427,1.19],[0.815,38.437],[0,0],[0,0],[0,0]],"v":[[-66.91,736.916],[-30.708,-122.18],[-14.06,-254.306],[78.435,-747.954],[56.591,-682.303],[-21.026,-482.855],[-59.42,-356.986],[-57.102,-355.288],[-33.764,-261.519],[-78.435,747.516],[-67.776,747.954]],"c":true},"ix":2},"nm":"Path 1","mn":"ADBE Vector Shape - Group","hd":false},{"ty":"fl","c":{"a":0,"k":[0.224000010771,0.709999952129,0.286000001197,1],"ix":4},"o":{"a":0,"k":100,"ix":5},"r":1,"bm":0,"nm":"Fill 1","mn":"ADBE Vector Graphic - Fill","hd":false},{"ty":"tr","p":{"a":0,"k":[105.601,757.947],"ix":2},"a":{"a":0,"k":[0,0],"ix":1},"s":{"a":0,"k":[100,100],"ix":3},"r":{"a":0,"k":0,"ix":6},"o":{"a":0,"k":100,"ix":7},"sk":{"a":0,"k":0,"ix":4},"sa":{"a":0,"k":0,"ix":5},"nm":"Transform"}],"nm":"Group 3","np":4,"cix":2,"bm":0,"ix":3,"mn":"ADBE Vector Group","hd":false}],"ip":12.00000048877,"op":92.0000037472368,"st":12.00000048877,"bm":0},{"ddd":0,"ind":5,"ty":4,"nm":"Layer 19 Outlines","sr":1,"ks":{"o":{"a":0,"k":100,"ix":11},"r":{"a":0,"k":0,"ix":10},"p":{"a":0,"k":[526.705,1502.869,0],"ix":2},"a":{"a":0,"k":[335.96,554.39,0],"ix":1},"s":{"a":1,"k":[{"i":{"x":[0,0,0.667],"y":[1,1,1]},"o":{"x":[0.333,0.333,0.333],"y":[0,0,0]},"t":16,"s":[0,0,100]},{"t":31.0000012626559,"s":[100,100,100]}],"ix":6}},"ao":0,"shapes":[{"ty":"gr","it":[{"ind":0,"ty":"sh","ix":1,"ks":{"a":0,"k":{"i":[[-34.119,-116.352],[0,0],[49.646,6.698],[0.514,0.064],[12.853,-75.187],[-1.417,9.676]],"o":[[0,0],[0,0],[-0.525,-0.072],[-10.74,10.133],[2.724,-10.205],[0,0]],"v":[[73.256,277.156],[80.332,272.941],[-40.145,-277.003],[-41.623,-277.156],[-80.331,-163.829],[-73.99,-193.794]],"c":true},"ix":2},"nm":"Path 1","mn":"ADBE Vector Shape - Group","hd":false},{"ty":"fl","c":{"a":0,"k":[0.004000000393,0.4,0.20800000359,1],"ix":4},"o":{"a":0,"k":100,"ix":5},"r":1,"bm":0,"nm":"Fill 1","mn":"ADBE Vector Graphic - Fill","hd":false},{"ty":"tr","p":{"a":0,"k":[259.338,283.375],"ix":2},"a":{"a":0,"k":[0,0],"ix":1},"s":{"a":0,"k":[100,100],"ix":3},"r":{"a":0,"k":0,"ix":6},"o":{"a":0,"k":100,"ix":7},"sk":{"a":0,"k":0,"ix":4},"sa":{"a":0,"k":0,"ix":5},"nm":"Transform"}],"nm":"Group 1","np":4,"cix":2,"bm":0,"ix":1,"mn":"ADBE Vector Group","hd":false},{"ty":"gr","it":[{"ind":0,"ty":"sh","ix":1,"ks":{"a":0,"k":{"i":[[0.214,4.37],[0,0]],"o":[[-0.652,0.83],[0,0]],"v":[[0.43,-2.185],[-0.644,-0.874]],"c":true},"ix":2},"nm":"Path 1","mn":"ADBE Vector Shape - Group","hd":false},{"ty":"fl","c":{"a":0,"k":[0.517000026329,0.517000026329,0.517000026329,1],"ix":4},"o":{"a":0,"k":100,"ix":5},"r":1,"bm":0,"nm":"Fill 1","mn":"ADBE Vector Graphic - Fill","hd":false},{"ty":"tr","p":{"a":0,"k":[63.986,500.014],"ix":2},"a":{"a":0,"k":[0,0],"ix":1},"s":{"a":0,"k":[100,100],"ix":3},"r":{"a":0,"k":0,"ix":6},"o":{"a":0,"k":100,"ix":7},"sk":{"a":0,"k":0,"ix":4},"sa":{"a":0,"k":0,"ix":5},"nm":"Transform"}],"nm":"Group 2","np":4,"cix":2,"bm":0,"ix":2,"mn":"ADBE Vector Group","hd":false},{"ty":"gr","it":[{"ind":0,"ty":"sh","ix":1,"ks":{"a":0,"k":{"i":[[-10.74,10.133],[36.798,8.101],[7.413,-85.946],[-36.256,-162.415],[-0.364,-7.429],[14.642,47.536],[-9.319,112.279],[-17.788,66.642]],"o":[[-48.063,-5.969],[-37.191,-8.186],[-7.413,85.945],[22.832,102.272],[5.11,-6.494],[0,0],[0,0],[12.853,-75.186]],"v":[[108.732,-242.82],[24.69,-232.446],[-30.186,-134.932],[-72.477,110.14],[-44.566,248.79],[-32.415,163.461],[11.46,9.154],[70.024,-129.494]],"c":true},"ix":2},"nm":"Path 1","mn":"ADBE Vector Shape - Group","hd":false},{"ty":"fl","c":{"a":0,"k":[0.224000010771,0.709999952129,0.286000001197,1],"ix":4},"o":{"a":0,"k":100,"ix":5},"r":1,"bm":0,"nm":"Fill 1","mn":"ADBE Vector Graphic - Fill","hd":false},{"ty":"tr","p":{"a":0,"k":[108.983,249.039],"ix":2},"a":{"a":0,"k":[0,0],"ix":1},"s":{"a":0,"k":[100,100],"ix":3},"r":{"a":0,"k":0,"ix":6},"o":{"a":0,"k":100,"ix":7},"sk":{"a":0,"k":0,"ix":4},"sa":{"a":0,"k":0,"ix":5},"nm":"Transform"}],"nm":"Group 3","np":4,"cix":2,"bm":0,"ix":3,"mn":"ADBE Vector Group","hd":false}],"ip":16.0000006516934,"op":92.0000037472368,"st":16.0000006516934,"bm":0},{"ddd":0,"ind":6,"ty":4,"nm":"Layer 18 Outlines","sr":1,"ks":{"o":{"a":0,"k":100,"ix":11},"r":{"a":0,"k":0,"ix":10},"p":{"a":0,"k":[546.176,1525.993,0],"ix":2},"a":{"a":0,"k":[509.426,1125.782,0],"ix":1},"s":{"a":1,"k":[{"i":{"x":[0,0,0.667],"y":[1,1,1]},"o":{"x":[0.333,0.333,0.333],"y":[0,0,0]},"t":20,"s":[0,0,100]},{"t":35.0000014255792,"s":[100,100,100]}],"ix":6}},"ao":0,"shapes":[{"ty":"gr","it":[{"ind":0,"ty":"sh","ix":1,"ks":{"a":0,"k":{"i":[[-20.959,-7.943],[-39.239,-87.201],[0,0],[0,0],[3.737,77.234],[7.476,55.434],[22.423,99.036],[0,0],[0.965,0.555],[0.005,-0.001]],"o":[[77.234,29.275],[39.241,87.201],[0,0],[0,0],[-3.737,-77.234],[-7.472,-55.435],[-22.424,-99.035],[0,0],[-97.598,-10.08],[32.305,-2.461]],"v":[[-92.821,-512.55],[99.741,-295.107],[181.237,542.886],[194.94,542.886],[172.517,-40.421],[189.333,-259.045],[128.294,-422.235],[21.784,-531.859],[20.158,-532.806],[-196.809,-515.802]],"c":true},"ix":2},"nm":"Path 1","mn":"ADBE Vector Shape - Group","hd":false},{"ty":"fl","c":{"a":0,"k":[0,0.573000021542,0.26699999641,1],"ix":4},"o":{"a":0,"k":100,"ix":5},"r":1,"bm":0,"nm":"Fill 1","mn":"ADBE Vector Graphic - Fill","hd":false},{"ty":"tr","p":{"a":0,"k":[319.793,584.429],"ix":2},"a":{"a":0,"k":[0,0],"ix":1},"s":{"a":0,"k":[100,100],"ix":3},"r":{"a":0,"k":0,"ix":6},"o":{"a":0,"k":100,"ix":7},"sk":{"a":0,"k":0,"ix":4},"sa":{"a":0,"k":0,"ix":5},"nm":"Transform"}],"nm":"Group 1","np":4,"cix":2,"bm":0,"ix":1,"mn":"ADBE Vector Group","hd":false},{"ty":"gr","it":[{"ind":0,"ty":"sh","ix":1,"ks":{"a":0,"k":{"i":[[-97.598,-10.08],[105.048,6.246],[0,0],[0,0],[-16.842,1.283]],"o":[[-9.969,-5.721],[-115.228,-6.852],[78.481,2.491],[0,0],[0.005,-0.001]],"v":[[169.851,-5.93],[-6.038,-50.451],[-169.85,54.812],[-75.797,13.703],[-47.116,11.074]],"c":true},"ix":2},"nm":"Path 1","mn":"ADBE Vector Shape - Group","hd":false},{"ty":"fl","c":{"a":0,"k":[0.226999993418,0.709999952129,0.289999988032,1],"ix":4},"o":{"a":0,"k":100,"ix":5},"r":1,"bm":0,"nm":"Fill 1","mn":"ADBE Vector Graphic - Fill","hd":false},{"ty":"tr","p":{"a":0,"k":[170.1,57.553],"ix":2},"a":{"a":0,"k":[0,0],"ix":1},"s":{"a":0,"k":[100,100],"ix":3},"r":{"a":0,"k":0,"ix":6},"o":{"a":0,"k":100,"ix":7},"sk":{"a":0,"k":0,"ix":4},"sa":{"a":0,"k":0,"ix":5},"nm":"Transform"}],"nm":"Group 2","np":4,"cix":2,"bm":0,"ix":2,"mn":"ADBE Vector Group","hd":false}],"ip":20.0000008146167,"op":92.0000037472368,"st":20.0000008146167,"bm":0},{"ddd":0,"ind":7,"ty":4,"nm":"Layer 17 Outlines","sr":1,"ks":{"o":{"a":0,"k":100,"ix":11},"r":{"a":0,"k":0,"ix":10},"p":{"a":0,"k":[551.377,1551.242,0],"ix":2},"a":{"a":0,"k":[5.218,756.473,0],"ix":1},"s":{"a":1,"k":[{"i":{"x":[0,0,0.667],"y":[1,1,1]},"o":{"x":[0.333,0.333,0.333],"y":[0,0,0]},"t":24,"s":[0,0,100]},{"t":39.0000015885026,"s":[100,100,100]}],"ix":6}},"ao":0,"shapes":[{"ty":"gr","it":[{"ind":0,"ty":"sh","ix":1,"ks":{"a":0,"k":{"i":[[0,0],[0,0],[0,0],[-16.725,9.198],[-1.461,-0.083],[44.769,0.09],[18.549,-24.115]],"o":[[0,0],[18.397,-91.983],[85.292,-10.034],[0.78,-0.43],[-29.418,-9.506],[-20.508,23.978],[-41.811,54.355]],"v":[[-125.04,310.277],[-116.678,310.277],[-16.425,-179.745],[121.551,-293.469],[125.04,-293.896],[14.161,-310.277],[-39.839,-235.771]],"c":true},"ix":2},"nm":"Path 1","mn":"ADBE Vector Shape - Group","hd":false},{"ty":"fl","c":{"a":0,"k":[0,0.416000007181,0.211999990426,1],"ix":4},"o":{"a":0,"k":100,"ix":5},"r":1,"bm":0,"nm":"Fill 1","mn":"ADBE Vector Graphic - Fill","hd":false},{"ty":"tr","p":{"a":0,"k":[125.291,448.419],"ix":2},"a":{"a":0,"k":[0,0],"ix":1},"s":{"a":0,"k":[100,100],"ix":3},"r":{"a":0,"k":0,"ix":6},"o":{"a":0,"k":100,"ix":7},"sk":{"a":0,"k":0,"ix":4},"sa":{"a":0,"k":0,"ix":5},"nm":"Transform"}],"nm":"Group 1","np":4,"cix":2,"bm":0,"ix":1,"mn":"ADBE Vector Group","hd":false},{"ty":"gr","it":[{"ind":0,"ty":"sh","ix":1,"ks":{"a":0,"k":{"i":[[0,0],[0,0],[25.718,-30.065],[-29.418,-9.506]],"o":[[-138.811,-259.226],[-61.408,13.025],[44.768,0.09],[29.824,1.688]],"v":[[152.367,129.613],[-30.763,-61.043],[-152.367,8.279],[-41.488,24.66]],"c":true},"ix":2},"nm":"Path 1","mn":"ADBE Vector Shape - Group","hd":false},{"ty":"fl","c":{"a":0,"k":[0.224000010771,0.709999952129,0.286000001197,1],"ix":4},"o":{"a":0,"k":100,"ix":5},"r":1,"bm":0,"nm":"Fill 1","mn":"ADBE Vector Graphic - Fill","hd":false},{"ty":"tr","p":{"a":0,"k":[291.819,129.863],"ix":2},"a":{"a":0,"k":[0,0],"ix":1},"s":{"a":0,"k":[100,100],"ix":3},"r":{"a":0,"k":0,"ix":6},"o":{"a":0,"k":100,"ix":7},"sk":{"a":0,"k":0,"ix":4},"sa":{"a":0,"k":0,"ix":5},"nm":"Transform"}],"nm":"Group 2","np":4,"cix":2,"bm":0,"ix":2,"mn":"ADBE Vector Group","hd":false}],"ip":24.00000097754,"op":92.0000037472368,"st":24.00000097754,"bm":0},{"ddd":0,"ind":8,"ty":4,"nm":"Layer 16 Outlines","sr":1,"ks":{"o":{"a":0,"k":100,"ix":11},"r":{"a":0,"k":0,"ix":10},"p":{"a":0,"k":[541.8,1553.44,0],"ix":2},"a":{"a":0,"k":[4.956,1038.069,0],"ix":1},"s":{"a":1,"k":[{"i":{"x":[0,0,0.667],"y":[1,1,1]},"o":{"x":[0.333,0.333,0.333],"y":[0,0,0]},"t":28,"s":[0,0,100]},{"t":43.0000017514259,"s":[100,100,100]}],"ix":6}},"ao":0,"shapes":[{"ty":"gr","it":[{"ind":0,"ty":"sh","ix":1,"ks":{"a":0,"k":{"i":[[66.078,-9.45],[28.658,-64.454],[0,0],[0,0],[0,0],[0,0],[-27.183,22.097],[-22.507,87.701],[0,0],[-38.516,-3.109],[0,0]],"o":[[0,0],[-28.657,64.454],[0,0],[0,0],[0,0],[0,0],[27.181,-22.099],[22.506,-87.702],[0,0],[0,0],[0,0]],"v":[[93.428,-492.471],[-9.719,-422.452],[-122.384,-199.643],[-213.369,501.8],[-202.009,501.92],[-111.626,-188.93],[-31.017,-275.578],[77.815,-383.958],[131.006,-478.532],[213.369,-477.983],[213.355,-477.993]],"c":true},"ix":2},"nm":"Path 1","mn":"ADBE Vector Shape - Group","hd":false},{"ty":"fl","c":{"a":0,"k":[0,0.352999997606,0.26699999641,1],"ix":4},"o":{"a":0,"k":100,"ix":5},"r":1,"bm":0,"nm":"Fill 1","mn":"ADBE Vector Graphic - Fill","hd":false},{"ty":"tr","p":{"a":0,"k":[213.619,537.967],"ix":2},"a":{"a":0,"k":[0,0],"ix":1},"s":{"a":0,"k":[100,100],"ix":3},"r":{"a":0,"k":0,"ix":6},"o":{"a":0,"k":100,"ix":7},"sk":{"a":0,"k":0,"ix":4},"sa":{"a":0,"k":0,"ix":5},"nm":"Transform"}],"nm":"Group 1","np":4,"cix":2,"bm":0,"ix":1,"mn":"ADBE Vector Group","hd":false},{"ty":"gr","it":[{"ind":0,"ty":"sh","ix":1,"ks":{"a":0,"k":{"i":[[18.643,18.583],[24.253,-7.946],[0,0],[0,0],[0,0],[-7.902,-8.381]],"o":[[-18.643,-18.584],[0,0],[66.077,-9.45],[0,0],[24.06,1.942],[20.558,21.801]],"v":[[92.808,-15.283],[17.47,-40.057],[-111.45,2.178],[30.762,11.72],[30.777,11.732],[84.725,26.203]],"c":true},"ix":2},"nm":"Path 1","mn":"ADBE Vector Shape - Group","hd":false},{"ty":"fl","c":{"a":0,"k":[0.224000010771,0.709999952129,0.286000001197,1],"ix":4},"o":{"a":0,"k":100,"ix":5},"r":1,"bm":0,"nm":"Fill 1","mn":"ADBE Vector Graphic - Fill","hd":false},{"ty":"tr","p":{"a":0,"k":[396.211,48.254],"ix":2},"a":{"a":0,"k":[0,0],"ix":1},"s":{"a":0,"k":[100,100],"ix":3},"r":{"a":0,"k":0,"ix":6},"o":{"a":0,"k":100,"ix":7},"sk":{"a":0,"k":0,"ix":4},"sa":{"a":0,"k":0,"ix":5},"nm":"Transform"}],"nm":"Group 2","np":4,"cix":2,"bm":0,"ix":2,"mn":"ADBE Vector Group","hd":false}],"ip":28.0000011404634,"op":92.0000037472368,"st":28.0000011404634,"bm":0},{"ddd":0,"ind":9,"ty":4,"nm":"Layer 15 Outlines","sr":1,"ks":{"o":{"a":0,"k":100,"ix":11},"r":{"a":0,"k":0,"ix":10},"p":{"a":0,"k":[548.168,1601.86,0],"ix":2},"a":{"a":0,"k":[4.299,593.364,0],"ix":1},"s":{"a":1,"k":[{"i":{"x":[0.667,0.667,0.667],"y":[1,1,1]},"o":{"x":[0.333,0.333,0.333],"y":[0,0,0]},"t":32,"s":[0,0,100]},{"t":47.0000019143492,"s":[100,100,100]}],"ix":6}},"ao":0,"shapes":[{"ty":"gr","it":[{"ind":0,"ty":"sh","ix":1,"ks":{"a":0,"k":{"i":[[5.85,20.141],[17.86,12.809],[8.362,-7.324],[17.899,-77.21],[-0.8,0.015],[-9.44,21.413],[-5.105,-16.608],[2.333,-15.616]],"o":[[-5.764,-19.846],[-9.89,4.235],[-43.35,37.967],[0.793,-0.065],[11.039,-40.484],[18.154,-41.18],[1.52,4.945],[9.019,-24.864]],"v":[[91.442,-224.197],[52.414,-286.795],[24.682,-269.435],[-97.292,284.573],[-87.49,286.78],[35.664,-168.722],[79.179,-174.775],[77.161,-141.866]],"c":true},"ix":2},"nm":"Path 1","mn":"ADBE Vector Shape - Group","hd":false},{"ty":"fl","c":{"a":0,"k":[0,0.569000004787,0.255000005984,1],"ix":4},"o":{"a":0,"k":100,"ix":5},"r":1,"bm":0,"nm":"Fill 1","mn":"ADBE Vector Graphic - Fill","hd":false},{"ty":"tr","p":{"a":0,"k":[97.541,307.684],"ix":2},"a":{"a":0,"k":[0,0],"ix":1},"s":{"a":0,"k":[100,100],"ix":3},"r":{"a":0,"k":0,"ix":6},"o":{"a":0,"k":100,"ix":7},"sk":{"a":0,"k":0,"ix":4},"sa":{"a":0,"k":0,"ix":5},"nm":"Transform"}],"nm":"Group 1","np":4,"cix":2,"bm":0,"ix":1,"mn":"ADBE Vector Group","hd":false},{"ty":"gr","it":[{"ind":0,"ty":"sh","ix":1,"ks":{"a":0,"k":{"i":[[-13.855,85.003],[48.208,-20.639],[-5.764,-19.846],[9.019,-24.864],[-2.52,-19.957],[0,0],[1.446,37.925]],"o":[[11.496,-70.532],[17.86,12.809],[5.849,20.14],[-5.503,36.829],[3.587,28.42],[39.41,-21.085],[-1.448,-37.925]],"v":[[46.275,-106.106],[-48.621,-173.529],[-9.594,-110.931],[-23.874,-28.6],[-38.683,83.32],[-57.771,194.168],[6.461,57.649]],"c":true},"ix":2},"nm":"Path 1","mn":"ADBE Vector Shape - Group","hd":false},{"ty":"fl","c":{"a":0,"k":[0.219999994016,0.702000038297,0.289999988032,1],"ix":4},"o":{"a":0,"k":100,"ix":5},"r":1,"bm":0,"nm":"Fill 1","mn":"ADBE Vector Graphic - Fill","hd":false},{"ty":"tr","p":{"a":0,"k":[198.577,194.418],"ix":2},"a":{"a":0,"k":[0,0],"ix":1},"s":{"a":0,"k":[100,100],"ix":3},"r":{"a":0,"k":0,"ix":6},"o":{"a":0,"k":100,"ix":7},"sk":{"a":0,"k":0,"ix":4},"sa":{"a":0,"k":0,"ix":5},"nm":"Transform"}],"nm":"Group 2","np":4,"cix":2,"bm":0,"ix":2,"mn":"ADBE Vector Group","hd":false}],"ip":32.0000013033867,"op":92.0000037472368,"st":32.0000013033867,"bm":0}]}],"layers":[{"ddd":0,"ind":1,"ty":4,"nm":"pot Outlines","sr":1,"ks":{"o":{"a":0,"k":100,"ix":11},"r":{"a":0,"k":0,"ix":10},"p":{"a":0,"k":[552.052,2129.755,0],"ix":2},"a":{"a":0,"k":[136.905,636.451,0],"ix":1},"s":{"a":1,"k":[{"i":{"x":[0,0,0.667],"y":[0.994,0.994,1]},"o":{"x":[0.333,0.333,0.333],"y":[0,0,0]},"t":0,"s":[0,0,100]},{"t":19.0000007738859,"s":[100,100,100]}],"ix":6}},"ao":0,"shapes":[{"ty":"gr","it":[{"ind":0,"ty":"sh","ix":1,"ks":{"a":0,"k":{"i":[[0,0],[11,0],[0,0],[1.327,10.919],[0,0],[-11,0],[0,0],[1.326,-10.919]],"o":[[-1.326,10.919],[0,0],[-11,0],[0,0],[-1.327,-10.919],[0,0],[11,0],[0,0]],"v":[[69.216,280.347],[46.805,300.201],[-46.804,300.201],[-69.216,280.347],[-137.328,-280.347],[-119.74,-300.201],[119.741,-300.201],[137.329,-280.347]],"c":true},"ix":2},"nm":"Path 1","mn":"ADBE Vector Shape - Group","hd":false},{"ty":"fl","c":{"a":0,"k":[1,0.46699999641,0.372999991623,1],"ix":4},"o":{"a":0,"k":100,"ix":5},"r":1,"bm":0,"nm":"Fill 1","mn":"ADBE Vector Graphic - Fill","hd":false},{"ty":"tr","p":{"a":0,"k":[138.905,300.451],"ix":2},"a":{"a":0,"k":[0,0],"ix":1},"s":{"a":0,"k":[100,100],"ix":3},"r":{"a":0,"k":0,"ix":6},"o":{"a":0,"k":100,"ix":7},"sk":{"a":0,"k":0,"ix":4},"sa":{"a":0,"k":0,"ix":5},"nm":"Transform"}],"nm":"Group 1","np":4,"cix":2,"bm":0,"ix":1,"mn":"ADBE Vector Group","hd":false}],"ip":0,"op":900.000036657751,"st":0,"bm":0},{"ddd":0,"ind":2,"ty":0,"nm":"leafs","refId":"comp_0","sr":1,"ks":{"o":{"a":0,"k":100,"ix":11},"r":{"a":0,"k":0,"ix":10},"p":{"a":0,"k":[525,1074.5,0],"ix":2},"a":{"a":0,"k":[525,1074.5,0],"ix":1},"s":{"a":0,"k":[100,100,100],"ix":6}},"ao":0,"w":1050,"h":2149,"ip":18.000000733155,"op":918.000037390907,"st":18.000000733155,"bm":0},{"ddd":0,"ind":3,"ty":4,"nm":"shadow Outlines","parent":1,"sr":1,"ks":{"o":{"a":0,"k":30,"ix":11},"r":{"a":0,"k":0,"ix":10},"p":{"a":0,"k":[137.853,589.832,0],"ix":2},"a":{"a":0,"k":[238.727,53.427,0],"ix":1},"s":{"a":0,"k":[100,100,100],"ix":6}},"ao":0,"shapes":[{"ty":"gr","it":[{"ind":0,"ty":"sh","ix":1,"ks":{"a":0,"k":{"i":[[0,-29.508],[131.846,0],[0,29.507],[-131.844,0]],"o":[[0,29.507],[-131.844,0],[0,-29.508],[131.846,0]],"v":[[238.727,0],[-0.001,53.427],[-238.727,0],[-0.001,-53.428]],"c":true},"ix":2},"nm":"Path 1","mn":"ADBE Vector Shape - Group","hd":false},{"ty":"fl","c":{"a":0,"k":[0,0,0,1],"ix":4},"o":{"a":0,"k":100,"ix":5},"r":1,"bm":0,"nm":"Fill 1","mn":"ADBE Vector Graphic - Fill","hd":false},{"ty":"tr","p":{"a":0,"k":[238.727,53.427],"ix":2},"a":{"a":0,"k":[0,0],"ix":1},"s":{"a":0,"k":[100,100],"ix":3},"r":{"a":0,"k":0,"ix":6},"o":{"a":0,"k":100,"ix":7},"sk":{"a":0,"k":0,"ix":4},"sa":{"a":0,"k":0,"ix":5},"nm":"Transform"}],"nm":"Group 1","np":4,"cix":2,"bm":0,"ix":1,"mn":"ADBE Vector Group","hd":false}],"ip":0,"op":900.000036657751,"st":0,"bm":0}],"markers":[]}