{"v":"5.7.0","fr":60,"ip":0,"op":234,"w":800,"h":600,"nm":"Comp 1","ddd":0,"assets":[],"layers":[{"ddd":0,"ind":1,"ty":4,"nm":"Man","sr":1,"ks":{"o":{"a":0,"k":100,"ix":11},"r":{"a":0,"k":0,"ix":10},"p":{"a":1,"k":[{"i":{"x":0,"y":1},"o":{"x":0.333,"y":0},"t":0,"s":[400,300,0],"to":[0,-10.167,0],"ti":[0,0,0]},{"i":{"x":0.667,"y":1},"o":{"x":1,"y":0},"t":113,"s":[400,239,0],"to":[0,0,0],"ti":[0,-10.167,0]},{"t":228,"s":[400,300,0]}],"ix":2},"a":{"a":0,"k":[0,0,0],"ix":1},"s":{"a":0,"k":[100,100,100],"ix":6}},"ao":0,"shapes":[{"ty":"gr","it":[{"ind":0,"ty":"sh","ix":1,"ks":{"a":0,"k":{"i":[[0,0],[2.36,-0.94],[0,0],[0,-2.36],[0,0]],"o":[[0,0],[-2.36,0.94],[0,0],[0,2.36],[0,0]],"v":[[46.71,-101],[43.17,-103.12],[40.34,-99.12],[42.23,-97.47],[40.11,-96.06]],"c":false},"ix":2},"nm":"Path 1","mn":"ADBE Vector Shape - Group","hd":false},{"ty":"st","c":{"a":0,"k":[0.149019613862,0.196078434587,0.219607844949,1],"ix":3},"o":{"a":0,"k":100,"ix":4},"w":{"a":0,"k":1,"ix":5},"lc":2,"lj":2,"bm":0,"nm":"Stroke 1","mn":"ADBE Vector Graphic - Stroke","hd":false},{"ty":"tr","p":{"a":0,"k":[0,0],"ix":2},"a":{"a":0,"k":[0,0],"ix":1},"s":{"a":0,"k":[100,100],"ix":3},"r":{"a":0,"k":0,"ix":6},"o":{"a":0,"k":100,"ix":7},"sk":{"a":0,"k":0,"ix":4},"sa":{"a":0,"k":0,"ix":5},"nm":"Transform"}],"nm":"Group 1","np":2,"cix":2,"bm":0,"ix":1,"mn":"ADBE Vector Group","hd":false},{"ty":"gr","it":[{"ind":0,"ty":"sh","ix":1,"ks":{"a":0,"k":{"i":[[0,0],[3.954,-2.298]],"o":[[-3.849,-2.47],[0,0]],"v":[[28,-105.67],[15.29,-105.95]],"c":false},"ix":2},"nm":"Path 1","mn":"ADBE Vector Shape - Group","hd":false},{"ty":"st","c":{"a":0,"k":[0.149019613862,0.196078434587,0.219607844949,1],"ix":3},"o":{"a":0,"k":100,"ix":4},"w":{"a":0,"k":1,"ix":5},"lc":2,"lj":2,"bm":0,"nm":"Stroke 1","mn":"ADBE Vector Graphic - Stroke","hd":false},{"ty":"tr","p":{"a":0,"k":[0,0],"ix":2},"a":{"a":0,"k":[0,0],"ix":1},"s":{"a":0,"k":[100,100],"ix":3},"r":{"a":0,"k":0,"ix":6},"o":{"a":0,"k":100,"ix":7},"sk":{"a":0,"k":0,"ix":4},"sa":{"a":0,"k":0,"ix":5},"nm":"Transform"}],"nm":"Group 2","np":2,"cix":2,"bm":0,"ix":2,"mn":"ADBE Vector Group","hd":false},{"ty":"gr","it":[{"ind":0,"ty":"sh","ix":1,"ks":{"a":0,"k":{"i":[[0,0],[0,0]],"o":[[0,0],[0,0]],"v":[[10.49,-83.92],[17.17,-83.95]],"c":false},"ix":2},"nm":"Path 1","mn":"ADBE Vector Shape - Group","hd":false},{"ty":"st","c":{"a":0,"k":[0.149019613862,0.196078434587,0.219607844949,1],"ix":3},"o":{"a":0,"k":100,"ix":4},"w":{"a":0,"k":1,"ix":5},"lc":2,"lj":2,"bm":0,"nm":"Stroke 1","mn":"ADBE Vector Graphic - Stroke","hd":false},{"ty":"tr","p":{"a":0,"k":[0,0],"ix":2},"a":{"a":0,"k":[0,0],"ix":1},"s":{"a":0,"k":[100,100],"ix":3},"r":{"a":0,"k":0,"ix":6},"o":{"a":0,"k":100,"ix":7},"sk":{"a":0,"k":0,"ix":4},"sa":{"a":0,"k":0,"ix":5},"nm":"Transform"}],"nm":"Group 3","np":2,"cix":2,"bm":0,"ix":3,"mn":"ADBE Vector Group","hd":false},{"ty":"gr","it":[{"ind":0,"ty":"sh","ix":1,"ks":{"a":0,"k":{"i":[[0,0],[0.29,0.85],[0,0],[0,0],[2.3,-1.7]],"o":[[-2.26,0.57],[-0.29,-0.85],[0,0],[0,0],[0,0]],"v":[[15.57,-89],[9.92,-90.13],[11.34,-102],[9.34,-105.39],[5.34,-106.23]],"c":false},"ix":2},"nm":"Path 1","mn":"ADBE Vector Shape - Group","hd":false},{"ty":"st","c":{"a":0,"k":[0.149019613862,0.196078434587,0.219607844949,1],"ix":3},"o":{"a":0,"k":100,"ix":4},"w":{"a":0,"k":1,"ix":5},"lc":2,"lj":2,"bm":0,"nm":"Stroke 1","mn":"ADBE Vector Graphic - Stroke","hd":false},{"ty":"tr","p":{"a":0,"k":[0,0],"ix":2},"a":{"a":0,"k":[0,0],"ix":1},"s":{"a":0,"k":[100,100],"ix":3},"r":{"a":0,"k":0,"ix":6},"o":{"a":0,"k":100,"ix":7},"sk":{"a":0,"k":0,"ix":4},"sa":{"a":0,"k":0,"ix":5},"nm":"Transform"}],"nm":"Group 4","np":2,"cix":2,"bm":0,"ix":4,"mn":"ADBE Vector Group","hd":false},{"ty":"gr","it":[{"ind":0,"ty":"sh","ix":1,"ks":{"a":0,"k":{"i":[[0,0],[-1.318,1.004],[-0.099,0.1]],"o":[[1.004,1.318],[0.112,-0.085],[0,0]],"v":[[5.4,-101.72],[9.605,-101.153],[9.92,-101.43]],"c":false},"ix":2},"nm":"Path 1","mn":"ADBE Vector Shape - Group","hd":false},{"ty":"st","c":{"a":0,"k":[0.149019613862,0.196078434587,0.219607844949,1],"ix":3},"o":{"a":0,"k":100,"ix":4},"w":{"a":0,"k":1,"ix":5},"lc":2,"lj":2,"bm":0,"nm":"Stroke 1","mn":"ADBE Vector Graphic - Stroke","hd":false},{"ty":"tr","p":{"a":0,"k":[0,0],"ix":2},"a":{"a":0,"k":[0,0],"ix":1},"s":{"a":0,"k":[100,100],"ix":3},"r":{"a":0,"k":0,"ix":6},"o":{"a":0,"k":100,"ix":7},"sk":{"a":0,"k":0,"ix":4},"sa":{"a":0,"k":0,"ix":5},"nm":"Transform"}],"nm":"Group 5","np":2,"cix":2,"bm":0,"ix":5,"mn":"ADBE Vector Group","hd":false},{"ty":"gr","it":[{"ind":0,"ty":"sh","ix":1,"ks":{"a":0,"k":{"i":[[0,0],[-5.07,4.23]],"o":[[0,0],[0,0]],"v":[[18,-101.13],[26.16,-101.13]],"c":false},"ix":2},"nm":"Path 1","mn":"ADBE Vector Shape - Group","hd":false},{"ty":"st","c":{"a":0,"k":[0.149019613862,0.196078434587,0.219607844949,1],"ix":3},"o":{"a":0,"k":100,"ix":4},"w":{"a":0,"k":1,"ix":5},"lc":2,"lj":2,"bm":0,"nm":"Stroke 1","mn":"ADBE Vector Graphic - Stroke","hd":false},{"ty":"tr","p":{"a":0,"k":[0,0],"ix":2},"a":{"a":0,"k":[0,0],"ix":1},"s":{"a":0,"k":[100,100],"ix":3},"r":{"a":0,"k":0,"ix":6},"o":{"a":0,"k":100,"ix":7},"sk":{"a":0,"k":0,"ix":4},"sa":{"a":0,"k":0,"ix":5},"nm":"Transform"}],"nm":"Group 6","np":2,"cix":2,"bm":0,"ix":6,"mn":"ADBE Vector Group","hd":false},{"ty":"gr","it":[{"ind":0,"ty":"sh","ix":1,"ks":{"a":0,"k":{"i":[[3.15,-2.6],[-0.57,-7.06],[-0.85,-5.1],[-2,-2.51],[-1.98,-1.41],[-1.41,2.26],[-1.13,3.12],[0,0],[1.41,5.07],[2.26,-1.7],[0,0],[-1.13,3.67],[1.13,4.24],[8.99,-0.69]],"o":[[0,0],[0.57,7.06],[0.85,5.1],[2,2.51],[1.98,1.41],[1.41,-2.26],[1.13,-3.12],[0,0],[-1.41,-5.07],[-2.26,1.7],[0,0],[1.13,-3.67],[-1.13,-4.24],[-7.09,0.52]],"v":[[11.05,-126],[4.56,-112.45],[3.71,-96.35],[7.71,-78.84],[11.95,-72.06],[22.12,-72.91],[39.63,-87.03],[40.48,-90.98],[48.95,-101.98],[41.32,-107.34],[38.78,-104.8],[34,-112.36],[37.53,-121.53],[18.96,-122.96]],"c":true},"ix":2},"nm":"Path 1","mn":"ADBE Vector Shape - Group","hd":false},{"ty":"st","c":{"a":0,"k":[0.149019613862,0.196078434587,0.219607844949,1],"ix":3},"o":{"a":0,"k":100,"ix":4},"w":{"a":0,"k":1,"ix":5},"lc":2,"lj":2,"bm":0,"nm":"Stroke 1","mn":"ADBE Vector Graphic - Stroke","hd":false},{"ty":"tr","p":{"a":0,"k":[0,0],"ix":2},"a":{"a":0,"k":[0,0],"ix":1},"s":{"a":0,"k":[100,100],"ix":3},"r":{"a":0,"k":0,"ix":6},"o":{"a":0,"k":100,"ix":7},"sk":{"a":0,"k":0,"ix":4},"sa":{"a":0,"k":0,"ix":5},"nm":"Transform"}],"nm":"Group 7","np":2,"cix":2,"bm":0,"ix":7,"mn":"ADBE Vector Group","hd":false},{"ty":"gr","it":[{"ind":0,"ty":"sh","ix":1,"ks":{"a":0,"k":{"i":[[3.15,-2.6],[-0.57,-7.06],[-0.85,-5.1],[-2,-2.51],[-1.98,-1.41],[-1.41,2.26],[-1.13,3.12],[0,0],[1.41,5.07],[2.26,-1.7],[0,0],[-1.13,3.67],[1.13,4.24],[8.99,-0.69]],"o":[[0,0],[0.57,7.06],[0.85,5.1],[2,2.51],[1.98,1.41],[1.41,-2.26],[1.13,-3.12],[0,0],[-1.41,-5.07],[-2.26,1.7],[0,0],[1.13,-3.67],[-1.13,-4.24],[-7.09,0.52]],"v":[[11.05,-126],[4.56,-112.45],[3.71,-96.35],[7.71,-78.84],[11.95,-72.06],[22.12,-72.91],[39.63,-87.03],[40.48,-90.98],[48.95,-101.98],[41.32,-107.34],[38.78,-104.8],[34,-112.36],[37.53,-121.53],[18.96,-122.96]],"c":true},"ix":2},"nm":"Mask","mn":"ADBE Vector Shape - Group","hd":false},{"ty":"mm","mm":4,"nm":"Merge Paths 1","mn":"ADBE Vector Filter - Merge","hd":false},{"ty":"tr","p":{"a":0,"k":[0,0],"ix":2},"a":{"a":0,"k":[0,0],"ix":1},"s":{"a":0,"k":[100,100],"ix":3},"r":{"a":0,"k":0,"ix":6},"o":{"a":0,"k":100,"ix":7},"sk":{"a":0,"k":0,"ix":4},"sa":{"a":0,"k":0,"ix":5},"nm":"Transform"}],"nm":"Group 8","np":2,"cix":2,"bm":0,"ix":8,"mn":"ADBE Vector Group","hd":false},{"ty":"gr","it":[{"ind":0,"ty":"sh","ix":1,"ks":{"a":0,"k":{"i":[[3.15,-2.6],[-0.57,-7.06],[-0.85,-5.1],[-2,-2.51],[-1.98,-1.41],[-1.41,2.26],[-1.13,3.12],[0,0],[1.41,5.07],[2.26,-1.7],[0,0],[-1.13,3.67],[1.13,4.24],[8.99,-0.69]],"o":[[0,0],[0.57,7.06],[0.85,5.1],[2,2.51],[1.98,1.41],[1.41,-2.26],[1.13,-3.12],[0,0],[-1.41,-5.07],[-2.26,1.7],[0,0],[1.13,-3.67],[-1.13,-4.24],[-7.09,0.52]],"v":[[11.05,-126],[4.56,-112.45],[3.71,-96.35],[7.71,-78.84],[11.95,-72.06],[22.12,-72.91],[39.63,-87.03],[40.48,-90.98],[48.95,-101.98],[41.32,-107.34],[38.78,-104.8],[34,-112.36],[37.53,-121.53],[18.96,-122.96]],"c":true},"ix":2},"nm":"Path 1","mn":"ADBE Vector Shape - Group","hd":false},{"ty":"fl","c":{"a":0,"k":[1,1,1,1],"ix":4},"o":{"a":0,"k":100,"ix":5},"r":1,"bm":0,"nm":"Fill 1","mn":"ADBE Vector Graphic - Fill","hd":false},{"ty":"tr","p":{"a":0,"k":[0,0],"ix":2},"a":{"a":0,"k":[0,0],"ix":1},"s":{"a":0,"k":[100,100],"ix":3},"r":{"a":0,"k":0,"ix":6},"o":{"a":0,"k":100,"ix":7},"sk":{"a":0,"k":0,"ix":4},"sa":{"a":0,"k":0,"ix":5},"nm":"Transform"}],"nm":"Group 9","np":2,"cix":2,"bm":0,"ix":9,"mn":"ADBE Vector Group","hd":false},{"ty":"gr","it":[{"ind":0,"ty":"sh","ix":1,"ks":{"a":0,"k":{"i":[[0,0],[1.149,1.347]],"o":[[-1.738,-0.337],[0,0]],"v":[[14.92,109.41],[10.46,106.81]],"c":false},"ix":2},"nm":"Path 1","mn":"ADBE Vector Shape - Group","hd":false},{"ty":"st","c":{"a":0,"k":[0.149019613862,0.196078434587,0.219607844949,1],"ix":3},"o":{"a":0,"k":100,"ix":4},"w":{"a":0,"k":1,"ix":5},"lc":2,"lj":2,"bm":0,"nm":"Stroke 1","mn":"ADBE Vector Graphic - Stroke","hd":false},{"ty":"tr","p":{"a":0,"k":[0,0],"ix":2},"a":{"a":0,"k":[0,0],"ix":1},"s":{"a":0,"k":[100,100],"ix":3},"r":{"a":0,"k":0,"ix":6},"o":{"a":0,"k":100,"ix":7},"sk":{"a":0,"k":0,"ix":4},"sa":{"a":0,"k":0,"ix":5},"nm":"Transform"}],"nm":"Group 10","np":2,"cix":2,"bm":0,"ix":10,"mn":"ADBE Vector Group","hd":false},{"ty":"gr","it":[{"ind":0,"ty":"sh","ix":1,"ks":{"a":0,"k":{"i":[[0,0],[0.788,1.401]],"o":[[-1.419,-0.754],[0,0]],"v":[[19.38,109],[16,105.7]],"c":false},"ix":2},"nm":"Path 1","mn":"ADBE Vector Shape - Group","hd":false},{"ty":"st","c":{"a":0,"k":[0.149019613862,0.196078434587,0.219607844949,1],"ix":3},"o":{"a":0,"k":100,"ix":4},"w":{"a":0,"k":1,"ix":5},"lc":2,"lj":2,"bm":0,"nm":"Stroke 1","mn":"ADBE Vector Graphic - Stroke","hd":false},{"ty":"tr","p":{"a":0,"k":[0,0],"ix":2},"a":{"a":0,"k":[0,0],"ix":1},"s":{"a":0,"k":[100,100],"ix":3},"r":{"a":0,"k":0,"ix":6},"o":{"a":0,"k":100,"ix":7},"sk":{"a":0,"k":0,"ix":4},"sa":{"a":0,"k":0,"ix":5},"nm":"Transform"}],"nm":"Group 11","np":2,"cix":2,"bm":0,"ix":11,"mn":"ADBE Vector Group","hd":false},{"ty":"gr","it":[{"ind":0,"ty":"sh","ix":1,"ks":{"a":0,"k":{"i":[[0,0],[0.74,1.48]],"o":[[0,0],[0,0]],"v":[[24.57,106.44],[20.49,102.73]],"c":false},"ix":2},"nm":"Path 1","mn":"ADBE Vector Shape - Group","hd":false},{"ty":"st","c":{"a":0,"k":[0.149019613862,0.196078434587,0.219607844949,1],"ix":3},"o":{"a":0,"k":100,"ix":4},"w":{"a":0,"k":1,"ix":5},"lc":2,"lj":2,"bm":0,"nm":"Stroke 1","mn":"ADBE Vector Graphic - Stroke","hd":false},{"ty":"tr","p":{"a":0,"k":[0,0],"ix":2},"a":{"a":0,"k":[0,0],"ix":1},"s":{"a":0,"k":[100,100],"ix":3},"r":{"a":0,"k":0,"ix":6},"o":{"a":0,"k":100,"ix":7},"sk":{"a":0,"k":0,"ix":4},"sa":{"a":0,"k":0,"ix":5},"nm":"Transform"}],"nm":"Group 12","np":2,"cix":2,"bm":0,"ix":12,"mn":"ADBE Vector Group","hd":false},{"ty":"gr","it":[{"ind":0,"ty":"sh","ix":1,"ks":{"a":0,"k":{"i":[[0,0],[2.02,1.074]],"o":[[-1.707,-1.523],[0,0]],"v":[[29.77,102],[24.16,98.09]],"c":false},"ix":2},"nm":"Path 1","mn":"ADBE Vector Shape - Group","hd":false},{"ty":"st","c":{"a":0,"k":[0.149019613862,0.196078434587,0.219607844949,1],"ix":3},"o":{"a":0,"k":100,"ix":4},"w":{"a":0,"k":1,"ix":5},"lc":2,"lj":2,"bm":0,"nm":"Stroke 1","mn":"ADBE Vector Graphic - Stroke","hd":false},{"ty":"tr","p":{"a":0,"k":[0,0],"ix":2},"a":{"a":0,"k":[0,0],"ix":1},"s":{"a":0,"k":[100,100],"ix":3},"r":{"a":0,"k":0,"ix":6},"o":{"a":0,"k":100,"ix":7},"sk":{"a":0,"k":0,"ix":4},"sa":{"a":0,"k":0,"ix":5},"nm":"Transform"}],"nm":"Group 13","np":2,"cix":2,"bm":0,"ix":13,"mn":"ADBE Vector Group","hd":false},{"ty":"gr","it":[{"ind":0,"ty":"sh","ix":1,"ks":{"a":0,"k":{"i":[[4.83,1.11],[11.51,0.38],[0,0],[2.66,1.23],[0.21,-3.42],[-2.042,-1.998],[-1.83,-0.31],[-5.2,-2.23],[-4.62,-0.036],[-2.98,0.75],[0,0],[-1.197,0.426],[0,0],[-1.368,0.508],[0.98,2.31]],"o":[[-4.83,-1.12],[-11.51,-0.38],[0,0],[-1.92,1.66],[-0.03,2.857],[2,0.53],[8.17,1.49],[4.192,1.941],[4.08,0],[2.98,-0.75],[1.269,-0.064],[2.22,-0.75],[1.458,0.052],[2.27,-1.19],[-1.48,-3.5]],"v":[[20.49,88.25],[3.78,87.87],[-20.35,83.42],[-24.09,82.35],[-28.52,90.1],[-25.37,97.7],[-19.61,99.01],[3.78,106.44],[17.15,109.44],[22.62,109.3],[24.57,106.47],[28.29,105.73],[29.77,102.01],[34.05,101.32],[35.34,95.32]],"c":true},"ix":2},"nm":"Path 1","mn":"ADBE Vector Shape - Group","hd":false},{"ty":"st","c":{"a":0,"k":[0.149019613862,0.196078434587,0.219607844949,1],"ix":3},"o":{"a":0,"k":100,"ix":4},"w":{"a":0,"k":1,"ix":5},"lc":2,"lj":2,"bm":0,"nm":"Stroke 1","mn":"ADBE Vector Graphic - Stroke","hd":false},{"ty":"tr","p":{"a":0,"k":[0,0],"ix":2},"a":{"a":0,"k":[0,0],"ix":1},"s":{"a":0,"k":[100,100],"ix":3},"r":{"a":0,"k":0,"ix":6},"o":{"a":0,"k":100,"ix":7},"sk":{"a":0,"k":0,"ix":4},"sa":{"a":0,"k":0,"ix":5},"nm":"Transform"}],"nm":"Group 14","np":2,"cix":2,"bm":0,"ix":14,"mn":"ADBE Vector Group","hd":false},{"ty":"gr","it":[{"ind":0,"ty":"sh","ix":1,"ks":{"a":0,"k":{"i":[[4.83,1.11],[11.51,0.38],[0,0],[2.66,1.23],[0.21,-3.42],[-2.042,-1.998],[-1.83,-0.31],[-5.2,-2.23],[-4.62,-0.036],[-2.98,0.75],[0,0],[-1.197,0.426],[0,0],[-1.368,0.508],[0.98,2.31]],"o":[[-4.83,-1.12],[-11.51,-0.38],[0,0],[-1.92,1.66],[-0.03,2.857],[2,0.53],[8.17,1.49],[4.192,1.941],[4.08,0],[2.98,-0.75],[1.269,-0.064],[2.22,-0.75],[1.458,0.052],[2.27,-1.19],[-1.48,-3.5]],"v":[[20.49,88.25],[3.78,87.87],[-20.35,83.42],[-24.09,82.35],[-28.52,90.1],[-25.37,97.7],[-19.61,99.01],[3.78,106.44],[17.15,109.44],[22.62,109.3],[24.57,106.47],[28.29,105.73],[29.77,102.01],[34.05,101.32],[35.34,95.32]],"c":true},"ix":2},"nm":"Mask","mn":"ADBE Vector Shape - Group","hd":false},{"ty":"mm","mm":4,"nm":"Merge Paths 1","mn":"ADBE Vector Filter - Merge","hd":false},{"ty":"tr","p":{"a":0,"k":[0,0],"ix":2},"a":{"a":0,"k":[0,0],"ix":1},"s":{"a":0,"k":[100,100],"ix":3},"r":{"a":0,"k":0,"ix":6},"o":{"a":0,"k":100,"ix":7},"sk":{"a":0,"k":0,"ix":4},"sa":{"a":0,"k":0,"ix":5},"nm":"Transform"}],"nm":"Group 15","np":2,"cix":2,"bm":0,"ix":15,"mn":"ADBE Vector Group","hd":false},{"ty":"gr","it":[{"ind":0,"ty":"sh","ix":1,"ks":{"a":0,"k":{"i":[[4.83,1.11],[11.51,0.38],[0,0],[2.66,1.23],[0.21,-3.42],[-2.042,-1.998],[-1.83,-0.31],[-5.2,-2.23],[-4.62,-0.036],[-2.98,0.75],[0,0],[-1.197,0.426],[0,0],[-1.368,0.508],[0.98,2.31]],"o":[[-4.83,-1.12],[-11.51,-0.38],[0,0],[-1.92,1.66],[-0.03,2.857],[2,0.53],[8.17,1.49],[4.192,1.941],[4.08,0],[2.98,-0.75],[1.269,-0.064],[2.22,-0.75],[1.458,0.052],[2.27,-1.19],[-1.48,-3.5]],"v":[[20.49,88.25],[3.78,87.87],[-20.35,83.42],[-24.09,82.35],[-28.52,90.1],[-25.37,97.7],[-19.61,99.01],[3.78,106.44],[17.15,109.44],[22.62,109.3],[24.57,106.47],[28.29,105.73],[29.77,102.01],[34.05,101.32],[35.34,95.32]],"c":true},"ix":2},"nm":"Path 1","mn":"ADBE Vector Shape - Group","hd":false},{"ty":"fl","c":{"a":0,"k":[1,1,1,1],"ix":4},"o":{"a":0,"k":100,"ix":5},"r":1,"bm":0,"nm":"Fill 1","mn":"ADBE Vector Graphic - Fill","hd":false},{"ty":"tr","p":{"a":0,"k":[0,0],"ix":2},"a":{"a":0,"k":[0,0],"ix":1},"s":{"a":0,"k":[100,100],"ix":3},"r":{"a":0,"k":0,"ix":6},"o":{"a":0,"k":100,"ix":7},"sk":{"a":0,"k":0,"ix":4},"sa":{"a":0,"k":0,"ix":5},"nm":"Transform"}],"nm":"Group 16","np":2,"cix":2,"bm":0,"ix":16,"mn":"ADBE Vector Group","hd":false},{"ty":"gr","it":[{"ind":0,"ty":"sh","ix":1,"ks":{"a":0,"k":{"i":[[0,0],[7.71,5.44],[2.615,1.448]],"o":[[0,0],[-2.442,-1.723],[0,0]],"v":[[-37.43,71.12],[-64.65,50.25],[-72.24,45.49]],"c":false},"ix":2},"nm":"Path 1","mn":"ADBE Vector Shape - Group","hd":false},{"ty":"st","c":{"a":0,"k":[1,1,1,1],"ix":3},"o":{"a":0,"k":100,"ix":4},"w":{"a":0,"k":1,"ix":5},"lc":2,"lj":2,"bm":0,"nm":"Stroke 1","mn":"ADBE Vector Graphic - Stroke","hd":false},{"ty":"tr","p":{"a":0,"k":[0,0],"ix":2},"a":{"a":0,"k":[0,0],"ix":1},"s":{"a":0,"k":[100,100],"ix":3},"r":{"a":0,"k":0,"ix":6},"o":{"a":0,"k":100,"ix":7},"sk":{"a":0,"k":0,"ix":4},"sa":{"a":0,"k":0,"ix":5},"nm":"Transform"}],"nm":"Group 17","np":2,"cix":2,"bm":0,"ix":17,"mn":"ADBE Vector Group","hd":false},{"ty":"gr","it":[{"ind":0,"ty":"sh","ix":1,"ks":{"a":0,"k":{"i":[[0,0],[0,0]],"o":[[-2.06,-1],[0,0]],"v":[[-75.85,43.6],[-79.17,42.08]],"c":false},"ix":2},"nm":"Path 1","mn":"ADBE Vector Shape - Group","hd":false},{"ty":"st","c":{"a":0,"k":[1,1,1,1],"ix":3},"o":{"a":0,"k":100,"ix":4},"w":{"a":0,"k":1,"ix":5},"lc":2,"lj":2,"bm":0,"nm":"Stroke 1","mn":"ADBE Vector Graphic - Stroke","hd":false},{"ty":"tr","p":{"a":0,"k":[0,0],"ix":2},"a":{"a":0,"k":[0,0],"ix":1},"s":{"a":0,"k":[100,100],"ix":3},"r":{"a":0,"k":0,"ix":6},"o":{"a":0,"k":100,"ix":7},"sk":{"a":0,"k":0,"ix":4},"sa":{"a":0,"k":0,"ix":5},"nm":"Transform"}],"nm":"Group 18","np":2,"cix":2,"bm":0,"ix":18,"mn":"ADBE Vector Group","hd":false},{"ty":"gr","it":[{"ind":0,"ty":"sh","ix":1,"ks":{"a":0,"k":{"i":[[0,0],[3.338,-0.322],[1.48,-4.83],[-11.51,-8.17],[-15.97,-4.48],[1,0.26],[-0.03,2.857],[-1.92,1.66],[7.64,7.06],[7.37,5.22]],"o":[[-3.295,-0.628],[-8.91,0.74],[-1.48,4.83],[11.51,8.17],[14.15,3.95],[-2.042,-1.998],[0.21,-3.42],[-3,-1.38],[-12.3,-11.34],[0,0]],"v":[[-81.62,39],[-91.62,38.54],[-107.95,49.68],[-92.73,74.93],[-53.37,89.41],[-25.37,97.75],[-28.52,90.15],[-24.09,82.4],[-39.66,70.84],[-71.89,42.93]],"c":false},"ix":2},"nm":"Path 1","mn":"ADBE Vector Shape - Group","hd":false},{"ty":"st","c":{"a":0,"k":[0.149019613862,0.196078434587,0.219607844949,1],"ix":3},"o":{"a":0,"k":100,"ix":4},"w":{"a":0,"k":1,"ix":5},"lc":2,"lj":2,"bm":0,"nm":"Stroke 1","mn":"ADBE Vector Graphic - Stroke","hd":false},{"ty":"fl","c":{"a":0,"k":[0.149019613862,0.196078434587,0.219607844949,1],"ix":4},"o":{"a":0,"k":100,"ix":5},"r":1,"bm":0,"nm":"Fill 1","mn":"ADBE Vector Graphic - Fill","hd":false},{"ty":"tr","p":{"a":0,"k":[0,0],"ix":2},"a":{"a":0,"k":[0,0],"ix":1},"s":{"a":0,"k":[100,100],"ix":3},"r":{"a":0,"k":0,"ix":6},"o":{"a":0,"k":100,"ix":7},"sk":{"a":0,"k":0,"ix":4},"sa":{"a":0,"k":0,"ix":5},"nm":"Transform"}],"nm":"Group 19","np":3,"cix":2,"bm":0,"ix":19,"mn":"ADBE Vector Group","hd":false},{"ty":"gr","it":[{"ind":0,"ty":"sh","ix":1,"ks":{"a":0,"k":{"i":[[0,0],[-11.22,7.48]],"o":[[0,0],[0,0]],"v":[[31.09,89.27],[56.37,77.73]],"c":false},"ix":2},"nm":"Path 1","mn":"ADBE Vector Shape - Group","hd":false},{"ty":"st","c":{"a":0,"k":[1,1,1,1],"ix":3},"o":{"a":0,"k":100,"ix":4},"w":{"a":0,"k":1,"ix":5},"lc":2,"lj":2,"bm":0,"nm":"Stroke 1","mn":"ADBE Vector Graphic - Stroke","hd":false},{"ty":"tr","p":{"a":0,"k":[0,0],"ix":2},"a":{"a":0,"k":[0,0],"ix":1},"s":{"a":0,"k":[100,100],"ix":3},"r":{"a":0,"k":0,"ix":6},"o":{"a":0,"k":100,"ix":7},"sk":{"a":0,"k":0,"ix":4},"sa":{"a":0,"k":0,"ix":5},"nm":"Transform"}],"nm":"Group 20","np":2,"cix":2,"bm":0,"ix":20,"mn":"ADBE Vector Group","hd":false},{"ty":"gr","it":[{"ind":0,"ty":"sh","ix":1,"ks":{"a":0,"k":{"i":[[0,0],[-1.356,1.575]],"o":[[1.611,-1.313],[0,0]],"v":[[60.66,74.55],[65.12,70.21]],"c":false},"ix":2},"nm":"Path 1","mn":"ADBE Vector Shape - Group","hd":false},{"ty":"st","c":{"a":0,"k":[1,1,1,1],"ix":3},"o":{"a":0,"k":100,"ix":4},"w":{"a":0,"k":1,"ix":5},"lc":2,"lj":2,"bm":0,"nm":"Stroke 1","mn":"ADBE Vector Graphic - Stroke","hd":false},{"ty":"tr","p":{"a":0,"k":[0,0],"ix":2},"a":{"a":0,"k":[0,0],"ix":1},"s":{"a":0,"k":[100,100],"ix":3},"r":{"a":0,"k":0,"ix":6},"o":{"a":0,"k":100,"ix":7},"sk":{"a":0,"k":0,"ix":4},"sa":{"a":0,"k":0,"ix":5},"nm":"Transform"}],"nm":"Group 21","np":2,"cix":2,"bm":0,"ix":21,"mn":"ADBE Vector Group","hd":false},{"ty":"gr","it":[{"ind":0,"ty":"sh","ix":1,"ks":{"a":0,"k":{"i":[[0,0],[-9.53,10.89],[0,0]],"o":[[0,0],[9.53,-10.89],[0,0]],"v":[[-7.48,77.47],[11.12,64.77],[22,52.06]],"c":false},"ix":2},"nm":"Path 1","mn":"ADBE Vector Shape - Group","hd":false},{"ty":"st","c":{"a":0,"k":[1,1,1,1],"ix":3},"o":{"a":0,"k":100,"ix":4},"w":{"a":0,"k":1,"ix":5},"lc":2,"lj":2,"bm":0,"nm":"Stroke 1","mn":"ADBE Vector Graphic - Stroke","hd":false},{"ty":"tr","p":{"a":0,"k":[0,0],"ix":2},"a":{"a":0,"k":[0,0],"ix":1},"s":{"a":0,"k":[100,100],"ix":3},"r":{"a":0,"k":0,"ix":6},"o":{"a":0,"k":100,"ix":7},"sk":{"a":0,"k":0,"ix":4},"sa":{"a":0,"k":0,"ix":5},"nm":"Transform"}],"nm":"Group 22","np":2,"cix":2,"bm":0,"ix":22,"mn":"ADBE Vector Group","hd":false},{"ty":"gr","it":[{"ind":0,"ty":"sh","ix":1,"ks":{"a":0,"k":{"i":[[-10.41,2.56],[-5.386,2.234],[-6.85,3.43],[2.6,9.65],[18.95,-3.34],[8.05,-8.65],[3.76,0.53],[-5.94,-2.98]],"o":[[5.647,-1.454],[7.1,-2.88],[10.4,-5.2],[-2.6,-9.65],[-18.95,3.34],[-9.95,10.65],[-4.29,-0.6],[9.6,4.8]],"v":[[21,89.93],[37.57,84.39],[58.7,75.25],[70.21,52.6],[44.21,38.86],[11.21,62.25],[-10.7,77.85],[-9.96,88.25]],"c":true},"ix":2},"nm":"Path 1","mn":"ADBE Vector Shape - Group","hd":false},{"ty":"st","c":{"a":0,"k":[0.149019613862,0.196078434587,0.219607844949,1],"ix":3},"o":{"a":0,"k":100,"ix":4},"w":{"a":0,"k":1,"ix":5},"lc":2,"lj":2,"bm":0,"nm":"Stroke 1","mn":"ADBE Vector Graphic - Stroke","hd":false},{"ty":"fl","c":{"a":0,"k":[0.149019613862,0.196078434587,0.219607844949,1],"ix":4},"o":{"a":0,"k":100,"ix":5},"r":1,"bm":0,"nm":"Fill 1","mn":"ADBE Vector Graphic - Fill","hd":false},{"ty":"tr","p":{"a":0,"k":[0,0],"ix":2},"a":{"a":0,"k":[0,0],"ix":1},"s":{"a":0,"k":[100,100],"ix":3},"r":{"a":0,"k":0,"ix":6},"o":{"a":0,"k":100,"ix":7},"sk":{"a":0,"k":0,"ix":4},"sa":{"a":0,"k":0,"ix":5},"nm":"Transform"}],"nm":"Group 23","np":3,"cix":2,"bm":0,"ix":23,"mn":"ADBE Vector Group","hd":false},{"ty":"gr","it":[{"ind":0,"ty":"sh","ix":1,"ks":{"a":0,"k":{"i":[[3.35,4.05],[1.65,1.522],[3,2.2],[1.09,-3.38],[2.23,-0.74],[4.09,-1.86],[0,0],[-7.451,-2.657],[0,0]],"o":[[-2.04,-0.936],[-2.22,-2.23],[-3,-2.2],[-1.09,3.38],[-2.23,0.74],[-4.09,1.86],[7.84,1.047],[10.77,4.08],[0,0]],"v":[[-6.62,79],[-12.19,75.29],[-15.19,65.29],[-25.19,65.67],[-29.28,71.98],[-38.19,74.58],[-42.27,83.12],[-19.27,88.69],[-3.68,90.54]],"c":true},"ix":2},"nm":"Path 1","mn":"ADBE Vector Shape - Group","hd":false},{"ty":"st","c":{"a":0,"k":[0.149019613862,0.196078434587,0.219607844949,1],"ix":3},"o":{"a":0,"k":100,"ix":4},"w":{"a":0,"k":1,"ix":5},"lc":2,"lj":2,"bm":0,"nm":"Stroke 1","mn":"ADBE Vector Graphic - Stroke","hd":false},{"ty":"tr","p":{"a":0,"k":[0,0],"ix":2},"a":{"a":0,"k":[0,0],"ix":1},"s":{"a":0,"k":[100,100],"ix":3},"r":{"a":0,"k":0,"ix":6},"o":{"a":0,"k":100,"ix":7},"sk":{"a":0,"k":0,"ix":4},"sa":{"a":0,"k":0,"ix":5},"nm":"Transform"}],"nm":"Group 24","np":2,"cix":2,"bm":0,"ix":24,"mn":"ADBE Vector Group","hd":false},{"ty":"gr","it":[{"ind":0,"ty":"sh","ix":1,"ks":{"a":0,"k":{"i":[[3.35,4.05],[1.65,1.522],[3,2.2],[1.09,-3.38],[2.23,-0.74],[4.09,-1.86],[0,0],[-7.451,-2.657],[0,0]],"o":[[-2.04,-0.936],[-2.22,-2.23],[-3,-2.2],[-1.09,3.38],[-2.23,0.74],[-4.09,1.86],[7.84,1.047],[10.77,4.08],[0,0]],"v":[[-6.62,79],[-12.19,75.29],[-15.19,65.29],[-25.19,65.67],[-29.28,71.98],[-38.19,74.58],[-42.27,83.12],[-19.27,88.69],[-3.68,90.54]],"c":true},"ix":2},"nm":"Mask","mn":"ADBE Vector Shape - Group","hd":false},{"ty":"mm","mm":4,"nm":"Merge Paths 1","mn":"ADBE Vector Filter - Merge","hd":false},{"ty":"tr","p":{"a":0,"k":[0,0],"ix":2},"a":{"a":0,"k":[0,0],"ix":1},"s":{"a":0,"k":[100,100],"ix":3},"r":{"a":0,"k":0,"ix":6},"o":{"a":0,"k":100,"ix":7},"sk":{"a":0,"k":0,"ix":4},"sa":{"a":0,"k":0,"ix":5},"nm":"Transform"}],"nm":"Group 25","np":2,"cix":2,"bm":0,"ix":25,"mn":"ADBE Vector Group","hd":false},{"ty":"gr","it":[{"ind":0,"ty":"sh","ix":1,"ks":{"a":0,"k":{"i":[[3.35,4.05],[1.65,1.522],[3,2.2],[1.09,-3.38],[2.23,-0.74],[4.09,-1.86],[0,0],[-7.451,-2.657],[0,0]],"o":[[-2.04,-0.936],[-2.22,-2.23],[-3,-2.2],[-1.09,3.38],[-2.23,0.74],[-4.09,1.86],[7.84,1.047],[10.77,4.08],[0,0]],"v":[[-6.62,79],[-12.19,75.29],[-15.19,65.29],[-25.19,65.67],[-29.28,71.98],[-38.19,74.58],[-42.27,83.12],[-19.27,88.69],[-3.68,90.54]],"c":true},"ix":2},"nm":"Path 1","mn":"ADBE Vector Shape - Group","hd":false},{"ty":"fl","c":{"a":0,"k":[1,1,1,1],"ix":4},"o":{"a":0,"k":100,"ix":5},"r":1,"bm":0,"nm":"Fill 1","mn":"ADBE Vector Graphic - Fill","hd":false},{"ty":"tr","p":{"a":0,"k":[0,0],"ix":2},"a":{"a":0,"k":[0,0],"ix":1},"s":{"a":0,"k":[100,100],"ix":3},"r":{"a":0,"k":0,"ix":6},"o":{"a":0,"k":100,"ix":7},"sk":{"a":0,"k":0,"ix":4},"sa":{"a":0,"k":0,"ix":5},"nm":"Transform"}],"nm":"Group 26","np":2,"cix":2,"bm":0,"ix":26,"mn":"ADBE Vector Group","hd":false},{"ty":"gr","it":[{"ind":0,"ty":"sh","ix":1,"ks":{"a":0,"k":{"i":[[0,0],[-0.37,-1.49],[0.021,-1.987]],"o":[[0,0],[0.274,1.968],[0,0]],"v":[[5.27,-28.53],[6.19,-23.7],[6.57,-17.76]],"c":false},"ix":2},"nm":"Path 1","mn":"ADBE Vector Shape - Group","hd":false},{"ty":"st","c":{"a":0,"k":[0.149019613862,0.196078434587,0.219607844949,1],"ix":3},"o":{"a":0,"k":100,"ix":4},"w":{"a":0,"k":1,"ix":5},"lc":2,"lj":2,"bm":0,"nm":"Stroke 1","mn":"ADBE Vector Graphic - Stroke","hd":false},{"ty":"tr","p":{"a":0,"k":[0,0],"ix":2},"a":{"a":0,"k":[0,0],"ix":1},"s":{"a":0,"k":[100,100],"ix":3},"r":{"a":0,"k":0,"ix":6},"o":{"a":0,"k":100,"ix":7},"sk":{"a":0,"k":0,"ix":4},"sa":{"a":0,"k":0,"ix":5},"nm":"Transform"}],"nm":"Group 27","np":2,"cix":2,"bm":0,"ix":27,"mn":"ADBE Vector Group","hd":false},{"ty":"gr","it":[{"ind":0,"ty":"sh","ix":1,"ks":{"a":0,"k":{"i":[[0,0],[-0.37,-2.73],[0.104,-2.352]],"o":[[0,0],[0.23,2.343],[0,0]],"v":[[8.05,-33.91],[9.16,-26.91],[9.35,-19.86]],"c":false},"ix":2},"nm":"Path 1","mn":"ADBE Vector Shape - Group","hd":false},{"ty":"st","c":{"a":0,"k":[0.149019613862,0.196078434587,0.219607844949,1],"ix":3},"o":{"a":0,"k":100,"ix":4},"w":{"a":0,"k":1,"ix":5},"lc":2,"lj":2,"bm":0,"nm":"Stroke 1","mn":"ADBE Vector Graphic - Stroke","hd":false},{"ty":"tr","p":{"a":0,"k":[0,0],"ix":2},"a":{"a":0,"k":[0,0],"ix":1},"s":{"a":0,"k":[100,100],"ix":3},"r":{"a":0,"k":0,"ix":6},"o":{"a":0,"k":100,"ix":7},"sk":{"a":0,"k":0,"ix":4},"sa":{"a":0,"k":0,"ix":5},"nm":"Transform"}],"nm":"Group 28","np":2,"cix":2,"bm":0,"ix":28,"mn":"ADBE Vector Group","hd":false},{"ty":"gr","it":[{"ind":0,"ty":"sh","ix":1,"ks":{"a":0,"k":{"i":[[0,0],[-0.178,-2.439],[0,0]],"o":[[0.561,2.38],[0,2.42],[0,0]],"v":[[12.51,-35.59],[13.62,-28.35],[13.99,-20.35]],"c":false},"ix":2},"nm":"Path 1","mn":"ADBE Vector Shape - Group","hd":false},{"ty":"st","c":{"a":0,"k":[0.149019613862,0.196078434587,0.219607844949,1],"ix":3},"o":{"a":0,"k":100,"ix":4},"w":{"a":0,"k":1,"ix":5},"lc":2,"lj":2,"bm":0,"nm":"Stroke 1","mn":"ADBE Vector Graphic - Stroke","hd":false},{"ty":"tr","p":{"a":0,"k":[0,0],"ix":2},"a":{"a":0,"k":[0,0],"ix":1},"s":{"a":0,"k":[100,100],"ix":3},"r":{"a":0,"k":0,"ix":6},"o":{"a":0,"k":100,"ix":7},"sk":{"a":0,"k":0,"ix":4},"sa":{"a":0,"k":0,"ix":5},"nm":"Transform"}],"nm":"Group 29","np":2,"cix":2,"bm":0,"ix":29,"mn":"ADBE Vector Group","hd":false},{"ty":"gr","it":[{"ind":0,"ty":"sh","ix":1,"ks":{"a":0,"k":{"i":[[0,0],[0.019,-2.614]],"o":[[1.002,2.415],[0,0]],"v":[[18.63,-19.81],[20.12,-12.19]],"c":false},"ix":2},"nm":"Path 1","mn":"ADBE Vector Shape - Group","hd":false},{"ty":"st","c":{"a":0,"k":[0.149019613862,0.196078434587,0.219607844949,1],"ix":3},"o":{"a":0,"k":100,"ix":4},"w":{"a":0,"k":1,"ix":5},"lc":2,"lj":2,"bm":0,"nm":"Stroke 1","mn":"ADBE Vector Graphic - Stroke","hd":false},{"ty":"tr","p":{"a":0,"k":[0,0],"ix":2},"a":{"a":0,"k":[0,0],"ix":1},"s":{"a":0,"k":[100,100],"ix":3},"r":{"a":0,"k":0,"ix":6},"o":{"a":0,"k":100,"ix":7},"sk":{"a":0,"k":0,"ix":4},"sa":{"a":0,"k":0,"ix":5},"nm":"Transform"}],"nm":"Group 30","np":2,"cix":2,"bm":0,"ix":30,"mn":"ADBE Vector Group","hd":false},{"ty":"gr","it":[{"ind":0,"ty":"sh","ix":1,"ks":{"a":0,"k":{"i":[[0,0],[5.94,0.37],[0,0],[-0.18,2.04],[0,3.16],[-0.19,2.41],[0.53,-0.75],[0,0],[0,0.56],[0.93,2.79],[0,0],[1.3,0],[0,0],[0.93,-0.92],[0,0],[0,0],[0,-1.86],[0,-4.64],[-0.427,-2.328],[-1.885,-2.77],[-6.5,-5.01],[-9.47,-1.49],[-2.19,4.07],[2.04,6.68]],"o":[[-8.91,-5.75],[-5.94,-0.37],[0,0],[0.18,-2.04],[0,-3.16],[0.19,-2.41],[-0.53,0.75],[0,0],[0,-0.56],[-0.93,-2.79],[-0.19,-1.67],[-1.3,0],[0,-2.79],[-0.93,0.92],[0,0],[-1.3,-0.37],[0,1.86],[-0.054,2.366],[0.814,3.25],[3.16,4.64],[6.5,5.01],[9.47,1.49],[2.19,-4.07],[0,0]],"v":[[75.26,8],[41.84,6.33],[19.38,-3.14],[22.9,-8.52],[22.9,-19.29],[24.02,-28.01],[20.49,-28.01],[18.63,-19.85],[16.96,-25.41],[15.66,-35.63],[12.51,-35.63],[10.46,-38.63],[8.05,-33.98],[6.19,-35.66],[5.27,-28.6],[4.15,-30.27],[2.15,-26.74],[2.89,-14.68],[3.45,-7.62],[7.53,1.48],[27.77,16.88],[62.86,31.74],[81.05,32.67],[85.32,1.85]],"c":false},"ix":2},"nm":"Path 1","mn":"ADBE Vector Shape - Group","hd":false},{"ty":"st","c":{"a":0,"k":[0.149019613862,0.196078434587,0.219607844949,1],"ix":3},"o":{"a":0,"k":100,"ix":4},"w":{"a":0,"k":1,"ix":5},"lc":2,"lj":2,"bm":0,"nm":"Stroke 1","mn":"ADBE Vector Graphic - Stroke","hd":false},{"ty":"tr","p":{"a":0,"k":[0,0],"ix":2},"a":{"a":0,"k":[0,0],"ix":1},"s":{"a":0,"k":[100,100],"ix":3},"r":{"a":0,"k":0,"ix":6},"o":{"a":0,"k":100,"ix":7},"sk":{"a":0,"k":0,"ix":4},"sa":{"a":0,"k":0,"ix":5},"nm":"Transform"}],"nm":"Group 31","np":2,"cix":2,"bm":0,"ix":31,"mn":"ADBE Vector Group","hd":false},{"ty":"gr","it":[{"ind":0,"ty":"sh","ix":1,"ks":{"a":0,"k":{"i":[[0,0],[5.94,0.37],[0,0],[-0.18,2.04],[0,3.16],[-0.19,2.41],[0.53,-0.75],[0,0],[0,0.56],[0.93,2.79],[0,0],[1.3,0],[0,0],[0.93,-0.92],[0,0],[0,0],[0,-1.86],[0,-4.64],[-0.427,-2.328],[-1.885,-2.77],[-6.5,-5.01],[-9.47,-1.49],[-2.19,4.07],[2.04,6.68]],"o":[[-8.91,-5.75],[-5.94,-0.37],[0,0],[0.18,-2.04],[0,-3.16],[0.19,-2.41],[-0.53,0.75],[0,0],[0,-0.56],[-0.93,-2.79],[-0.19,-1.67],[-1.3,0],[0,-2.79],[-0.93,0.92],[0,0],[-1.3,-0.37],[0,1.86],[-0.054,2.366],[0.814,3.25],[3.16,4.64],[6.5,5.01],[9.47,1.49],[2.19,-4.07],[0,0]],"v":[[75.26,8],[41.84,6.33],[19.38,-3.14],[22.9,-8.52],[22.9,-19.29],[24.02,-28.01],[20.49,-28.01],[18.63,-19.85],[16.96,-25.41],[15.66,-35.63],[12.51,-35.63],[10.46,-38.63],[8.05,-33.98],[6.19,-35.66],[5.27,-28.6],[4.15,-30.27],[2.15,-26.74],[2.89,-14.68],[3.45,-7.62],[7.53,1.48],[27.77,16.88],[62.86,31.74],[81.05,32.67],[85.32,1.85]],"c":false},"ix":2},"nm":"Mask","mn":"ADBE Vector Shape - Group","hd":false},{"ty":"mm","mm":4,"nm":"Merge Paths 1","mn":"ADBE Vector Filter - Merge","hd":false},{"ty":"tr","p":{"a":0,"k":[0,0],"ix":2},"a":{"a":0,"k":[0,0],"ix":1},"s":{"a":0,"k":[100,100],"ix":3},"r":{"a":0,"k":0,"ix":6},"o":{"a":0,"k":100,"ix":7},"sk":{"a":0,"k":0,"ix":4},"sa":{"a":0,"k":0,"ix":5},"nm":"Transform"}],"nm":"Group 32","np":2,"cix":2,"bm":0,"ix":32,"mn":"ADBE Vector Group","hd":false},{"ty":"gr","it":[{"ind":0,"ty":"sh","ix":1,"ks":{"a":0,"k":{"i":[[0,0],[5.94,0.37],[0,0],[-0.18,2.04],[0,3.16],[-0.19,2.41],[0.53,-0.75],[0,0],[0,0.56],[0.93,2.79],[0,0],[1.3,0],[0,0],[0.93,-0.92],[0,0],[0,0],[0,-1.86],[0,-4.64],[-0.427,-2.328],[-1.885,-2.77],[-6.5,-5.01],[-9.47,-1.49],[-2.19,4.07],[2.04,6.68]],"o":[[-8.91,-5.75],[-5.94,-0.37],[0,0],[0.18,-2.04],[0,-3.16],[0.19,-2.41],[-0.53,0.75],[0,0],[0,-0.56],[-0.93,-2.79],[-0.19,-1.67],[-1.3,0],[0,-2.79],[-0.93,0.92],[0,0],[-1.3,-0.37],[0,1.86],[-0.054,2.366],[0.814,3.25],[3.16,4.64],[6.5,5.01],[9.47,1.49],[2.19,-4.07],[0,0]],"v":[[75.26,8],[41.84,6.33],[19.38,-3.14],[22.9,-8.52],[22.9,-19.29],[24.02,-28.01],[20.49,-28.01],[18.63,-19.85],[16.96,-25.41],[15.66,-35.63],[12.51,-35.63],[10.46,-38.63],[8.05,-33.98],[6.19,-35.66],[5.27,-28.6],[4.15,-30.27],[2.15,-26.74],[2.89,-14.68],[3.45,-7.62],[7.53,1.48],[27.77,16.88],[62.86,31.74],[81.05,32.67],[85.32,1.85]],"c":false},"ix":2},"nm":"Path 1","mn":"ADBE Vector Shape - Group","hd":false},{"ty":"fl","c":{"a":0,"k":[1,1,1,1],"ix":4},"o":{"a":0,"k":100,"ix":5},"r":1,"bm":0,"nm":"Fill 1","mn":"ADBE Vector Graphic - Fill","hd":false},{"ty":"tr","p":{"a":0,"k":[0,0],"ix":2},"a":{"a":0,"k":[0,0],"ix":1},"s":{"a":0,"k":[100,100],"ix":3},"r":{"a":0,"k":0,"ix":6},"o":{"a":0,"k":100,"ix":7},"sk":{"a":0,"k":0,"ix":4},"sa":{"a":0,"k":0,"ix":5},"nm":"Transform"}],"nm":"Group 33","np":2,"cix":2,"bm":0,"ix":33,"mn":"ADBE Vector Group","hd":false},{"ty":"gr","it":[{"ind":0,"ty":"sh","ix":1,"ks":{"a":0,"k":{"i":[[0,0],[2.21,-5.39],[-2.77,-3.16],[-5.9,0.74],[-4.08,2.42],[-1.3,2.23],[-0.18,3.9],[0,0],[2.23,-0.37],[0.55,-1.48],[0,0],[0.59,-1.3],[0.089,-1.325],[0,-1.7],[0,-2.78],[-0.93,-1.85],[0,0],[5.75,0],[1.86,-0.93]],"o":[[0,0],[-2.21,5.39],[2.77,3.16],[5.9,-0.74],[4.08,-2.42],[1.3,-2.23],[0.18,-3.9],[0,0],[0,0],[0,0],[0,0],[-0.403,1.265],[0,0],[0,1.7],[0,2.78],[0.93,1.85],[0,0],[-5.75,0],[0,0]],"v":[[-37.62,-1],[-42.62,5.87],[-44.85,24.43],[-29.85,24.06],[4.86,6.42],[13.59,0.85],[14.7,-13.26],[13.96,-34.61],[10.43,-38.51],[7.28,-38.51],[6.16,-35.51],[3.16,-34.95],[2.42,-31.05],[-0.36,-28.05],[0.19,-13.57],[0.75,-4.66],[2.61,-1.13],[-16.7,0.73],[-34.34,1.84]],"c":false},"ix":2},"nm":"Path 1","mn":"ADBE Vector Shape - Group","hd":false},{"ty":"st","c":{"a":0,"k":[0.149019613862,0.196078434587,0.219607844949,1],"ix":3},"o":{"a":0,"k":100,"ix":4},"w":{"a":0,"k":1,"ix":5},"lc":2,"lj":2,"bm":0,"nm":"Stroke 1","mn":"ADBE Vector Graphic - Stroke","hd":false},{"ty":"tr","p":{"a":0,"k":[0,0],"ix":2},"a":{"a":0,"k":[0,0],"ix":1},"s":{"a":0,"k":[100,100],"ix":3},"r":{"a":0,"k":0,"ix":6},"o":{"a":0,"k":100,"ix":7},"sk":{"a":0,"k":0,"ix":4},"sa":{"a":0,"k":0,"ix":5},"nm":"Transform"}],"nm":"Group 34","np":2,"cix":2,"bm":0,"ix":34,"mn":"ADBE Vector Group","hd":false},{"ty":"gr","it":[{"ind":0,"ty":"sh","ix":1,"ks":{"a":0,"k":{"i":[[0,0],[2.21,-5.39],[-2.77,-3.16],[-5.9,0.74],[-4.08,2.42],[-1.3,2.23],[-0.18,3.9],[0,0],[2.23,-0.37],[0.55,-1.48],[0,0],[0.59,-1.3],[0.089,-1.325],[0,-1.7],[0,-2.78],[-0.93,-1.85],[0,0],[5.75,0],[1.86,-0.93]],"o":[[0,0],[-2.21,5.39],[2.77,3.16],[5.9,-0.74],[4.08,-2.42],[1.3,-2.23],[0.18,-3.9],[0,0],[0,0],[0,0],[0,0],[-0.403,1.265],[0,0],[0,1.7],[0,2.78],[0.93,1.85],[0,0],[-5.75,0],[0,0]],"v":[[-37.62,-1],[-42.62,5.87],[-44.85,24.43],[-29.85,24.06],[4.86,6.42],[13.59,0.85],[14.7,-13.26],[13.96,-34.61],[10.43,-38.51],[7.28,-38.51],[6.16,-35.51],[3.16,-34.95],[2.42,-31.05],[-0.36,-28.05],[0.19,-13.57],[0.75,-4.66],[2.61,-1.13],[-16.7,0.73],[-34.34,1.84]],"c":false},"ix":2},"nm":"Mask","mn":"ADBE Vector Shape - Group","hd":false},{"ty":"mm","mm":4,"nm":"Merge Paths 1","mn":"ADBE Vector Filter - Merge","hd":false},{"ty":"tr","p":{"a":0,"k":[0,0],"ix":2},"a":{"a":0,"k":[0,0],"ix":1},"s":{"a":0,"k":[100,100],"ix":3},"r":{"a":0,"k":0,"ix":6},"o":{"a":0,"k":100,"ix":7},"sk":{"a":0,"k":0,"ix":4},"sa":{"a":0,"k":0,"ix":5},"nm":"Transform"}],"nm":"Group 35","np":2,"cix":2,"bm":0,"ix":35,"mn":"ADBE Vector Group","hd":false},{"ty":"gr","it":[{"ind":0,"ty":"sh","ix":1,"ks":{"a":0,"k":{"i":[[0,0],[2.21,-5.39],[-2.77,-3.16],[-5.9,0.74],[-4.08,2.42],[-1.3,2.23],[-0.18,3.9],[0,0],[2.23,-0.37],[0.55,-1.48],[0,0],[0.59,-1.3],[0.089,-1.325],[0,-1.7],[0,-2.78],[-0.93,-1.85],[0,0],[5.75,0],[1.86,-0.93]],"o":[[0,0],[-2.21,5.39],[2.77,3.16],[5.9,-0.74],[4.08,-2.42],[1.3,-2.23],[0.18,-3.9],[0,0],[0,0],[0,0],[0,0],[-0.403,1.265],[0,0],[0,1.7],[0,2.78],[0.93,1.85],[0,0],[-5.75,0],[0,0]],"v":[[-37.62,-1],[-42.62,5.87],[-44.85,24.43],[-29.85,24.06],[4.86,6.42],[13.59,0.85],[14.7,-13.26],[13.96,-34.61],[10.43,-38.51],[7.28,-38.51],[6.16,-35.51],[3.16,-34.95],[2.42,-31.05],[-0.36,-28.05],[0.19,-13.57],[0.75,-4.66],[2.61,-1.13],[-16.7,0.73],[-34.34,1.84]],"c":false},"ix":2},"nm":"Path 1","mn":"ADBE Vector Shape - Group","hd":false},{"ty":"fl","c":{"a":0,"k":[1,1,1,1],"ix":4},"o":{"a":0,"k":100,"ix":5},"r":1,"bm":0,"nm":"Fill 1","mn":"ADBE Vector Graphic - Fill","hd":false},{"ty":"tr","p":{"a":0,"k":[0,0],"ix":2},"a":{"a":0,"k":[0,0],"ix":1},"s":{"a":0,"k":[100,100],"ix":3},"r":{"a":0,"k":0,"ix":6},"o":{"a":0,"k":100,"ix":7},"sk":{"a":0,"k":0,"ix":4},"sa":{"a":0,"k":0,"ix":5},"nm":"Transform"}],"nm":"Group 36","np":2,"cix":2,"bm":0,"ix":36,"mn":"ADBE Vector Group","hd":false},{"ty":"gr","it":[{"ind":0,"ty":"sh","ix":1,"ks":{"a":0,"k":{"i":[[0,0],[-9.26,2.19]],"o":[[0,0],[0,0]],"v":[[-4.76,48.25],[18.24,44.06]],"c":false},"ix":2},"nm":"Path 1","mn":"ADBE Vector Shape - Group","hd":false},{"ty":"st","c":{"a":0,"k":[0.149019613862,0.196078434587,0.219607844949,1],"ix":3},"o":{"a":0,"k":100,"ix":4},"w":{"a":0,"k":1,"ix":5},"lc":2,"lj":2,"bm":0,"nm":"Stroke 1","mn":"ADBE Vector Graphic - Stroke","hd":false},{"ty":"tr","p":{"a":0,"k":[0,0],"ix":2},"a":{"a":0,"k":[0,0],"ix":1},"s":{"a":0,"k":[100,100],"ix":3},"r":{"a":0,"k":0,"ix":6},"o":{"a":0,"k":100,"ix":7},"sk":{"a":0,"k":0,"ix":4},"sa":{"a":0,"k":0,"ix":5},"nm":"Transform"}],"nm":"Group 37","np":2,"cix":2,"bm":0,"ix":37,"mn":"ADBE Vector Group","hd":false},{"ty":"gr","it":[{"ind":0,"ty":"sh","ix":1,"ks":{"a":0,"k":{"i":[[0,0],[-1.539,5.143]],"o":[[-1.04,-5.267],[0,0]],"v":[[60.2,-7.67],[60.96,-23.52]],"c":false},"ix":2},"nm":"Path 1","mn":"ADBE Vector Shape - Group","hd":false},{"ty":"st","c":{"a":0,"k":[0.149019613862,0.196078434587,0.219607844949,1],"ix":3},"o":{"a":0,"k":100,"ix":4},"w":{"a":0,"k":1,"ix":5},"lc":2,"lj":2,"bm":0,"nm":"Stroke 1","mn":"ADBE Vector Graphic - Stroke","hd":false},{"ty":"tr","p":{"a":0,"k":[0,0],"ix":2},"a":{"a":0,"k":[0,0],"ix":1},"s":{"a":0,"k":[100,100],"ix":3},"r":{"a":0,"k":0,"ix":6},"o":{"a":0,"k":100,"ix":7},"sk":{"a":0,"k":0,"ix":4},"sa":{"a":0,"k":0,"ix":5},"nm":"Transform"}],"nm":"Group 38","np":2,"cix":2,"bm":0,"ix":38,"mn":"ADBE Vector Group","hd":false},{"ty":"gr","it":[{"ind":0,"ty":"sh","ix":1,"ks":{"a":0,"k":{"i":[[0,0],[-1.85,7.06]],"o":[[0,0],[0,0]],"v":[[-10.41,-8.23],[-12.93,-28.72]],"c":false},"ix":2},"nm":"Path 1","mn":"ADBE Vector Shape - Group","hd":false},{"ty":"st","c":{"a":0,"k":[0.149019613862,0.196078434587,0.219607844949,1],"ix":3},"o":{"a":0,"k":100,"ix":4},"w":{"a":0,"k":1,"ix":5},"lc":2,"lj":2,"bm":0,"nm":"Stroke 1","mn":"ADBE Vector Graphic - Stroke","hd":false},{"ty":"tr","p":{"a":0,"k":[0,0],"ix":2},"a":{"a":0,"k":[0,0],"ix":1},"s":{"a":0,"k":[100,100],"ix":3},"r":{"a":0,"k":0,"ix":6},"o":{"a":0,"k":100,"ix":7},"sk":{"a":0,"k":0,"ix":4},"sa":{"a":0,"k":0,"ix":5},"nm":"Transform"}],"nm":"Group 39","np":2,"cix":2,"bm":0,"ix":39,"mn":"ADBE Vector Group","hd":false},{"ty":"gr","it":[{"ind":0,"ty":"sh","ix":1,"ks":{"a":0,"k":{"i":[[5.65,2.82],[5.71,3.54],[11.04,0],[0.83,5.33],[5.1,-2.76],[3.95,-6.21],[0,0],[2.75,-4.37],[0,0],[1.46,-7.09],[0,-3.16],[-3.96,-0.84],[-9.32,0.58],[-1.13,3.68],[0,0],[0,0],[-3.25,-2.81],[2.13,6.56]],"o":[[-4.4,-2.21],[-1.88,5.64],[-10.18,0],[-3.38,3],[-6.77,3.67],[-3.95,6.21],[0,0],[11.41,-0.57],[0,0],[-1.46,7.09],[0,3.16],[3.96,0.84],[9.32,-0.58],[1.13,-3.68],[0,0],[14.19,-9.38],[0.7,-9.59],[-3.67,-11.33]],"v":[[66.69,-52.57],[46.16,-63.27],[27.72,-44.67],[13.72,-59.52],[-0.49,-50.88],[-20.82,-41.56],[-24.49,-24.9],[-29.34,-17.28],[-10.34,-8.23],[-6.46,25.09],[-11.26,42.09],[-4.76,48.3],[22.07,49.72],[59.07,43.78],[61.89,14.69],[60.2,-7.62],[87.56,-7.62],[85.33,-34.18]],"c":true},"ix":2},"nm":"Path 1","mn":"ADBE Vector Shape - Group","hd":false},{"ty":"st","c":{"a":0,"k":[0.149019613862,0.196078434587,0.219607844949,1],"ix":3},"o":{"a":0,"k":100,"ix":4},"w":{"a":0,"k":1,"ix":5},"lc":2,"lj":2,"bm":0,"nm":"Stroke 1","mn":"ADBE Vector Graphic - Stroke","hd":false},{"ty":"tr","p":{"a":0,"k":[0,0],"ix":2},"a":{"a":0,"k":[0,0],"ix":1},"s":{"a":0,"k":[100,100],"ix":3},"r":{"a":0,"k":0,"ix":6},"o":{"a":0,"k":100,"ix":7},"sk":{"a":0,"k":0,"ix":4},"sa":{"a":0,"k":0,"ix":5},"nm":"Transform"}],"nm":"Group 40","np":2,"cix":2,"bm":0,"ix":40,"mn":"ADBE Vector Group","hd":false},{"ty":"gr","it":[{"ind":0,"ty":"sh","ix":1,"ks":{"a":0,"k":{"i":[[5.65,2.82],[5.71,3.54],[11.04,0],[0.83,5.33],[5.1,-2.76],[3.95,-6.21],[0,0],[2.75,-4.37],[0,0],[1.46,-7.09],[0,-3.16],[-3.96,-0.84],[-9.32,0.58],[-1.13,3.68],[0,0],[0,0],[-3.25,-2.81],[2.13,6.56]],"o":[[-4.4,-2.21],[-1.88,5.64],[-10.18,0],[-3.38,3],[-6.77,3.67],[-3.95,6.21],[0,0],[11.41,-0.57],[0,0],[-1.46,7.09],[0,3.16],[3.96,0.84],[9.32,-0.58],[1.13,-3.68],[0,0],[14.19,-9.38],[0.7,-9.59],[-3.67,-11.33]],"v":[[66.69,-52.57],[46.16,-63.27],[27.72,-44.67],[13.72,-59.52],[-0.49,-50.88],[-20.82,-41.56],[-24.49,-24.9],[-29.34,-17.28],[-10.34,-8.23],[-6.46,25.09],[-11.26,42.09],[-4.76,48.3],[22.07,49.72],[59.07,43.78],[61.89,14.69],[60.2,-7.62],[87.56,-7.62],[85.33,-34.18]],"c":true},"ix":2},"nm":"Mask","mn":"ADBE Vector Shape - Group","hd":false},{"ty":"mm","mm":4,"nm":"Merge Paths 1","mn":"ADBE Vector Filter - Merge","hd":false},{"ty":"tr","p":{"a":0,"k":[0,0],"ix":2},"a":{"a":0,"k":[0,0],"ix":1},"s":{"a":0,"k":[100,100],"ix":3},"r":{"a":0,"k":0,"ix":6},"o":{"a":0,"k":100,"ix":7},"sk":{"a":0,"k":0,"ix":4},"sa":{"a":0,"k":0,"ix":5},"nm":"Transform"}],"nm":"Group 41","np":2,"cix":2,"bm":0,"ix":41,"mn":"ADBE Vector Group","hd":false},{"ty":"gr","it":[{"ind":0,"ty":"sh","ix":1,"ks":{"a":0,"k":{"i":[[5.65,2.82],[5.71,3.54],[11.04,0],[0.83,5.33],[5.1,-2.76],[3.95,-6.21],[0,0],[2.75,-4.37],[0,0],[1.46,-7.09],[0,-3.16],[-3.96,-0.84],[-9.32,0.58],[-1.13,3.68],[0,0],[0,0],[-3.25,-2.81],[2.13,6.56]],"o":[[-4.4,-2.21],[-1.88,5.64],[-10.18,0],[-3.38,3],[-6.77,3.67],[-3.95,6.21],[0,0],[11.41,-0.57],[0,0],[-1.46,7.09],[0,3.16],[3.96,0.84],[9.32,-0.58],[1.13,-3.68],[0,0],[14.19,-9.38],[0.7,-9.59],[-3.67,-11.33]],"v":[[66.69,-52.57],[46.16,-63.27],[27.72,-44.67],[13.72,-59.52],[-0.49,-50.88],[-20.82,-41.56],[-24.49,-24.9],[-29.34,-17.28],[-10.34,-8.23],[-6.46,25.09],[-11.26,42.09],[-4.76,48.3],[22.07,49.72],[59.07,43.78],[61.89,14.69],[60.2,-7.62],[87.56,-7.62],[85.33,-34.18]],"c":true},"ix":2},"nm":"Path 1","mn":"ADBE Vector Shape - Group","hd":false},{"ty":"fl","c":{"a":0,"k":[0.494117647409,0.341176480055,0.760784327984,1],"ix":4},"o":{"a":0,"k":100,"ix":5},"r":1,"bm":0,"nm":"Fill 1","mn":"ADBE Vector Graphic - Fill","hd":false},{"ty":"tr","p":{"a":0,"k":[0,0],"ix":2},"a":{"a":0,"k":[0,0],"ix":1},"s":{"a":0,"k":[100,100],"ix":3},"r":{"a":0,"k":0,"ix":6},"o":{"a":0,"k":100,"ix":7},"sk":{"a":0,"k":0,"ix":4},"sa":{"a":0,"k":0,"ix":5},"nm":"Transform"}],"nm":"Group 42","np":2,"cix":2,"bm":0,"ix":42,"mn":"ADBE Vector Group","hd":false},{"ty":"gr","it":[{"ind":0,"ty":"sh","ix":1,"ks":{"a":0,"k":{"i":[[0,0],[2.99,3.51]],"o":[[0,0],[0,0]],"v":[[12.06,-124.15],[4.32,-127.1]],"c":false},"ix":2},"nm":"Path 1","mn":"ADBE Vector Shape - Group","hd":false},{"ty":"st","c":{"a":0,"k":[1,1,1,1],"ix":3},"o":{"a":0,"k":100,"ix":4},"w":{"a":0,"k":1,"ix":5},"lc":2,"lj":2,"bm":0,"nm":"Stroke 1","mn":"ADBE Vector Graphic - Stroke","hd":false},{"ty":"tr","p":{"a":0,"k":[0,0],"ix":2},"a":{"a":0,"k":[0,0],"ix":1},"s":{"a":0,"k":[100,100],"ix":3},"r":{"a":0,"k":0,"ix":6},"o":{"a":0,"k":100,"ix":7},"sk":{"a":0,"k":0,"ix":4},"sa":{"a":0,"k":0,"ix":5},"nm":"Transform"}],"nm":"Group 43","np":2,"cix":2,"bm":0,"ix":43,"mn":"ADBE Vector Group","hd":false},{"ty":"gr","it":[{"ind":0,"ty":"sh","ix":1,"ks":{"a":0,"k":{"i":[[0,0],[0.175,1.107]],"o":[[-0.488,-1.008],[0,0]],"v":[[3.16,-128.87],[2.16,-132.06]],"c":false},"ix":2},"nm":"Path 1","mn":"ADBE Vector Shape - Group","hd":false},{"ty":"st","c":{"a":0,"k":[1,1,1,1],"ix":3},"o":{"a":0,"k":100,"ix":4},"w":{"a":0,"k":1,"ix":5},"lc":2,"lj":2,"bm":0,"nm":"Stroke 1","mn":"ADBE Vector Graphic - Stroke","hd":false},{"ty":"tr","p":{"a":0,"k":[0,0],"ix":2},"a":{"a":0,"k":[0,0],"ix":1},"s":{"a":0,"k":[100,100],"ix":3},"r":{"a":0,"k":0,"ix":6},"o":{"a":0,"k":100,"ix":7},"sk":{"a":0,"k":0,"ix":4},"sa":{"a":0,"k":0,"ix":5},"nm":"Transform"}],"nm":"Group 44","np":2,"cix":2,"bm":0,"ix":44,"mn":"ADBE Vector Group","hd":false},{"ty":"gr","it":[{"ind":0,"ty":"sh","ix":1,"ks":{"a":0,"k":{"i":[[0,0],[4.95,5.93],[5.62,-5.89],[-0.182,-1.824]],"o":[[0,0],[-4.95,-5.93],[-1.364,1.225],[0,0]],"v":[[36.1,-130.48],[29.87,-132.06],[15.87,-138.97],[13.99,-134.12]],"c":false},"ix":2},"nm":"Path 1","mn":"ADBE Vector Shape - Group","hd":false},{"ty":"st","c":{"a":0,"k":[1,1,1,1],"ix":3},"o":{"a":0,"k":100,"ix":4},"w":{"a":0,"k":1,"ix":5},"lc":2,"lj":2,"bm":0,"nm":"Stroke 1","mn":"ADBE Vector Graphic - Stroke","hd":false},{"ty":"tr","p":{"a":0,"k":[0,0],"ix":2},"a":{"a":0,"k":[0,0],"ix":1},"s":{"a":0,"k":[100,100],"ix":3},"r":{"a":0,"k":0,"ix":6},"o":{"a":0,"k":100,"ix":7},"sk":{"a":0,"k":0,"ix":4},"sa":{"a":0,"k":0,"ix":5},"nm":"Transform"}],"nm":"Group 45","np":2,"cix":2,"bm":0,"ix":45,"mn":"ADBE Vector Group","hd":false},{"ty":"gr","it":[{"ind":0,"ty":"sh","ix":1,"ks":{"a":0,"k":{"i":[[0,0],[-0.514,-0.409]],"o":[[0.416,0.508],[0,0]],"v":[[15.65,-130.53],[17.05,-129.15]],"c":false},"ix":2},"nm":"Path 1","mn":"ADBE Vector Shape - Group","hd":false},{"ty":"st","c":{"a":0,"k":[1,1,1,1],"ix":3},"o":{"a":0,"k":100,"ix":4},"w":{"a":0,"k":1,"ix":5},"lc":2,"lj":2,"bm":0,"nm":"Stroke 1","mn":"ADBE Vector Graphic - Stroke","hd":false},{"ty":"tr","p":{"a":0,"k":[0,0],"ix":2},"a":{"a":0,"k":[0,0],"ix":1},"s":{"a":0,"k":[100,100],"ix":3},"r":{"a":0,"k":0,"ix":6},"o":{"a":0,"k":100,"ix":7},"sk":{"a":0,"k":0,"ix":4},"sa":{"a":0,"k":0,"ix":5},"nm":"Transform"}],"nm":"Group 46","np":2,"cix":2,"bm":0,"ix":46,"mn":"ADBE Vector Group","hd":false},{"ty":"gr","it":[{"ind":0,"ty":"sh","ix":1,"ks":{"a":0,"k":{"i":[[0,0],[-3.142,-0.247],[-4.9,0]],"o":[[3.098,-0.579],[4.45,0.5],[0,0]],"v":[[36.3,-111.78],[45.7,-112.28],[54.6,-108.28]],"c":false},"ix":2},"nm":"Path 1","mn":"ADBE Vector Shape - Group","hd":false},{"ty":"st","c":{"a":0,"k":[1,1,1,1],"ix":3},"o":{"a":0,"k":100,"ix":4},"w":{"a":0,"k":1,"ix":5},"lc":2,"lj":2,"bm":0,"nm":"Stroke 1","mn":"ADBE Vector Graphic - Stroke","hd":false},{"ty":"tr","p":{"a":0,"k":[0,0],"ix":2},"a":{"a":0,"k":[0,0],"ix":1},"s":{"a":0,"k":[100,100],"ix":3},"r":{"a":0,"k":0,"ix":6},"o":{"a":0,"k":100,"ix":7},"sk":{"a":0,"k":0,"ix":4},"sa":{"a":0,"k":0,"ix":5},"nm":"Transform"}],"nm":"Group 47","np":2,"cix":2,"bm":0,"ix":47,"mn":"ADBE Vector Group","hd":false},{"ty":"gr","it":[{"ind":0,"ty":"sh","ix":1,"ks":{"a":0,"k":{"i":[[0,0],[-2.92,-5],[-2.54,-2.14]],"o":[[0,0],[1.79,3],[0,0]],"v":[[38.77,-125.63],[46.69,-124.63],[53.35,-115.49]],"c":false},"ix":2},"nm":"Path 1","mn":"ADBE Vector Shape - Group","hd":false},{"ty":"st","c":{"a":0,"k":[1,1,1,1],"ix":3},"o":{"a":0,"k":100,"ix":4},"w":{"a":0,"k":1,"ix":5},"lc":2,"lj":2,"bm":0,"nm":"Stroke 1","mn":"ADBE Vector Graphic - Stroke","hd":false},{"ty":"tr","p":{"a":0,"k":[0,0],"ix":2},"a":{"a":0,"k":[0,0],"ix":1},"s":{"a":0,"k":[100,100],"ix":3},"r":{"a":0,"k":0,"ix":6},"o":{"a":0,"k":100,"ix":7},"sk":{"a":0,"k":0,"ix":4},"sa":{"a":0,"k":0,"ix":5},"nm":"Transform"}],"nm":"Group 48","np":2,"cix":2,"bm":0,"ix":48,"mn":"ADBE Vector Group","hd":false},{"ty":"gr","it":[{"ind":0,"ty":"sh","ix":1,"ks":{"a":0,"k":{"i":[[0,0],[-0.709,0.5]],"o":[[0.862,0.101],[0,0]],"v":[[56.12,-114.13],[58.56,-114.75]],"c":false},"ix":2},"nm":"Path 1","mn":"ADBE Vector Shape - Group","hd":false},{"ty":"st","c":{"a":0,"k":[1,1,1,1],"ix":3},"o":{"a":0,"k":100,"ix":4},"w":{"a":0,"k":1,"ix":5},"lc":2,"lj":2,"bm":0,"nm":"Stroke 1","mn":"ADBE Vector Graphic - Stroke","hd":false},{"ty":"tr","p":{"a":0,"k":[0,0],"ix":2},"a":{"a":0,"k":[0,0],"ix":1},"s":{"a":0,"k":[100,100],"ix":3},"r":{"a":0,"k":0,"ix":6},"o":{"a":0,"k":100,"ix":7},"sk":{"a":0,"k":0,"ix":4},"sa":{"a":0,"k":0,"ix":5},"nm":"Transform"}],"nm":"Group 49","np":2,"cix":2,"bm":0,"ix":49,"mn":"ADBE Vector Group","hd":false},{"ty":"gr","it":[{"ind":0,"ty":"sh","ix":1,"ks":{"a":1,"k":[{"i":{"x":0,"y":1},"o":{"x":0.333,"y":0},"t":0,"s":[{"i":[[-2.26,4.24],[4.52,5.08],[0.57,5.06],[5.09,0],[3.11,2],[7.91,0],[1.42,-1.41],[0.83,-0.23],[0.265,0.554],[-1.7,4.24],[3.39,-2.54],[3.95,-4.24],[-3.63,-6.24],[0,0],[-7.53,-1.38],[-0.57,-7.88],[-1.98,-1.13],[-1.11,-2.82],[-2.26,0.28],[-4.8,0.57],[-1.98,5.34]],"o":[[2.26,-4.23],[-4.52,-5.08],[-0.57,-5.06],[-5.09,0],[-3.11,-2],[-7.91,0],[-0.698,0.504],[-0.596,-0.149],[-1.41,-2.82],[1.7,-4.24],[-3.39,2.54],[-3.95,4.24],[3.63,6.24],[0.84,-0.56],[7.17,1.31],[0.57,7.88],[1.98,1.13],[1.11,2.82],[2.26,-0.28],[4.8,-0.57],[1.98,-5.34]],"v":[[57.09,-106.52],[58.22,-123.18],[50.31,-130.24],[43.53,-140.69],[31.67,-140.69],[18.11,-148.32],[8.79,-134.76],[6.48,-133.65],[5.12,-134.76],[9.36,-141.54],[2.86,-146.06],[2.58,-139.56],[0,-124],[7.91,-121.46],[17.04,-117.46],[29.68,-110.58],[39.26,-97.16],[37.26,-86.99],[44.32,-84.73],[49.97,-88.97],[58.44,-96.31]],"c":true}]},{"i":{"x":0.667,"y":1},"o":{"x":1,"y":0},"t":113,"s":[{"i":[[-2.26,4.24],[4.52,5.08],[0.57,5.06],[5.09,0],[3.11,2],[7.91,0],[1.42,-1.41],[0.83,-0.23],[0.265,0.554],[0.14,4.665],[3.39,-2.54],[3.95,-4.24],[-3.63,-6.24],[0,0],[-7.53,-1.38],[-0.57,-7.88],[-1.98,-1.13],[-1.11,-2.82],[-2.26,0.28],[-4.8,0.57],[-1.98,5.34]],"o":[[2.26,-4.23],[-4.52,-5.08],[-0.57,-5.06],[-5.09,0],[-3.11,-2],[-7.91,0],[-0.698,0.504],[-0.596,-0.149],[-1.41,-2.82],[-0.137,-4.566],[-3.39,2.54],[-3.95,4.24],[3.63,6.24],[0.84,-0.56],[7.17,1.31],[0.57,7.88],[1.98,1.13],[1.11,2.82],[2.26,-0.28],[4.8,-0.57],[1.98,-5.34]],"v":[[57.09,-106.52],[58.22,-123.18],[50.31,-130.24],[43.53,-140.69],[31.67,-140.69],[18.11,-148.32],[10.79,-135.885],[8.48,-134.775],[7.12,-135.885],[5.36,-143.04],[-1.14,-147.56],[-1.42,-141.06],[0,-124],[7.91,-121.46],[17.04,-117.46],[29.68,-110.58],[39.26,-97.16],[37.26,-86.99],[44.32,-84.73],[49.97,-88.97],[58.44,-96.31]],"c":true}]},{"t":228,"s":[{"i":[[-2.26,4.24],[4.52,5.08],[0.57,5.06],[5.09,0],[3.11,2],[7.91,0],[1.42,-1.41],[0.83,-0.23],[0.265,0.554],[-1.7,4.24],[3.39,-2.54],[3.95,-4.24],[-3.63,-6.24],[0,0],[-7.53,-1.38],[-0.57,-7.88],[-1.98,-1.13],[-1.11,-2.82],[-2.26,0.28],[-4.8,0.57],[-1.98,5.34]],"o":[[2.26,-4.23],[-4.52,-5.08],[-0.57,-5.06],[-5.09,0],[-3.11,-2],[-7.91,0],[-0.698,0.504],[-0.596,-0.149],[-1.41,-2.82],[1.7,-4.24],[-3.39,2.54],[-3.95,4.24],[3.63,6.24],[0.84,-0.56],[7.17,1.31],[0.57,7.88],[1.98,1.13],[1.11,2.82],[2.26,-0.28],[4.8,-0.57],[1.98,-5.34]],"v":[[57.09,-106.52],[58.22,-123.18],[50.31,-130.24],[43.53,-140.69],[31.67,-140.69],[18.11,-148.32],[8.79,-134.76],[6.48,-133.65],[5.12,-134.76],[9.36,-141.54],[2.86,-146.06],[2.58,-139.56],[0,-124],[7.91,-121.46],[17.04,-117.46],[29.68,-110.58],[39.26,-97.16],[37.26,-86.99],[44.32,-84.73],[49.97,-88.97],[58.44,-96.31]],"c":true}]}],"ix":2},"nm":"Path 1","mn":"ADBE Vector Shape - Group","hd":false},{"ty":"st","c":{"a":0,"k":[0.149019613862,0.196078434587,0.219607844949,1],"ix":3},"o":{"a":0,"k":100,"ix":4},"w":{"a":0,"k":1,"ix":5},"lc":2,"lj":2,"bm":0,"nm":"Stroke 1","mn":"ADBE Vector Graphic - Stroke","hd":false},{"ty":"fl","c":{"a":0,"k":[0.149019613862,0.196078434587,0.219607844949,1],"ix":4},"o":{"a":0,"k":100,"ix":5},"r":1,"bm":0,"nm":"Fill 1","mn":"ADBE Vector Graphic - Fill","hd":false},{"ty":"tr","p":{"a":0,"k":[0,0],"ix":2},"a":{"a":0,"k":[0,0],"ix":1},"s":{"a":0,"k":[100,100],"ix":3},"r":{"a":0,"k":0,"ix":6},"o":{"a":0,"k":100,"ix":7},"sk":{"a":0,"k":0,"ix":4},"sa":{"a":0,"k":0,"ix":5},"nm":"Transform"}],"nm":"Group 50","np":3,"cix":2,"bm":0,"ix":50,"mn":"ADBE Vector Group","hd":false},{"ty":"gr","it":[{"ind":0,"ty":"sh","ix":1,"ks":{"a":0,"k":{"i":[[0,0],[1.97,-3.94],[6.78,-3.67],[3.95,-6.21],[0,0],[5.08,-8.47],[-6.5,-4.77],[-4.24,6.74],[0,0],[1.46,-7.09],[0,-3.16],[-3.96,-0.84],[-9.32,0.58],[-1.13,3.68],[0,0],[-5.09,10.16],[3.67,11.35],[5.64,2.82],[2.82,3.11],[0,5.08],[5.37,-3.95]],"o":[[0,0],[-1.97,3.94],[-6.78,3.67],[-3.95,6.21],[0,0],[-5.08,8.47],[6.5,4.77],[4.24,-6.74],[0,0],[-1.46,7.09],[0,3.16],[3.96,0.84],[9.32,-0.58],[1.13,-3.68],[0,0],[5.09,-10.16],[-3.67,-11.35],[-5.64,-2.82],[-2.82,-3.11],[0,-5.08],[-5.37,3.95]],"v":[[17.55,-73.47],[16.14,-62.47],[-0.53,-50.89],[-20.86,-41.57],[-24.53,-24.91],[-35.83,-6.83],[-37.24,15.17],[-18.6,6.17],[-10.41,-8.23],[-6.46,25.09],[-11.26,42.09],[-4.76,48.3],[22.07,49.72],[59.07,43.78],[61.89,14.69],[83.64,10.18],[85.33,-34.17],[66.69,-52.52],[42.69,-65.8],[39,-89.29],[33.07,-85.62]],"c":true},"ix":2},"nm":"Path 1","mn":"ADBE Vector Shape - Group","hd":false},{"ty":"st","c":{"a":0,"k":[0.149019613862,0.196078434587,0.219607844949,1],"ix":3},"o":{"a":0,"k":100,"ix":4},"w":{"a":0,"k":1,"ix":5},"lc":2,"lj":2,"bm":0,"nm":"Stroke 1","mn":"ADBE Vector Graphic - Stroke","hd":false},{"ty":"tr","p":{"a":0,"k":[0,0],"ix":2},"a":{"a":0,"k":[0,0],"ix":1},"s":{"a":0,"k":[100,100],"ix":3},"r":{"a":0,"k":0,"ix":6},"o":{"a":0,"k":100,"ix":7},"sk":{"a":0,"k":0,"ix":4},"sa":{"a":0,"k":0,"ix":5},"nm":"Transform"}],"nm":"Group 51","np":2,"cix":2,"bm":0,"ix":51,"mn":"ADBE Vector Group","hd":false},{"ty":"gr","it":[{"ind":0,"ty":"sh","ix":1,"ks":{"a":0,"k":{"i":[[0,0],[1.97,-3.94],[6.78,-3.67],[3.95,-6.21],[0,0],[5.08,-8.47],[-6.5,-4.77],[-4.24,6.74],[0,0],[1.46,-7.09],[0,-3.16],[-3.96,-0.84],[-9.32,0.58],[-1.13,3.68],[0,0],[-5.09,10.16],[3.67,11.35],[5.64,2.82],[2.82,3.11],[0,5.08],[5.37,-3.95]],"o":[[0,0],[-1.97,3.94],[-6.78,3.67],[-3.95,6.21],[0,0],[-5.08,8.47],[6.5,4.77],[4.24,-6.74],[0,0],[-1.46,7.09],[0,3.16],[3.96,0.84],[9.32,-0.58],[1.13,-3.68],[0,0],[5.09,-10.16],[-3.67,-11.35],[-5.64,-2.82],[-2.82,-3.11],[0,-5.08],[-5.37,3.95]],"v":[[17.55,-73.47],[16.14,-62.47],[-0.53,-50.89],[-20.86,-41.57],[-24.53,-24.91],[-35.83,-6.83],[-37.24,15.17],[-18.6,6.17],[-10.41,-8.23],[-6.46,25.09],[-11.26,42.09],[-4.76,48.3],[22.07,49.72],[59.07,43.78],[61.89,14.69],[83.64,10.18],[85.33,-34.17],[66.69,-52.52],[42.69,-65.8],[39,-89.29],[33.07,-85.62]],"c":true},"ix":2},"nm":"Mask","mn":"ADBE Vector Shape - Group","hd":false},{"ty":"mm","mm":4,"nm":"Merge Paths 1","mn":"ADBE Vector Filter - Merge","hd":false},{"ty":"tr","p":{"a":0,"k":[0,0],"ix":2},"a":{"a":0,"k":[0,0],"ix":1},"s":{"a":0,"k":[100,100],"ix":3},"r":{"a":0,"k":0,"ix":6},"o":{"a":0,"k":100,"ix":7},"sk":{"a":0,"k":0,"ix":4},"sa":{"a":0,"k":0,"ix":5},"nm":"Transform"}],"nm":"Group 52","np":2,"cix":2,"bm":0,"ix":52,"mn":"ADBE Vector Group","hd":false},{"ty":"gr","it":[{"ind":0,"ty":"sh","ix":1,"ks":{"a":0,"k":{"i":[[0,0],[1.97,-3.94],[6.78,-3.67],[3.95,-6.21],[0,0],[5.08,-8.47],[-6.5,-4.77],[-4.24,6.74],[0,0],[1.46,-7.09],[0,-3.16],[-3.96,-0.84],[-9.32,0.58],[-1.13,3.68],[0,0],[-5.09,10.16],[3.67,11.35],[5.64,2.82],[2.82,3.11],[0,5.08],[5.37,-3.95]],"o":[[0,0],[-1.97,3.94],[-6.78,3.67],[-3.95,6.21],[0,0],[-5.08,8.47],[6.5,4.77],[4.24,-6.74],[0,0],[-1.46,7.09],[0,3.16],[3.96,0.84],[9.32,-0.58],[1.13,-3.68],[0,0],[5.09,-10.16],[-3.67,-11.35],[-5.64,-2.82],[-2.82,-3.11],[0,-5.08],[-5.37,3.95]],"v":[[17.55,-73.47],[16.14,-62.47],[-0.53,-50.89],[-20.86,-41.57],[-24.53,-24.91],[-35.83,-6.83],[-37.24,15.17],[-18.6,6.17],[-10.41,-8.23],[-6.46,25.09],[-11.26,42.09],[-4.76,48.3],[22.07,49.72],[59.07,43.78],[61.89,14.69],[83.64,10.18],[85.33,-34.17],[66.69,-52.52],[42.69,-65.8],[39,-89.29],[33.07,-85.62]],"c":true},"ix":2},"nm":"Path 1","mn":"ADBE Vector Shape - Group","hd":false},{"ty":"fl","c":{"a":0,"k":[1,1,1,1],"ix":4},"o":{"a":0,"k":100,"ix":5},"r":1,"bm":0,"nm":"Fill 1","mn":"ADBE Vector Graphic - Fill","hd":false},{"ty":"tr","p":{"a":0,"k":[0,0],"ix":2},"a":{"a":0,"k":[0,0],"ix":1},"s":{"a":0,"k":[100,100],"ix":3},"r":{"a":0,"k":0,"ix":6},"o":{"a":0,"k":100,"ix":7},"sk":{"a":0,"k":0,"ix":4},"sa":{"a":0,"k":0,"ix":5},"nm":"Transform"}],"nm":"Group 53","np":2,"cix":2,"bm":0,"ix":53,"mn":"ADBE Vector Group","hd":false},{"ty":"gr","it":[{"ind":0,"ty":"sh","ix":1,"ks":{"a":0,"k":{"i":[[0,0],[15.96,0.37],[8.9,0],[3.7,-7.43],[-21.54,-8.54],[-30.82,-7.79],[-15.93,4.08],[1.48,14.52],[7.79,2.23]],"o":[[0,0],[-15.96,-0.37],[-8.9,0],[-3.7,7.43],[21.54,8.54],[30.82,7.79],[15.93,-4.08],[-1.48,-14.52],[-7.79,-2.23]],"v":[[-7.36,44.8],[-28.52,45.92],[-76.42,38.12],[-98.7,48.89],[-84.22,74.14],[-15.53,93.07],[43.47,97.16],[68.72,68.16],[56.1,42.54]],"c":true},"ix":2},"nm":"Path 1","mn":"ADBE Vector Shape - Group","hd":false},{"ty":"st","c":{"a":0,"k":[0.149019613862,0.196078434587,0.219607844949,1],"ix":3},"o":{"a":0,"k":100,"ix":4},"w":{"a":0,"k":1,"ix":5},"lc":2,"lj":2,"bm":0,"nm":"Stroke 1","mn":"ADBE Vector Graphic - Stroke","hd":false},{"ty":"fl","c":{"a":0,"k":[0.149019613862,0.196078434587,0.219607844949,1],"ix":4},"o":{"a":0,"k":100,"ix":5},"r":1,"bm":0,"nm":"Fill 1","mn":"ADBE Vector Graphic - Fill","hd":false},{"ty":"tr","p":{"a":0,"k":[0,0],"ix":2},"a":{"a":0,"k":[0,0],"ix":1},"s":{"a":0,"k":[100,100],"ix":3},"r":{"a":0,"k":0,"ix":6},"o":{"a":0,"k":100,"ix":7},"sk":{"a":0,"k":0,"ix":4},"sa":{"a":0,"k":0,"ix":5},"nm":"Transform"}],"nm":"Group 54","np":3,"cix":2,"bm":0,"ix":54,"mn":"ADBE Vector Group","hd":false}],"ip":0,"op":600,"st":0,"bm":0},{"ddd":0,"ind":2,"ty":4,"nm":"Shadow","sr":1,"ks":{"o":{"a":0,"k":30,"ix":11},"r":{"a":0,"k":0,"ix":10},"p":{"a":0,"k":[397.84,425.38,0],"ix":2},"a":{"a":0,"k":[-2.16,125.38,0],"ix":1},"s":{"a":1,"k":[{"i":{"x":[0,0,0.667],"y":[1,1,1]},"o":{"x":[0.333,0.333,0.333],"y":[0,0,0]},"t":0,"s":[100,100,100]},{"i":{"x":[0.667,0.667,0.667],"y":[1,1,1]},"o":{"x":[1,1,0.333],"y":[0,0,0]},"t":113,"s":[60,60,100]},{"t":228,"s":[100,100,100]}],"ix":6}},"ao":0,"shapes":[{"ty":"gr","it":[{"ind":0,"ty":"sh","ix":1,"ks":{"a":0,"k":{"i":[[-34.452,0],[0,-4.103],[34.452,0],[0,4.103]],"o":[[34.452,0],[0,4.103],[-34.452,0],[0,-4.103]],"v":[[-2.16,117.95],[60.22,125.38],[-2.16,132.81],[-64.54,125.38]],"c":true},"ix":2},"nm":"Path 1","mn":"ADBE Vector Shape - Group","hd":false},{"ty":"fl","c":{"a":0,"k":[0,0,0,1],"ix":4},"o":{"a":0,"k":100,"ix":5},"r":1,"bm":0,"nm":"Fill 1","mn":"ADBE Vector Graphic - Fill","hd":false},{"ty":"tr","p":{"a":0,"k":[0,0],"ix":2},"a":{"a":0,"k":[0,0],"ix":1},"s":{"a":0,"k":[100,100],"ix":3},"r":{"a":0,"k":0,"ix":6},"o":{"a":0,"k":100,"ix":7},"sk":{"a":0,"k":0,"ix":4},"sa":{"a":0,"k":0,"ix":5},"nm":"Transform"}],"nm":"Group 1","np":2,"cix":2,"bm":0,"ix":1,"mn":"ADBE Vector Group","hd":false}],"ip":0,"op":600,"st":0,"bm":0},{"ddd":0,"ind":3,"ty":4,"nm":"Tepih","sr":1,"ks":{"o":{"a":0,"k":100,"ix":11},"r":{"a":0,"k":0,"ix":10},"p":{"a":0,"k":[400,300,0],"ix":2},"a":{"a":0,"k":[0,0,0],"ix":1},"s":{"a":0,"k":[100,100,100],"ix":6}},"ao":0,"shapes":[{"ty":"gr","it":[{"ind":0,"ty":"sh","ix":1,"ks":{"a":0,"k":{"i":[[0,0],[0,0],[0,0],[0,0]],"o":[[0,0],[0,0],[0,0],[0,0]],"v":[[-80.13,102.36],[-202.67,121.91],[23.09,161.02],[208,129.02]],"c":true},"ix":2},"nm":"Path 1","mn":"ADBE Vector Shape - Group","hd":false},{"ty":"fl","c":{"a":0,"k":[0.494117647409,0.341176480055,0.760784327984,1],"ix":4},"o":{"a":0,"k":100,"ix":5},"r":1,"bm":0,"nm":"Fill 1","mn":"ADBE Vector Graphic - Fill","hd":false},{"ty":"tr","p":{"a":0,"k":[0,0],"ix":2},"a":{"a":0,"k":[0,0],"ix":1},"s":{"a":0,"k":[100,100],"ix":3},"r":{"a":0,"k":0,"ix":6},"o":{"a":0,"k":100,"ix":7},"sk":{"a":0,"k":0,"ix":4},"sa":{"a":0,"k":0,"ix":5},"nm":"Transform"}],"nm":"Group 1","np":2,"cix":2,"bm":0,"ix":1,"mn":"ADBE Vector Group","hd":false}],"ip":0,"op":600,"st":0,"bm":0},{"ddd":0,"ind":4,"ty":4,"nm":"zbunjce","sr":1,"ks":{"o":{"a":0,"k":100,"ix":11},"r":{"a":0,"k":0,"ix":10},"p":{"a":0,"k":[400,300,0],"ix":2},"a":{"a":0,"k":[0,0,0],"ix":1},"s":{"a":0,"k":[100,100,100],"ix":6}},"ao":0,"shapes":[{"ty":"gr","it":[{"ind":0,"ty":"sh","ix":1,"ks":{"a":0,"k":{"i":[[0,0],[9.619,5.379],[4.082,1.882],[-4.97,-3.596],[0,0],[4.462,0.193],[3.371,-2.202],[-4.425,-1.689],[-5.595,-0.076],[2.456,-2.441],[1.744,-3.056],[-5.167,-0.488],[0,0],[0,0],[0,0],[-5.979,-3.084],[-5.824,-1.78],[0,0],[0,0],[0,0],[6.198,2.383],[0,0],[-6.476,4.239],[-3.091,3.605],[8.712,-1.9],[4.821,-3.768],[-1.827,6.037],[-0.416,3.428],[2.69,-3.172],[0,0],[5.292,5.409],[0,0],[0.921,-5.219],[0,0],[0,0]],"o":[[0,0],[-3.865,-2.296],[0,0],[4.97,3.596],[-4.014,-1.958],[-4.025,-0.108],[4.192,2.206],[5.277,1.86],[0,0],[-2.291,2.671],[5.172,-0.439],[6.651,0.877],[0,0],[0,0],[0,0],[5.516,2.581],[0,0],[0,0],[5.657,1.33],[0,0],[-6.198,-2.383],[0,0],[3.96,-2.621],[0,0],[-5.921,1.545],[0,0],[1.042,-3.292],[0,0],[-2.69,3.172],[0,0],[-5.292,-5.409],[0,0],[-0.921,5.219],[0,0],[0,0]],"v":[[103.619,95.484],[95.374,85.588],[83.446,79.317],[90.682,89.681],[97.772,94.914],[84.922,91.654],[73.564,94.87],[86.501,100.718],[102.917,103.641],[87.919,104.621],[81.852,113.231],[97.392,113.304],[112.843,110.833],[120.357,114.561],[123.514,109.869],[131.262,112.792],[148.292,119.341],[137.109,105.001],[148.409,107.661],[163.173,107.442],[156.112,102.209],[138.074,96.113],[154.3,93.935],[164.927,84.55],[146.976,81.012],[130.692,89.067],[138.22,78.484],[140.413,68.382],[127.154,75.077],[119.933,87.459],[119.172,72.841],[109.422,63.222],[104.043,74.917],[109.817,89.447],[103.853,86.319]],"c":true},"ix":2},"nm":"Path 1","mn":"ADBE Vector Shape - Group","hd":false},{"ty":"st","c":{"a":0,"k":[0.698039233685,0.635294139385,0.866666674614,1],"ix":3},"o":{"a":0,"k":100,"ix":4},"w":{"a":0,"k":1,"ix":5},"lc":1,"lj":1,"ml":10,"bm":0,"nm":"Stroke 1","mn":"ADBE Vector Graphic - Stroke","hd":false},{"ty":"fl","c":{"a":0,"k":[0.780392169952,0.690196096897,0.96862745285,1],"ix":4},"o":{"a":0,"k":100,"ix":5},"r":1,"bm":0,"nm":"Fill 1","mn":"ADBE Vector Graphic - Fill","hd":false},{"ty":"tr","p":{"a":0,"k":[0,0],"ix":2},"a":{"a":0,"k":[0,0],"ix":1},"s":{"a":0,"k":[100,100],"ix":3},"r":{"a":0,"k":0,"ix":6},"o":{"a":0,"k":100,"ix":7},"sk":{"a":0,"k":0,"ix":4},"sa":{"a":0,"k":0,"ix":5},"nm":"Transform"}],"nm":"Group 1","np":3,"cix":2,"bm":0,"ix":1,"mn":"ADBE Vector Group","hd":false}],"ip":0,"op":600,"st":0,"bm":0},{"ddd":0,"ind":5,"ty":4,"nm":"left","sr":1,"ks":{"o":{"a":0,"k":100,"ix":11},"r":{"a":0,"k":0,"ix":10},"p":{"a":1,"k":[{"i":{"x":0,"y":1},"o":{"x":0.333,"y":0},"t":0,"s":[276.9,399.88,0],"to":[2.5,-2.5,0],"ti":[0,0,0]},{"i":{"x":0.667,"y":1},"o":{"x":1,"y":0},"t":100,"s":[291.9,384.88,0],"to":[0,0,0],"ti":[2.5,-2.5,0]},{"t":198,"s":[276.9,399.88,0]}],"ix":2},"a":{"a":0,"k":[-123.1,99.88,0],"ix":1},"s":{"a":0,"k":[100,100,100],"ix":6}},"ao":0,"shapes":[{"ty":"gr","it":[{"ind":0,"ty":"sh","ix":1,"ks":{"a":0,"k":{"i":[[0,0],[0,0],[0,0],[0,0],[0,0],[0,0],[0,0],[0,0],[0,0],[0,0],[0,0],[0,0],[0,0],[0,0],[0,0],[0,0],[0,0],[0,0],[0,0],[0,0],[0,0],[0,0],[0,0],[0,0],[0,0]],"o":[[0,0],[0,0],[0,0],[0,0],[0,0],[0,0],[0,0],[0,0],[0,0],[0,0],[0,0],[0,0],[0,0],[0,0],[0,0],[0,0],[0,0],[0,0],[0,0],[0,0],[0,0],[0,0],[0,0],[0,0],[0,0]],"v":[[-114.32,72.05],[-113.09,71.9],[-111.53,85.89],[-103.23,76.46],[-103.24,76.46],[-101.14,59.53],[-99.91,59.69],[-101.79,74.83],[-81.17,51.4],[-80.24,52.24],[-94.24,68.14],[-85.38,68.25],[-85.39,69.51],[-95.33,69.38],[-105.15,80.53],[-91.29,80.55],[-91.29,81.81],[-106.25,81.79],[-115.18,91.93],[-105.4,92.53],[-105.48,93.78],[-116.23,93.13],[-122.17,99.88],[-123.1,99.04],[-112.63,87.15]],"c":true},"ix":2},"nm":"Path 1","mn":"ADBE Vector Shape - Group","hd":false},{"ty":"fl","c":{"a":0,"k":[0.698039233685,0.635294139385,0.866666674614,1],"ix":4},"o":{"a":0,"k":100,"ix":5},"r":1,"bm":0,"nm":"Fill 1","mn":"ADBE Vector Graphic - Fill","hd":false},{"ty":"tr","p":{"a":0,"k":[0,0],"ix":2},"a":{"a":0,"k":[0,0],"ix":1},"s":{"a":0,"k":[100,100],"ix":3},"r":{"a":0,"k":0,"ix":6},"o":{"a":0,"k":100,"ix":7},"sk":{"a":0,"k":0,"ix":4},"sa":{"a":0,"k":0,"ix":5},"nm":"Transform"}],"nm":"Group 1","np":2,"cix":2,"bm":0,"ix":1,"mn":"ADBE Vector Group","hd":false},{"ty":"gr","it":[{"ind":0,"ty":"sh","ix":1,"ks":{"a":0,"k":{"i":[[12.05,-12.72],[0,0],[-12.05,12.72],[0,0]],"o":[[-12.05,12.72],[0,0],[12.05,-12.72],[0,0]],"v":[[-90.901,85.07],[-122.621,98.4],[-110.731,65.68],[-79.011,52.35]],"c":true},"ix":2},"nm":"Path 1","mn":"ADBE Vector Shape - Group","hd":false},{"ty":"fl","c":{"a":0,"k":[0.780392169952,0.690196096897,0.96862745285,1],"ix":4},"o":{"a":0,"k":100,"ix":5},"r":1,"bm":0,"nm":"Fill 1","mn":"ADBE Vector Graphic - Fill","hd":false},{"ty":"tr","p":{"a":0,"k":[0,0],"ix":2},"a":{"a":0,"k":[0,0],"ix":1},"s":{"a":0,"k":[100,100],"ix":3},"r":{"a":0,"k":0,"ix":6},"o":{"a":0,"k":100,"ix":7},"sk":{"a":0,"k":0,"ix":4},"sa":{"a":0,"k":0,"ix":5},"nm":"Transform"}],"nm":"Group 2","np":2,"cix":2,"bm":0,"ix":2,"mn":"ADBE Vector Group","hd":false}],"ip":0,"op":600,"st":0,"bm":0},{"ddd":0,"ind":6,"ty":4,"nm":"mid","sr":1,"ks":{"o":{"a":0,"k":100,"ix":11},"r":{"a":0,"k":0,"ix":10},"p":{"a":1,"k":[{"i":{"x":0,"y":1},"o":{"x":0.333,"y":0},"t":0,"s":[268.605,392.96,0],"to":[0,-2.5,0],"ti":[0,0,0]},{"i":{"x":0.667,"y":1},"o":{"x":1,"y":0},"t":100,"s":[268.605,377.96,0],"to":[0,0,0],"ti":[0,-2.5,0]},{"t":198,"s":[268.605,392.96,0]}],"ix":2},"a":{"a":0,"k":[-131.395,92.96,0],"ix":1},"s":{"a":0,"k":[100,100,100],"ix":6}},"ao":0,"shapes":[{"ty":"gr","it":[{"ind":0,"ty":"sh","ix":1,"ks":{"a":0,"k":{"i":[[0,0],[0,0],[0,0],[0,0],[0,0],[0,0],[0,0],[0,0],[0,0],[0,0],[0,0],[0,0],[0,0],[0,0],[0,0],[0,0],[0,0],[0,0],[0,0],[0,0],[0,0],[0,0],[0,0],[0,0],[0,0],[0,0]],"o":[[0,0],[0,0],[0,0],[0,0],[0,0],[0,0],[0,0],[0,0],[0,0],[0,0],[0,0],[0,0],[0,0],[0,0],[0,0],[0,0],[0,0],[0,0],[0,0],[0,0],[0,0],[0,0],[0,0],[0,0],[0,0],[0,0]],"v":[[-132.12,65.23],[-151.45,47.57],[-150.62,46.63],[-132.11,63.55],[-132.01,40.4],[-132.11,40.47],[-148.46,16.18],[-147.44,15.47],[-132,38.4],[-131.77,-17.28],[-130.53,-17.28],[-130.69,20.52],[-118.39,9.7],[-117.57,10.65],[-130.7,22.19],[-130.81,49.22],[-112.16,32.45],[-111.34,33.39],[-130.82,50.9],[-130.92,75.51],[-116.91,64.33],[-116.14,65.32],[-130.93,77.12],[-131,92.96],[-132.24,92.95],[-132.12,65.23]],"c":true},"ix":2},"nm":"Path 1","mn":"ADBE Vector Shape - Group","hd":false},{"ty":"fl","c":{"a":0,"k":[0.698039233685,0.635294139385,0.866666674614,1],"ix":4},"o":{"a":0,"k":100,"ix":5},"r":1,"bm":0,"nm":"Fill 1","mn":"ADBE Vector Graphic - Fill","hd":false},{"ty":"tr","p":{"a":0,"k":[0,0],"ix":2},"a":{"a":0,"k":[0,0],"ix":1},"s":{"a":0,"k":[100,100],"ix":3},"r":{"a":0,"k":0,"ix":6},"o":{"a":0,"k":100,"ix":7},"sk":{"a":0,"k":0,"ix":4},"sa":{"a":0,"k":0,"ix":5},"nm":"Transform"}],"nm":"Group 1","np":2,"cix":2,"bm":0,"ix":1,"mn":"ADBE Vector Group","hd":false},{"ty":"gr","it":[{"ind":0,"ty":"sh","ix":1,"ks":{"a":0,"k":{"i":[[0,0],[0.12,-30.44],[0,0],[-0.13,30.44]],"o":[[0,0],[-0.12,30.44],[0,0],[0.13,-30.44]],"v":[[-131.15,-17.28],[-107.65,37.94],[-131.65,92.94],[-155.14,37.72]],"c":true},"ix":2},"nm":"Path 1","mn":"ADBE Vector Shape - Group","hd":false},{"ty":"fl","c":{"a":0,"k":[0.780392169952,0.690196096897,0.96862745285,1],"ix":4},"o":{"a":0,"k":100,"ix":5},"r":1,"bm":0,"nm":"Fill 1","mn":"ADBE Vector Graphic - Fill","hd":false},{"ty":"tr","p":{"a":0,"k":[0,0],"ix":2},"a":{"a":0,"k":[0,0],"ix":1},"s":{"a":0,"k":[100,100],"ix":3},"r":{"a":0,"k":0,"ix":6},"o":{"a":0,"k":100,"ix":7},"sk":{"a":0,"k":0,"ix":4},"sa":{"a":0,"k":0,"ix":5},"nm":"Transform"}],"nm":"Group 2","np":2,"cix":2,"bm":0,"ix":2,"mn":"ADBE Vector Group","hd":false}],"ip":0,"op":600,"st":0,"bm":0},{"ddd":0,"ind":7,"ty":4,"nm":"right","sr":1,"ks":{"o":{"a":0,"k":100,"ix":11},"r":{"a":0,"k":0,"ix":10},"p":{"a":1,"k":[{"i":{"x":0,"y":1},"o":{"x":0.333,"y":0},"t":0,"s":[260.55,398.84,0],"to":[-2.5,-2.5,0],"ti":[0,0,0]},{"i":{"x":0.667,"y":1},"o":{"x":1,"y":0},"t":100,"s":[245.55,383.84,0],"to":[0,0,0],"ti":[-2.5,-2.5,0]},{"t":198,"s":[260.55,398.84,0]}],"ix":2},"a":{"a":0,"k":[-139.45,98.84,0],"ix":1},"s":{"a":0,"k":[100,100,100],"ix":6}},"ao":0,"shapes":[{"ty":"gr","it":[{"ind":0,"ty":"sh","ix":1,"ks":{"a":0,"k":{"i":[[0,0],[0,0],[0,0],[0,0],[0,0],[0,0],[0,0],[0,0],[0,0],[0,0],[0,0],[0,0],[0,0],[0,0],[0,0],[0,0],[0,0],[0,0],[0,0],[0,0],[0,0],[0,0],[0,0],[0,0],[0,0]],"o":[[0,0],[0,0],[0,0],[0,0],[0,0],[0,0],[0,0],[0,0],[0,0],[0,0],[0,0],[0,0],[0,0],[0,0],[0,0],[0,0],[0,0],[0,0],[0,0],[0,0],[0,0],[0,0],[0,0],[0,0],[0,0]],"v":[[-161.02,77.03],[-177.47,73.64],[-177.22,72.4],[-162.5,75.44],[-183.96,52.79],[-183.07,51.91],[-168.51,67.28],[-167.74,58.31],[-166.51,58.42],[-167.37,68.49],[-157.16,79.26],[-156.11,65.22],[-154.87,65.32],[-156.01,80.48],[-146.73,90.28],[-145.41,80.42],[-144.19,80.59],[-145.63,91.44],[-139.45,97.96],[-140.34,98.84],[-151.23,87.34],[-166.17,87.93],[-166.22,86.67],[-152.38,86.13],[-161.01,77.01]],"c":true},"ix":2},"nm":"Path 1","mn":"ADBE Vector Shape - Group","hd":false},{"ty":"fl","c":{"a":0,"k":[0.698039233685,0.635294139385,0.866666674614,1],"ix":4},"o":{"a":0,"k":100,"ix":5},"r":1,"bm":0,"nm":"Fill 1","mn":"ADBE Vector Graphic - Fill","hd":false},{"ty":"tr","p":{"a":0,"k":[0,0],"ix":2},"a":{"a":0,"k":[0,0],"ix":1},"s":{"a":0,"k":[100,100],"ix":3},"r":{"a":0,"k":0,"ix":6},"o":{"a":0,"k":100,"ix":7},"sk":{"a":0,"k":0,"ix":4},"sa":{"a":0,"k":0,"ix":5},"nm":"Transform"}],"nm":"Group 1","np":2,"cix":2,"bm":0,"ix":1,"mn":"ADBE Vector Group","hd":false},{"ty":"gr","it":[{"ind":0,"ty":"sh","ix":1,"ks":{"a":0,"k":{"i":[[0,0],[-12.05,-12.72],[0,0],[12.05,12.72]],"o":[[0,0],[12.05,12.72],[0,0],[-12.05,-12.72]],"v":[[-183.51,52.35],[-151.79,65.68],[-139.9,98.4],[-171.62,85.07]],"c":true},"ix":2},"nm":"Path 1","mn":"ADBE Vector Shape - Group","hd":false},{"ty":"fl","c":{"a":0,"k":[0.780392169952,0.690196096897,0.96862745285,1],"ix":4},"o":{"a":0,"k":100,"ix":5},"r":1,"bm":0,"nm":"Fill 1","mn":"ADBE Vector Graphic - Fill","hd":false},{"ty":"tr","p":{"a":0,"k":[0,0],"ix":2},"a":{"a":0,"k":[0,0],"ix":1},"s":{"a":0,"k":[100,100],"ix":3},"r":{"a":0,"k":0,"ix":6},"o":{"a":0,"k":100,"ix":7},"sk":{"a":0,"k":0,"ix":4},"sa":{"a":0,"k":0,"ix":5},"nm":"Transform"}],"nm":"Group 2","np":2,"cix":2,"bm":0,"ix":2,"mn":"ADBE Vector Group","hd":false}],"ip":0,"op":600,"st":0,"bm":0},{"ddd":0,"ind":8,"ty":4,"nm":"r left","sr":1,"ks":{"o":{"a":0,"k":100,"ix":11},"r":{"a":1,"k":[{"i":{"x":[0],"y":[1.178]},"o":{"x":[0.333],"y":[0]},"t":5,"s":[-6]},{"i":{"x":[0.667],"y":[1]},"o":{"x":[1],"y":[0.179]},"t":105,"s":[6]},{"t":205,"s":[-6]}],"ix":10},"p":{"a":0,"k":[527.383,406.593,0],"ix":2},"a":{"a":0,"k":[127.383,106.593,0],"ix":1},"s":{"a":0,"k":[100,100,100],"ix":6}},"ao":0,"shapes":[{"ty":"gr","it":[{"ind":0,"ty":"sh","ix":1,"ks":{"a":0,"k":{"i":[[0,0],[0,0],[0,0],[0,0],[0,0],[0,0],[0,0],[0,0],[0,0],[0,0],[0,0],[0,0],[0,0],[0,0],[0,0],[0,0],[0,0],[0,0],[0,0],[0,0],[0,0],[0,0],[0,0],[0,0],[0,0],[0,0],[0,0],[0,0],[0,0],[0,0],[0,0],[0,0],[0,0],[0,0],[0,0],[0,0],[0,0],[0,0],[0,0],[0,0],[0,0],[0,0],[0,0],[0,0],[0,0],[0,0],[0,0],[0,0]],"o":[[0,0],[0,0],[0,0],[0,0],[0,0],[0,0],[0,0],[0,0],[0,0],[0,0],[0,0],[0,0],[0,0],[0,0],[0,0],[0,0],[0,0],[0,0],[0,0],[0,0],[0,0],[0,0],[0,0],[0,0],[0,0],[0,0],[0,0],[0,0],[0,0],[0,0],[0,0],[0,0],[0,0],[0,0],[0,0],[0,0],[0,0],[0,0],[0,0],[0,0],[0,0],[0,0],[0,0],[0,0],[0,0],[0,0],[0,0],[0,0]],"v":[[104.43,63.2],[103.37,63.04],[102.64,73.6],[97.14,61.76],[99.87,48.21],[98.82,47.91],[96.37,60.11],[88.92,44.08],[90.91,27.46],[89.86,27.25],[88.06,42.23],[81.87,28.91],[82.49,29.17],[83.38,12.81],[82.32,12.66],[81.5,27.64],[81.23,27.53],[74.26,12.53],[75.6,-2.8],[74.54,-2.99],[73.35,10.58],[66.01,-5.22],[65.05,-4.84],[72.86,11.96],[64.31,6.7],[63.82,7.6],[73.64,13.64],[79.82,26.95],[71.69,23.6],[71.37,24.58],[80.47,28.33],[86.88,42.13],[77.28,36.66],[76.82,37.58],[87.62,43.73],[95.27,60.19],[86.7,57.03],[86.42,58.03],[95.89,61.52],[102.49,75.73],[102.44,76.5],[94.21,72.12],[93.78,73.05],[103.4,78.18],[103.43,77.74],[116.04,104.88],[117,104.5],[103.57,75.61]],"c":true},"ix":2},"nm":"Path 1","mn":"ADBE Vector Shape - Group","hd":false},{"ty":"fl","c":{"a":0,"k":[0.698039233685,0.635294139385,0.866666674614,1],"ix":4},"o":{"a":0,"k":100,"ix":5},"r":1,"bm":0,"nm":"Fill 1","mn":"ADBE Vector Graphic - Fill","hd":false},{"ty":"tr","p":{"a":0,"k":[0,0],"ix":2},"a":{"a":0,"k":[0,0],"ix":1},"s":{"a":0,"k":[100,100],"ix":3},"r":{"a":0,"k":0,"ix":6},"o":{"a":0,"k":100,"ix":7},"sk":{"a":0,"k":0,"ix":4},"sa":{"a":0,"k":0,"ix":5},"nm":"Transform"}],"nm":"Group 1","np":2,"cix":2,"bm":0,"ix":1,"mn":"ADBE Vector Group","hd":false},{"ty":"gr","it":[{"ind":0,"ty":"sh","ix":1,"ks":{"a":0,"k":{"i":[[0,0],[0.138,-0.557],[0.92,0.57],[-0.34,-0.4]],"o":[[0.31,0.483],[-1,-0.57],[1.3,-0.26],[0,0]],"v":[[112.378,87.611],[112.648,89.241],[109.728,87.551],[112.378,87.611]],"c":true},"ix":2},"nm":"Path 1","mn":"ADBE Vector Shape - Group","hd":false},{"ind":1,"ty":"sh","ix":2,"ks":{"a":0,"k":{"i":[[0,0],[-1.297,-1.611],[-1.55,-1.55],[0.26,3.71],[0.3,3.21],[-0.386,0.182],[-1.04,2.12],[-0.54,2],[0,0],[1.52,4.85],[2.8,6.76],[3.63,5.74],[5.79,1.86],[-3.46,-13.96],[-3.84,-9.46],[-4.08,-8.36],[-4.27,-7.54],[-4.77,-3.89]],"o":[[1.608,1.3],[2.42,3.2],[4.26,4.29],[-0.15,-2.15],[0.221,-0.365],[1.68,-0.38],[0.77,-1.54],[0.264,-11.471],[-3.05,-4.1],[-2.22,-6.94],[-3,-7.33],[-4.85,-7.65],[-8.92,-2.88],[1.83,7.4],[3.29,8.12],[4.08,8.36],[3.56,6.27],[0,0]],"v":[[101.628,89.24],[105.998,93.62],[107.268,104.62],[111.488,101.691],[116.008,92.87],[116.938,92.031],[127.338,96.031],[119.338,86.031],[101.438,47.101],[92.918,33.931],[91.348,11.371],[75.768,-6.039],[63.138,-25.749],[59.028,-3.469],[61.758,23.771],[78.758,46.601],[85.958,73.541],[100.128,88.001]],"c":true},"ix":2},"nm":"Path 2","mn":"ADBE Vector Shape - Group","hd":false},{"ty":"fl","c":{"a":0,"k":[0.780392169952,0.690196096897,0.96862745285,1],"ix":4},"o":{"a":0,"k":100,"ix":5},"r":1,"bm":0,"nm":"Fill 1","mn":"ADBE Vector Graphic - Fill","hd":false},{"ty":"tr","p":{"a":0,"k":[0,0],"ix":2},"a":{"a":0,"k":[0,0],"ix":1},"s":{"a":0,"k":[100,100],"ix":3},"r":{"a":0,"k":0,"ix":6},"o":{"a":0,"k":100,"ix":7},"sk":{"a":0,"k":0,"ix":4},"sa":{"a":0,"k":0,"ix":5},"nm":"Transform"}],"nm":"Group 2","np":3,"cix":2,"bm":0,"ix":2,"mn":"ADBE Vector Group","hd":false}],"ip":0,"op":600,"st":0,"bm":0},{"ddd":0,"ind":9,"ty":4,"nm":"r mid","sr":1,"ks":{"o":{"a":0,"k":100,"ix":11},"r":{"a":1,"k":[{"i":{"x":[0],"y":[1.112]},"o":{"x":[0.333],"y":[0]},"t":13,"s":[-6]},{"i":{"x":[0.667],"y":[1]},"o":{"x":[1],"y":[0.113]},"t":113,"s":[13]},{"t":213,"s":[-6]}],"ix":10},"p":{"a":0,"k":[520.703,402.08,0],"ix":2},"a":{"a":0,"k":[120.703,102.08,0],"ix":1},"s":{"a":0,"k":[100,100,100],"ix":6}},"ao":0,"shapes":[{"ty":"gr","it":[{"ind":0,"ty":"sh","ix":1,"ks":{"a":0,"k":{"i":[[0,0],[0,0],[0,0],[0,0],[0,0],[0,0],[0,0],[0,0],[0,0],[0,0],[0,0],[0,0],[0,0],[0,0],[0,0],[0,0],[0,0],[0,0],[0,0],[0,0],[0,0],[0,0],[0,0],[0,0],[0,0],[0,0],[0,0],[0,0],[0,0],[0,0],[0,0],[0,0],[0,0],[0,0],[0,0],[0,0],[0,0],[0,0],[0,0],[0,0],[0,0],[0,0],[0,0],[0,0],[0,0],[0,0],[0,0],[0,0],[0,0],[0,0],[0,0],[0,0],[0,0]],"o":[[0,0],[0,0],[0,0],[0,0],[0,0],[0,0],[0,0],[0,0],[0,0],[0,0],[0,0],[0,0],[0,0],[0,0],[0,0],[0,0],[0,0],[0,0],[0,0],[0,0],[0,0],[0,0],[0,0],[0,0],[0,0],[0,0],[0,0],[0,0],[0,0],[0,0],[0,0],[0,0],[0,0],[0,0],[0,0],[0,0],[0,0],[0,0],[0,0],[0,0],[0,0],[0,0],[0,0],[0,0],[0,0],[0,0],[0,0],[0,0],[0,0],[0,0],[0,0],[0,0],[0,0]],"v":[[127.59,57.46],[126.59,56.99],[123.59,67.02],[123.71,43.21],[129.16,27.71],[128.15,27.28],[123.73,39.87],[123.84,17.71],[132.59,3.13],[131.66,2.52],[123.85,15.55],[123.97,-8.71],[132.07,-20.92],[131.17,-21.56],[123.98,-10.73],[124.08,-31.31],[129.24,-42.09],[128.28,-42.63],[124.1,-33.84],[124.21,-56.73],[130.97,-70.57],[130.01,-71.1],[124.22,-59.26],[124.33,-80.91],[123.27,-81.01],[123.16,-59.59],[111.7,-76.83],[110.83,-76.29],[123.15,-57.76],[123.02,-32.59],[111.6,-44.57],[110.87,-43.87],[123.02,-31.13],[122.91,-10],[111.86,-19.67],[111.2,-18.89],[122.9,-8.66],[122.78,15.87],[111.39,2.73],[110.62,3.39],[122.77,17.42],[122.65,42.94],[122.56,43.18],[111.49,26.71],[110.63,27.25],[122.63,45.11],[122.51,69.67],[113.37,51.28],[112.42,51.69],[122.5,71.95],[122.35,101.98],[123.41,102.08],[123.57,70.07]],"c":true},"ix":2},"nm":"Path 1","mn":"ADBE Vector Shape - Group","hd":false},{"ty":"fl","c":{"a":0,"k":[0.698039233685,0.635294139385,0.866666674614,1],"ix":4},"o":{"a":0,"k":100,"ix":5},"r":1,"bm":0,"nm":"Fill 1","mn":"ADBE Vector Graphic - Fill","hd":false},{"ty":"tr","p":{"a":0,"k":[0,0],"ix":2},"a":{"a":0,"k":[0,0],"ix":1},"s":{"a":0,"k":[100,100],"ix":3},"r":{"a":0,"k":0,"ix":6},"o":{"a":0,"k":100,"ix":7},"sk":{"a":0,"k":0,"ix":4},"sa":{"a":0,"k":0,"ix":5},"nm":"Transform"}],"nm":"Group 1","np":2,"cix":2,"bm":0,"ix":1,"mn":"ADBE Vector Group","hd":false},{"ty":"gr","it":[{"ind":0,"ty":"sh","ix":1,"ks":{"a":0,"k":{"i":[[0,0],[-0.3,5.29],[-0.25,8.53],[-0.05,8],[0.14,7.8],[0.4,7.57],[0.73,7.27],[1.44,6.56],[5.03,-0.23],[2.17,-12.66],[0.6,-9.33],[0.17,-8.77],[-0.06,-8.49],[-0.21,-8.29],[-0.32,-7.95],[-2.44,-3.83],[-11.778,-6.222]],"o":[[-1.89,-4.3],[0.39,-6.72],[0.19,-7.26],[0,-7.61],[-0.14,-7.8],[-0.41,-8.15],[-0.88,-8.75],[-2.66,-12.09],[-4.74,0.22],[-1.19,7],[-0.5,7.82],[-0.16,8.19],[0.06,8.49],[0.23,8.76],[0.17,4.06],[0,0],[11.778,6.222]],"v":[[133.007,68.494],[129.757,53.764],[141.357,32.074],[131.117,7.814],[141.617,-14.516],[130.217,-38.346],[139.127,-61.486],[125.187,-83.946],[118.277,-109.346],[114.107,-81.776],[100.907,-59.166],[110.557,-32.736],[99.787,-8.606],[110.847,17.394],[101.047,42.004],[105.837,53.894],[114.806,95.407]],"c":true},"ix":2},"nm":"Path 1","mn":"ADBE Vector Shape - Group","hd":false},{"ty":"fl","c":{"a":0,"k":[0.780392169952,0.690196096897,0.96862745285,1],"ix":4},"o":{"a":0,"k":100,"ix":5},"r":1,"bm":0,"nm":"Fill 1","mn":"ADBE Vector Graphic - Fill","hd":false},{"ty":"tr","p":{"a":0,"k":[0,0],"ix":2},"a":{"a":0,"k":[0,0],"ix":1},"s":{"a":0,"k":[100,100],"ix":3},"r":{"a":0,"k":0,"ix":6},"o":{"a":0,"k":100,"ix":7},"sk":{"a":0,"k":0,"ix":4},"sa":{"a":0,"k":0,"ix":5},"nm":"Transform"}],"nm":"Group 2","np":2,"cix":2,"bm":0,"ix":2,"mn":"ADBE Vector Group","hd":false}],"ip":0,"op":600,"st":0,"bm":0},{"ddd":0,"ind":10,"ty":4,"nm":"r right","sr":1,"ks":{"o":{"a":0,"k":100,"ix":11},"r":{"a":1,"k":[{"i":{"x":[0],"y":[1.178]},"o":{"x":[0.333],"y":[0]},"t":0,"s":[-6]},{"i":{"x":[0.667],"y":[1]},"o":{"x":[1],"y":[0.179]},"t":100,"s":[6]},{"t":200,"s":[-6]}],"ix":10},"p":{"a":0,"k":[531.4,394.148,0],"ix":2},"a":{"a":0,"k":[131.4,94.148,0],"ix":1},"s":{"a":0,"k":[100,100,100],"ix":6}},"ao":0,"shapes":[{"ty":"gr","it":[{"ind":0,"ty":"sh","ix":1,"ks":{"a":0,"k":{"i":[[0,0],[0,0],[0,0],[0,0],[0,0],[0,0],[0,0],[0,0],[0,0],[0,0],[0,0],[0,0],[0,0],[0,0],[0,0],[0,0],[0,0],[0,0],[0,0],[0,0],[0,0],[0,0],[0,0],[0,0],[0,0],[0,0],[0,0],[0,0],[0,0],[0,0],[0,0],[0,0],[0,0],[0,0],[0,0],[0,0],[0,0],[0,0],[0,0],[0,0],[0,0],[0,0],[0,0],[0,0],[0,0],[0,0]],"o":[[0,0],[0,0],[0,0],[0,0],[0,0],[0,0],[0,0],[0,0],[0,0],[0,0],[0,0],[0,0],[0,0],[0,0],[0,0],[0,0],[0,0],[0,0],[0,0],[0,0],[0,0],[0,0],[0,0],[0,0],[0,0],[0,0],[0,0],[0,0],[0,0],[0,0],[0,0],[0,0],[0,0],[0,0],[0,0],[0,0],[0,0],[0,0],[0,0],[0,0],[0,0],[0,0],[0,0],[0,0],[0,0],[0,0]],"v":[[184.46,3.7],[183.98,2.71],[172.95,7.27],[178.5,-4.14],[190.91,-11.14],[190.33,-12.08],[179.35,-5.89],[188.56,-24.82],[187.6,-25.35],[179.41,-8.54],[181.49,-27.27],[180.43,-27.49],[178.01,-5.66],[172.08,6.53],[172.77,-12.78],[171.71,-12.91],[170.93,8.9],[164.19,22.75],[162.28,9.07],[161.23,9.12],[163.37,24.44],[155.66,40.29],[155,23.65],[153.94,23.6],[154.68,42.31],[146.08,59.98],[145.17,53.2],[144.11,53.22],[145.21,61.76],[131.4,90.15],[132.37,90.69],[145.44,63.82],[145.49,64.31],[157.82,59.35],[157.35,58.35],[146.38,62.76],[146.31,62.04],[155.52,43.1],[167.3,39.46],[166.91,38.44],[156.17,41.75],[164.49,24.65],[177.97,18.95],[177.48,17.96],[165.23,23.15],[172.22,8.76]],"c":true},"ix":2},"nm":"Path 1","mn":"ADBE Vector Shape - Group","hd":false},{"ty":"fl","c":{"a":0,"k":[0.698039233685,0.635294139385,0.866666674614,1],"ix":4},"o":{"a":0,"k":100,"ix":5},"r":1,"bm":0,"nm":"Fill 1","mn":"ADBE Vector Graphic - Fill","hd":false},{"ty":"tr","p":{"a":0,"k":[0,0],"ix":2},"a":{"a":0,"k":[0,0],"ix":1},"s":{"a":0,"k":[100,100],"ix":3},"r":{"a":0,"k":0,"ix":6},"o":{"a":0,"k":100,"ix":7},"sk":{"a":0,"k":0,"ix":4},"sa":{"a":0,"k":0,"ix":5},"nm":"Transform"}],"nm":"Group 1","np":2,"cix":2,"bm":0,"ix":1,"mn":"ADBE Vector Group","hd":false},{"ty":"gr","it":[{"ind":0,"ty":"sh","ix":1,"ks":{"a":0,"k":{"i":[[0,0],[-2.63,0.97],[-9.84,15.56],[-5.74,11.16],[-3.7,10.47],[5.17,6.24],[8.85,-15.95],[4.69,-10.98],[3.65,-9.75],[4.28,-7.45]],"o":[[0.91,1.18],[3.5,-1.3],[5.93,-9.38],[5.74,-11.16],[5.71,-16.19],[-5.65,-6.79],[-4.85,8.74],[-4.56,10.69],[-5.39,14.38],[-1.633,4.087]],"v":[[133.023,88.579],[137.023,94.029],[155.083,60.919],[178.663,33.029],[187.523,-3.221],[195.503,-39.901],[172.993,-17.561],[152.713,9.609],[146.153,43.859],[132.053,65.569]],"c":true},"ix":2},"nm":"Path 1","mn":"ADBE Vector Shape - Group","hd":false},{"ty":"fl","c":{"a":0,"k":[0.780392169952,0.690196096897,0.96862745285,1],"ix":4},"o":{"a":0,"k":100,"ix":5},"r":1,"bm":0,"nm":"Fill 1","mn":"ADBE Vector Graphic - Fill","hd":false},{"ty":"tr","p":{"a":0,"k":[0,0],"ix":2},"a":{"a":0,"k":[0,0],"ix":1},"s":{"a":0,"k":[100,100],"ix":3},"r":{"a":0,"k":0,"ix":6},"o":{"a":0,"k":100,"ix":7},"sk":{"a":0,"k":0,"ix":4},"sa":{"a":0,"k":0,"ix":5},"nm":"Transform"}],"nm":"Group 2","np":2,"cix":2,"bm":0,"ix":2,"mn":"ADBE Vector Group","hd":false}],"ip":0,"op":600,"st":0,"bm":0}],"markers":[]}