{"v":"5.5.7","meta":{"g":"LottieFiles AE 0.1.20","a":"","k":"","d":"","tc":""},"fr":30,"ip":0,"op":180,"w":250,"h":250,"nm":"money_50000","ddd":0,"assets":[],"layers":[{"ddd":0,"ind":1,"ty":4,"nm":"1","sr":1,"ks":{"o":{"a":0,"k":100,"ix":11},"r":{"a":1,"k":[{"i":{"x":[0.667],"y":[1]},"o":{"x":[0.333],"y":[0]},"t":0,"s":[40]},{"i":{"x":[0.833],"y":[1]},"o":{"x":[0.167],"y":[0]},"t":90,"s":[0]},{"t":180,"s":[40]}],"ix":10},"p":{"a":1,"k":[{"i":{"x":0.667,"y":1},"o":{"x":0.672,"y":0},"t":0,"s":[105.5,57.5,0],"to":[-2,-3.833,0],"ti":[0,0,0]},{"i":{"x":0.667,"y":1},"o":{"x":0.693,"y":0},"t":90,"s":[93.5,34.5,0],"to":[0,0,0],"ti":[-2,-3.833,0]},{"t":180,"s":[105.5,57.5,0]}],"ix":2},"a":{"a":0,"k":[93.5,34.5,0],"ix":1},"s":{"a":1,"k":[{"i":{"x":[0.833,0.833,0.833],"y":[0.833,0.833,0.833]},"o":{"x":[0.167,0.167,0.167],"y":[0.167,0.167,0.167]},"t":0,"s":[80,80,100]},{"i":{"x":[0.833,0.833,0.833],"y":[0.833,0.833,0.833]},"o":{"x":[0.167,0.167,0.167],"y":[0.167,0.167,0.167]},"t":90,"s":[100,100,100]},{"t":180,"s":[80,80,100]}],"ix":6}},"ao":0,"shapes":[{"ty":"gr","it":[{"ind":0,"ty":"sh","ix":1,"ks":{"a":0,"k":{"i":[[2.161,-1.814],[-3.25,-3.873],[-2.163,1.814],[3.249,3.873]],"o":[[-2.162,1.814],[3.25,3.873],[2.162,-1.814],[-3.25,-3.873]],"v":[[-5.885,-7.013],[-3.915,3.284],[5.885,7.013],[3.915,-3.285]],"c":true},"ix":2},"nm":"Path 1","mn":"ADBE Vector Shape - Group","hd":false},{"ty":"mm","mm":4,"nm":"Merge Paths 1","mn":"ADBE Vector Filter - Merge","hd":false},{"ty":"fl","c":{"a":0,"k":[0.769000004787,0.769000004787,0.769000004787,1],"ix":4},"o":{"a":0,"k":100,"ix":5},"r":1,"bm":0,"nm":"Fill 1","mn":"ADBE Vector Graphic - Fill","hd":false},{"ty":"tr","p":{"a":0,"k":[93.22,33.775],"ix":2},"a":{"a":0,"k":[0,0],"ix":1},"s":{"a":0,"k":[79,136],"ix":3},"r":{"a":0,"k":0,"ix":6},"o":{"a":0,"k":100,"ix":7},"sk":{"a":0,"k":0,"ix":4},"sa":{"a":0,"k":0,"ix":5},"nm":"Transform"}],"nm":"Group 1","np":3,"cix":2,"bm":0,"ix":1,"mn":"ADBE Vector Group","hd":false}],"ip":0,"op":185,"st":0,"bm":0},{"ddd":0,"ind":2,"ty":4,"nm":"2-1","sr":1,"ks":{"o":{"a":0,"k":100,"ix":11},"r":{"a":1,"k":[{"i":{"x":[0.667],"y":[1]},"o":{"x":[0.333],"y":[0]},"t":0,"s":[15]},{"i":{"x":[0.667],"y":[1]},"o":{"x":[0.333],"y":[0]},"t":90,"s":[0]},{"t":180,"s":[15]}],"ix":10},"p":{"a":1,"k":[{"i":{"x":0.667,"y":1},"o":{"x":0.333,"y":0},"t":0,"s":[92,160,0],"to":[3.833,-6.458,0],"ti":[0,0,0]},{"i":{"x":0.667,"y":1},"o":{"x":0.333,"y":0},"t":90,"s":[115,121.25,0],"to":[0,0,0],"ti":[3.833,-6.458,0]},{"t":180,"s":[92,160,0]}],"ix":2},"a":{"a":0,"k":[125,125,0],"ix":1},"s":{"a":0,"k":[100,100,100],"ix":6}},"ao":0,"shapes":[{"ty":"gr","it":[{"ind":0,"ty":"sh","ix":1,"ks":{"a":0,"k":{"i":[[0.696,-3.951],[-4.98,-0.878],[-0.696,3.951],[4.98,0.878]],"o":[[-0.696,3.951],[4.979,0.878],[0.698,-3.95],[-4.978,-0.878]],"v":[[-9.016,-1.59],[-1.262,7.154],[9.014,1.589],[1.26,-7.154]],"c":true},"ix":2},"nm":"Path 1","mn":"ADBE Vector Shape - Group","hd":false},{"ty":"fl","c":{"a":0,"k":[0.877999997606,0.877999997606,0.877999997606,1],"ix":4},"o":{"a":0,"k":100,"ix":5},"r":1,"bm":0,"nm":"Fill 1","mn":"ADBE Vector Graphic - Fill","hd":false},{"ty":"tr","p":{"a":0,"k":[85.093,62.016],"ix":2},"a":{"a":0,"k":[0,0],"ix":1},"s":{"a":0,"k":[100,100],"ix":3},"r":{"a":0,"k":0,"ix":6},"o":{"a":0,"k":100,"ix":7},"sk":{"a":0,"k":0,"ix":4},"sa":{"a":0,"k":0,"ix":5},"nm":"Transform"}],"nm":"Group 1","np":2,"cix":2,"bm":0,"ix":1,"mn":"ADBE Vector Group","hd":false}],"ip":0,"op":185,"st":0,"bm":0},{"ddd":0,"ind":3,"ty":4,"nm":"2_shadow_mask","parent":5,"td":1,"sr":1,"ks":{"o":{"a":0,"k":100,"ix":11},"r":{"a":0,"k":0,"ix":10},"p":{"a":0,"k":[125,125,0],"ix":2},"a":{"a":0,"k":[125,125,0],"ix":1},"s":{"a":0,"k":[100,100,100],"ix":6}},"ao":0,"shapes":[{"ty":"gr","it":[{"ind":0,"ty":"sh","ix":1,"ks":{"a":0,"k":{"i":[[-0.696,-3.951],[-4.978,0.878],[0.698,3.95],[4.979,-0.878]],"o":[[0.696,3.951],[4.98,-0.878],[-0.696,-3.951],[-4.98,0.878]],"v":[[-9.016,1.589],[1.26,7.154],[9.014,-1.589],[-1.262,-7.154]],"c":true},"ix":2},"nm":"Path 1","mn":"ADBE Vector Shape - Group","hd":false},{"ty":"fl","c":{"a":0,"k":[0.666999966491,0.666999966491,0.666999966491,1],"ix":4},"o":{"a":0,"k":100,"ix":5},"r":1,"bm":0,"nm":"Fill 1","mn":"ADBE Vector Graphic - Fill","hd":false},{"ty":"tr","p":{"a":0,"k":[76.599,71.778],"ix":2},"a":{"a":0,"k":[0,0],"ix":1},"s":{"a":0,"k":[100,100],"ix":3},"r":{"a":0,"k":0,"ix":6},"o":{"a":0,"k":100,"ix":7},"sk":{"a":0,"k":0,"ix":4},"sa":{"a":0,"k":0,"ix":5},"nm":"Transform"}],"nm":"Group 3","np":2,"cix":2,"bm":0,"ix":1,"mn":"ADBE Vector Group","hd":false}],"ip":0,"op":185,"st":0,"bm":0},{"ddd":0,"ind":4,"ty":4,"nm":"2_shadow","parent":2,"tt":1,"sr":1,"ks":{"o":{"a":0,"k":100,"ix":11},"r":{"a":0,"k":0,"ix":10},"p":{"a":0,"k":[125,125,0],"ix":2},"a":{"a":0,"k":[125,125,0],"ix":1},"s":{"a":0,"k":[100,100,100],"ix":6}},"ao":0,"shapes":[{"ty":"gr","it":[{"ind":0,"ty":"sh","ix":1,"ks":{"a":0,"k":{"i":[[0.933,-5.288],[-4.978,-0.878],[-0.932,5.289],[4.98,0.878]],"o":[[-0.933,5.289],[4.98,0.877],[0.933,-5.288],[-4.978,-0.878]],"v":[[-5.167,-6.764],[2.16,4.402],[12.864,-3.585],[5.537,-14.75]],"c":true},"ix":2},"nm":"Path 1","mn":"ADBE Vector Shape - Group","hd":false},{"ty":"fl","c":{"a":0,"k":[0,0.039000002543,0.226999993418,1],"ix":4},"o":{"a":0,"k":100,"ix":5},"r":1,"bm":0,"nm":"Fill 1","mn":"ADBE Vector Graphic - Fill","hd":false},{"ty":"tr","p":{"a":0,"k":[80.211,69.727],"ix":2},"a":{"a":0,"k":[0,0],"ix":1},"s":{"a":0,"k":[100,100],"ix":3},"r":{"a":0,"k":0,"ix":6},"o":{"a":0,"k":100,"ix":7},"sk":{"a":0,"k":0,"ix":4},"sa":{"a":0,"k":0,"ix":5},"nm":"Transform"}],"nm":"Group 2","np":2,"cix":2,"bm":0,"ix":1,"mn":"ADBE Vector Group","hd":false}],"ip":0,"op":185,"st":0,"bm":0},{"ddd":0,"ind":5,"ty":4,"nm":"2-2","sr":1,"ks":{"o":{"a":0,"k":100,"ix":11},"r":{"a":1,"k":[{"i":{"x":[0.667],"y":[1]},"o":{"x":[0.333],"y":[0]},"t":0,"s":[-16]},{"i":{"x":[0.667],"y":[1]},"o":{"x":[0.333],"y":[0]},"t":90,"s":[0]},{"t":180,"s":[-16]}],"ix":10},"p":{"a":1,"k":[{"i":{"x":0.667,"y":1},"o":{"x":0.333,"y":0},"t":0,"s":[140,136,0],"to":[-4.25,-2.25,0],"ti":[0,0,0]},{"i":{"x":0.667,"y":1},"o":{"x":0.333,"y":0},"t":90,"s":[114.5,122.5,0],"to":[0,0,0],"ti":[-4.25,-2.25,0]},{"t":180,"s":[140,136,0]}],"ix":2},"a":{"a":0,"k":[125,125,0],"ix":1},"s":{"a":0,"k":[100,100,100],"ix":6}},"ao":0,"shapes":[{"ty":"gr","it":[{"ind":0,"ty":"sh","ix":1,"ks":{"a":0,"k":{"i":[[-0.696,-3.951],[-4.978,0.878],[0.698,3.95],[4.979,-0.878]],"o":[[0.696,3.951],[4.98,-0.878],[-0.696,-3.951],[-4.98,0.878]],"v":[[-9.016,1.589],[1.26,7.154],[9.014,-1.589],[-1.262,-7.154]],"c":true},"ix":2},"nm":"Path 1","mn":"ADBE Vector Shape - Group","hd":false},{"ty":"fl","c":{"a":0,"k":[0.666999966491,0.666999966491,0.666999966491,1],"ix":4},"o":{"a":0,"k":100,"ix":5},"r":1,"bm":0,"nm":"Fill 1","mn":"ADBE Vector Graphic - Fill","hd":false},{"ty":"tr","p":{"a":0,"k":[76.599,71.778],"ix":2},"a":{"a":0,"k":[0,0],"ix":1},"s":{"a":0,"k":[100,100],"ix":3},"r":{"a":0,"k":0,"ix":6},"o":{"a":0,"k":100,"ix":7},"sk":{"a":0,"k":0,"ix":4},"sa":{"a":0,"k":0,"ix":5},"nm":"Transform"}],"nm":"Group 3","np":2,"cix":2,"bm":0,"ix":1,"mn":"ADBE Vector Group","hd":false}],"ip":0,"op":185,"st":0,"bm":0},{"ddd":0,"ind":6,"ty":4,"nm":"3","parent":8,"sr":1,"ks":{"o":{"a":0,"k":100,"ix":11},"r":{"a":1,"k":[{"i":{"x":[0.408],"y":[0.992]},"o":{"x":[0.442],"y":[-0.445]},"t":0,"s":[178]},{"i":{"x":[0.429],"y":[1.133]},"o":{"x":[0.447],"y":[-0.068]},"t":90,"s":[159]},{"t":180,"s":[178]}],"ix":10},"p":{"a":1,"k":[{"i":{"x":0.667,"y":1},"o":{"x":0.333,"y":0},"t":0,"s":[107.83,97.305,0],"to":[0,0,0],"ti":[0,0,0]},{"i":{"x":0.667,"y":1},"o":{"x":0.333,"y":0},"t":90,"s":[106.333,88.815,0],"to":[0,0,0],"ti":[0,0,0]},{"t":180,"s":[107.83,97.305,0]}],"ix":2},"a":{"a":0,"k":[109.45,97.279,0],"ix":1},"s":{"a":0,"k":[100,100,100],"ix":6}},"ao":0,"shapes":[{"ty":"gr","it":[{"ind":0,"ty":"sh","ix":1,"ks":{"a":0,"k":{"i":[[-1.754,2.725],[-4.119,-2.651],[1.754,-2.725],[4.118,2.65]],"o":[[1.754,-2.725],[4.118,2.65],[-1.754,2.725],[-4.118,-2.651]],"v":[[-7.456,-4.799],[3.176,-4.934],[7.456,4.799],[-3.176,4.935]],"c":true},"ix":2},"nm":"Path 1","mn":"ADBE Vector Shape - Group","hd":false},{"ty":"mm","mm":4,"nm":"Merge Paths 1","mn":"ADBE Vector Filter - Merge","hd":false},{"ty":"fl","c":{"a":0,"k":[0.877999997606,0.877999997606,0.877999997606,1],"ix":4},"o":{"a":0,"k":100,"ix":5},"r":1,"bm":0,"nm":"Fill 1","mn":"ADBE Vector Graphic - Fill","hd":false},{"ty":"tr","p":{"a":0,"k":[108.947,97.595],"ix":2},"a":{"a":0,"k":[0,0],"ix":1},"s":{"a":0,"k":[100,100],"ix":3},"r":{"a":0,"k":0,"ix":6},"o":{"a":0,"k":100,"ix":7},"sk":{"a":0,"k":0,"ix":4},"sa":{"a":0,"k":0,"ix":5},"nm":"Transform"}],"nm":"Group 1","np":3,"cix":2,"bm":0,"ix":1,"mn":"ADBE Vector Group","hd":false}],"ip":0,"op":185,"st":0,"bm":0},{"ddd":0,"ind":7,"ty":4,"nm":"3_shadow","parent":8,"sr":1,"ks":{"o":{"a":1,"k":[{"i":{"x":[0.445],"y":[1]},"o":{"x":[0.17],"y":[0]},"t":0,"s":[100]},{"i":{"x":[0.82],"y":[1]},"o":{"x":[0.611],"y":[0]},"t":90,"s":[50]},{"i":{"x":[0.82],"y":[1]},"o":{"x":[0.333],"y":[0]},"t":180,"s":[100]},{"t":270,"s":[100]}],"ix":11},"r":{"a":1,"k":[{"i":{"x":[0.667],"y":[1]},"o":{"x":[0.333],"y":[0]},"t":0,"s":[-6]},{"i":{"x":[0.667],"y":[1]},"o":{"x":[0.333],"y":[0]},"t":90,"s":[2]},{"t":180,"s":[-6]}],"ix":10},"p":{"a":1,"k":[{"i":{"x":0.667,"y":0.667},"o":{"x":0.333,"y":0.333},"t":0,"s":[105.745,100.492,0],"to":[0,0,0],"ti":[0,0,0]},{"i":{"x":0.667,"y":0.667},"o":{"x":0.333,"y":0.333},"t":90,"s":[105.745,100.492,0],"to":[0,0,0],"ti":[0,0,0]},{"t":180,"s":[105.745,100.492,0]}],"ix":2},"a":{"a":0,"k":[105.539,101.015,0],"ix":1},"s":{"a":1,"k":[{"i":{"x":[0.546,0.546,0.667],"y":[0.941,0.941,1]},"o":{"x":[0.442,0.442,0.333],"y":[-0.47,-0.47,0]},"t":0,"s":[100,100,100]},{"i":{"x":[0.429,0.429,0.667],"y":[1.14,1.14,1]},"o":{"x":[0.447,0.447,0.333],"y":[-0.071,-0.071,0]},"t":90,"s":[82,82,100]},{"t":180,"s":[100,100,100]}],"ix":6}},"ao":0,"shapes":[{"ty":"gr","it":[{"ind":0,"ty":"sh","ix":1,"ks":{"a":0,"k":{"i":[[0,0],[-0.432,-0.075],[0.442,-2.535],[4.824,0.84],[0.605,2.158]],"o":[[0.42,0.041],[4.824,0.84],[-0.441,2.534],[-4.089,-0.713],[0,0]],"v":[[-0.643,-4.799],[0.748,-4.626],[8.684,1.485],[-0.851,4.553],[-8.721,-0.391]],"c":false},"ix":2},"nm":"Path 1","mn":"ADBE Vector Shape - Group","hd":false},{"ty":"mm","mm":4,"nm":"Merge Paths 1","mn":"ADBE Vector Filter - Merge","hd":false},{"ty":"fl","c":{"a":0,"k":[0.337000020345,0.337000020345,0.337000020345,1],"ix":4},"o":{"a":0,"k":100,"ix":5},"r":1,"bm":0,"nm":"Fill 1","mn":"ADBE Vector Graphic - Fill","hd":false},{"ty":"tr","p":{"a":0,"k":[106.445,100.419],"ix":2},"a":{"a":0,"k":[0,0],"ix":1},"s":{"a":0,"k":[100,100],"ix":3},"r":{"a":0,"k":0,"ix":6},"o":{"a":0,"k":100,"ix":7},"sk":{"a":0,"k":0,"ix":4},"sa":{"a":0,"k":0,"ix":5},"nm":"Transform"}],"nm":"Group 1","np":3,"cix":2,"bm":0,"ix":1,"mn":"ADBE Vector Group","hd":false}],"ip":0,"op":185,"st":0,"bm":0},{"ddd":0,"ind":8,"ty":4,"nm":"bill","sr":1,"ks":{"o":{"a":0,"k":100,"ix":11},"r":{"a":1,"k":[{"i":{"x":[0.667],"y":[1]},"o":{"x":[0.474],"y":[-0.835]},"t":0,"s":[-10]},{"i":{"x":[0.667],"y":[1]},"o":{"x":[0.333],"y":[0]},"t":90,"s":[4]},{"t":180,"s":[-10]}],"ix":10},"p":{"a":1,"k":[{"i":{"x":0.433,"y":1},"o":{"x":0.581,"y":0},"t":0,"s":[147,131.5,0],"to":[-3.708,40.875,0],"ti":[-0.164,-0.253,0]},{"i":{"x":0.667,"y":1},"o":{"x":0.568,"y":0},"t":90,"s":[110,122,0],"to":[36.178,55.918,0],"ti":[0.352,-5.756,0]},{"t":180,"s":[147,131.5,0]}],"ix":2},"a":{"a":0,"k":[125,125,0],"ix":1},"s":{"a":0,"k":[100,100,100],"ix":6}},"ao":0,"shapes":[{"ty":"gr","it":[{"ind":0,"ty":"sh","ix":1,"ks":{"a":0,"k":{"i":[[0.347,-0.19],[1.399,-0.955],[1.142,-1.024],[-2.275,-1.724],[-1.35,-1.023],[-3.024,-0.438],[-1.173,-0.019],[-1.592,0.874],[-0.128,0.088],[0.163,2.815],[0.006,0.092],[2.106,1.597],[1.349,1.023],[2.806,-1.451]],"o":[[-1.219,0.669],[-1.804,1.23],[-2.16,1.941],[1.349,1.023],[1.847,1.4],[1.192,0.173],[2.83,0.045],[0.146,-0.08],[1.864,-1.258],[-0.005,-0.091],[-0.213,-2.562],[-1.349,-1.022],[-2.28,-1.729],[-0.325,0.169]],"v":[[-3.472,-8.185],[-7.428,-5.758],[-11.818,-2.338],[-11.642,4.007],[-7.595,7.074],[0.177,9.841],[3.753,10.13],[10.785,8.895],[11.197,8.641],[13.815,1.84],[13.797,1.566],[10.369,-5.191],[6.328,-8.253],[-2.463,-8.723]],"c":true},"ix":2},"nm":"Path 1","mn":"ADBE Vector Shape - Group","hd":false},{"ty":"mm","mm":4,"nm":"Merge Paths 1","mn":"ADBE Vector Filter - Merge","hd":false},{"ty":"fl","c":{"a":0,"k":[1,0.827000038297,0.442999985639,1],"ix":4},"o":{"a":0,"k":100,"ix":5},"r":1,"bm":0,"nm":"Fill 1","mn":"ADBE Vector Graphic - Fill","hd":false},{"ty":"tr","p":{"a":0,"k":[167.455,97.597],"ix":2},"a":{"a":0,"k":[0,0],"ix":1},"s":{"a":0,"k":[100,100],"ix":3},"r":{"a":0,"k":0,"ix":6},"o":{"a":0,"k":100,"ix":7},"sk":{"a":0,"k":0,"ix":4},"sa":{"a":0,"k":0,"ix":5},"nm":"Transform"}],"nm":"Group 1","np":3,"cix":2,"bm":0,"ix":1,"mn":"ADBE Vector Group","hd":false},{"ty":"gr","it":[{"ind":0,"ty":"sh","ix":1,"ks":{"a":0,"k":{"i":[[3.303,-1.814],[0.26,-0.178],[-2.508,-2.501],[0.129,-0.265],[-0.625,-1.091],[-0.359,-1.253],[-1.339,-0.706],[-1.229,-0.931],[-1.713,-0.135],[-1.767,-0.36],[-1.609,0.487],[-0.102,-0.032],[-1.605,0.24],[1.847,1.401],[1.349,1.023],[-2.16,1.941],[-1.804,1.229],[-1.219,0.669],[-0.325,0.169],[-2.281,-1.729],[-1.349,-1.023],[-0.212,-2.563],[-0.267,0.643],[0.547,1.063],[0.043,0.073],[0.411,1.284],[1.322,0.693],[1.223,0.927],[1.637,0.088],[1.702,0.328],[1.533,-0.536],[1.748,-0.355],[0.342,-0.113]],"o":[[-0.278,0.153],[-3.335,2.295],[-0.17,0.243],[-0.584,1.247],[-0.826,1.082],[0.352,1.248],[0.037,1.191],[1.222,0.935],[0.895,0.988],[1.767,0.367],[0.1,0.034],[1.379,0.423],[-3.024,-0.438],[-1.35,-1.022],[-2.275,-1.725],[1.142,-1.023],[1.399,-0.955],[0.347,-0.191],[2.806,-1.452],[1.349,1.022],[2.106,1.596],[0.522,-0.514],[0.485,-1.202],[-0.038,-0.074],[0.75,-1.129],[-0.424,-1.284],[-0.112,-1.239],[-1.229,-0.932],[-0.918,-1.005],[-1.717,-0.32],[-1.479,-0.503],[-0.375,0.079],[-3.08,-1.782]],"v":[[-15.389,-12.682],[-16.199,-12.186],[-17.589,-3.831],[-18.047,-3.071],[-17.924,0.538],[-18.714,4.126],[-16.038,7.116],[-14.159,10.402],[-9.59,12.004],[-5.521,14.126],[-0.312,13.887],[-0.01,13.986],[4.555,14.298],[-3.217,11.53],[-7.264,8.463],[-7.441,2.118],[-3.051,-1.302],[0.906,-3.729],[1.915,-4.268],[10.705,-3.798],[14.746,-0.735],[18.173,6.023],[19.372,4.28],[19.225,0.799],[19.104,0.579],[19.686,-3.149],[16.938,-6.175],[14.943,-9.54],[10.49,-11.063],[6.488,-13.153],[1.492,-12.771],[-3.486,-13.048],[-4.562,-12.756]],"c":true},"ix":2},"nm":"Path 1","mn":"ADBE Vector Shape - Group","hd":false},{"ty":"mm","mm":4,"nm":"Merge Paths 1","mn":"ADBE Vector Filter - Merge","hd":false},{"ty":"fl","c":{"a":0,"k":[0.948999980852,0.626999978458,0.165000002992,1],"ix":4},"o":{"a":0,"k":100,"ix":5},"r":1,"bm":0,"nm":"Fill 1","mn":"ADBE Vector Graphic - Fill","hd":false},{"ty":"tr","p":{"a":0,"k":[163.078,93.141],"ix":2},"a":{"a":0,"k":[0,0],"ix":1},"s":{"a":0,"k":[100,100],"ix":3},"r":{"a":0,"k":0,"ix":6},"o":{"a":0,"k":100,"ix":7},"sk":{"a":0,"k":0,"ix":4},"sa":{"a":0,"k":0,"ix":5},"nm":"Transform"}],"nm":"Group 2","np":3,"cix":2,"bm":0,"ix":2,"mn":"ADBE Vector Group","hd":false},{"ty":"gr","it":[{"ind":0,"ty":"sh","ix":1,"ks":{"a":0,"k":{"i":[[0.031,-0.017],[-3.803,-2.882],[-3.714,1.988],[-0.026,0.014],[3.797,2.879],[3.695,-1.985]],"o":[[-3.599,1.977],[3.837,2.899],[0.027,-0.014],[3.636,-1.997],[-3.83,-2.903],[-0.033,0.017]],"v":[[-6.298,-4.645],[-6.046,3.16],[6.183,4.693],[6.261,4.651],[5.888,-3.26],[-6.203,-4.696]],"c":true},"ix":2},"nm":"Path 1","mn":"ADBE Vector Shape - Group","hd":false},{"ind":1,"ty":"sh","ix":2,"ks":{"a":0,"k":{"i":[[1.775,-0.974],[0.011,-0.006],[2.715,2.058],[-1.747,0.959],[-0.01,0.006],[-2.697,-2.045]],"o":[[-0.009,0.006],[-1.803,0.967],[-2.682,-2.034],[0.01,-0.006],[1.809,-0.963],[2.706,2.051]],"v":[[4.224,3.168],[4.194,3.185],[-2.899,1.514],[-4.25,-3.176],[-4.22,-3.193],[2.814,-1.557]],"c":true},"ix":2},"nm":"Path 2","mn":"ADBE Vector Shape - Group","hd":false},{"ty":"mm","mm":1,"nm":"Merge Paths 1","mn":"ADBE Vector Filter - Merge","hd":false},{"ty":"mm","mm":4,"nm":"Merge Paths 2","mn":"ADBE Vector Filter - Merge","hd":false},{"ty":"fl","c":{"a":0,"k":[0.808000033509,0.501999978458,0.067000003889,1],"ix":4},"o":{"a":0,"k":100,"ix":5},"r":1,"bm":0,"nm":"Fill 1","mn":"ADBE Vector Graphic - Fill","hd":false},{"ty":"tr","p":{"a":0,"k":[144.428,132.644],"ix":2},"a":{"a":0,"k":[0,0],"ix":1},"s":{"a":0,"k":[100,100],"ix":3},"r":{"a":0,"k":0,"ix":6},"o":{"a":0,"k":100,"ix":7},"sk":{"a":0,"k":0,"ix":4},"sa":{"a":0,"k":0,"ix":5},"nm":"Transform"}],"nm":"Group 3","np":5,"cix":2,"bm":0,"ix":3,"mn":"ADBE Vector Group","hd":false},{"ty":"gr","it":[{"ind":0,"ty":"sh","ix":1,"ks":{"a":0,"k":{"i":[[0.122,-0.067],[-0.965,-1.854],[-1.173,-0.889],[-1.298,-0.462],[-2.655,1.314],[-0.115,0.064],[3.7,2.805],[3.816,-1.894]],"o":[[-2.347,1.289],[0.448,0.861],[1.18,0.894],[2.925,1.04],[0.124,-0.061],[3.466,-1.903],[-3.83,-2.903],[-0.13,0.064]],"v":[[-6.763,-4.247],[-8.853,0.617],[-6.423,3.258],[-2.68,5.297],[5.994,4.943],[6.352,4.755],[5.892,-2.854],[-6.387,-4.443]],"c":true},"ix":2},"nm":"Path 1","mn":"ADBE Vector Shape - Group","hd":false},{"ind":1,"ty":"sh","ix":2,"ks":{"a":0,"k":{"i":[[1.707,-0.938],[0.045,-0.022],[2.715,2.058],[-1.688,0.927],[-0.045,0.022],[-2.696,-2.053]],"o":[[-0.042,0.023],[-1.865,0.92],[-2.626,-1.991],[0.042,-0.023],[1.854,-0.921],[2.657,2.005]],"v":[[4.141,3.37],[4.01,3.439],[-3.172,1.69],[-4.534,-2.87],[-4.404,-2.939],[2.721,-1.225]],"c":true},"ix":2},"nm":"Path 2","mn":"ADBE Vector Shape - Group","hd":false},{"ty":"mm","mm":1,"nm":"Merge Paths 1","mn":"ADBE Vector Filter - Merge","hd":false},{"ty":"mm","mm":4,"nm":"Merge Paths 2","mn":"ADBE Vector Filter - Merge","hd":false},{"ty":"fl","c":{"a":0,"k":[0.808000033509,0.501999978458,0.067000003889,1],"ix":4},"o":{"a":0,"k":100,"ix":5},"r":1,"bm":0,"nm":"Fill 1","mn":"ADBE Vector Graphic - Fill","hd":false},{"ty":"tr","p":{"a":0,"k":[131.187,139.315],"ix":2},"a":{"a":0,"k":[0,0],"ix":1},"s":{"a":0,"k":[100,100],"ix":3},"r":{"a":0,"k":0,"ix":6},"o":{"a":0,"k":100,"ix":7},"sk":{"a":0,"k":0,"ix":4},"sa":{"a":0,"k":0,"ix":5},"nm":"Transform"}],"nm":"Group 4","np":5,"cix":2,"bm":0,"ix":4,"mn":"ADBE Vector Group","hd":false},{"ty":"gr","it":[{"ind":0,"ty":"sh","ix":1,"ks":{"a":0,"k":{"i":[[0.204,-0.112],[-3.606,-2.733],[-3.948,1.803],[-0.195,0.107],[3.617,2.741],[3.922,-1.796]],"o":[[-3.277,1.8],[3.829,2.903],[0.221,-0.1],[3.31,-1.818],[-3.823,-2.899],[-0.229,0.105]],"v":[[-6.844,-4.371],[-6.409,2.85],[6.188,4.689],[6.811,4.378],[6.273,-2.957],[-6.194,-4.695]],"c":true},"ix":2},"nm":"Path 1","mn":"ADBE Vector Shape - Group","hd":false},{"ind":1,"ty":"sh","ix":2,"ks":{"a":0,"k":{"i":[[1.649,-0.905],[0.081,-0.037],[2.715,2.058],[-1.63,0.895],[-0.081,0.038],[-2.705,-2.049]],"o":[[-0.073,0.04],[-1.916,0.873],[-2.582,-1.957],[0.074,-0.041],[1.909,-0.869],[2.6,1.971]],"v":[[4.435,3.069],[4.204,3.186],[-3.071,1.367],[-4.443,-3.076],[-4.21,-3.193],[3.008,-1.41]],"c":true},"ix":2},"nm":"Path 2","mn":"ADBE Vector Shape - Group","hd":false},{"ty":"mm","mm":1,"nm":"Merge Paths 1","mn":"ADBE Vector Filter - Merge","hd":false},{"ty":"mm","mm":4,"nm":"Merge Paths 2","mn":"ADBE Vector Filter - Merge","hd":false},{"ty":"fl","c":{"a":0,"k":[0.808000033509,0.501999978458,0.067000003889,1],"ix":4},"o":{"a":0,"k":100,"ix":5},"r":1,"bm":0,"nm":"Fill 1","mn":"ADBE Vector Graphic - Fill","hd":false},{"ty":"tr","p":{"a":0,"k":[117.155,146.152],"ix":2},"a":{"a":0,"k":[0,0],"ix":1},"s":{"a":0,"k":[100,100],"ix":3},"r":{"a":0,"k":0,"ix":6},"o":{"a":0,"k":100,"ix":7},"sk":{"a":0,"k":0,"ix":4},"sa":{"a":0,"k":0,"ix":5},"nm":"Transform"}],"nm":"Group 5","np":5,"cix":2,"bm":0,"ix":5,"mn":"ADBE Vector Group","hd":false},{"ty":"gr","it":[{"ind":0,"ty":"sh","ix":1,"ks":{"a":0,"k":{"i":[[0.279,-0.154],[-3.513,-2.663],[-4.061,1.699],[-0.266,0.146],[3.534,2.671],[4.034,-1.7]],"o":[[-3.118,1.713],[3.837,2.899],[0.313,-0.132],[3.163,-1.737],[-3.83,-2.903],[-0.332,0.139]],"v":[[-7.109,-4.254],[-6.582,2.693],[6.196,4.695],[7.064,4.278],[6.454,-2.792],[-6.191,-4.694]],"c":true},"ix":2},"nm":"Path 1","mn":"ADBE Vector Shape - Group","hd":false},{"ind":1,"ty":"sh","ix":2,"ks":{"a":0,"k":{"i":[[1.583,-0.87],[0.121,-0.051],[2.715,2.058],[-1.569,0.861],[-0.118,0.051],[-2.69,-2.048]],"o":[[-0.103,0.057],[-1.973,0.83],[-2.533,-1.92],[0.102,-0.056],[1.966,-0.825],[2.562,1.933]],"v":[[4.542,3.026],[4.206,3.187],[-3.146,1.292],[-4.539,-3.031],[-4.208,-3.191],[3.085,-1.331]],"c":true},"ix":2},"nm":"Path 2","mn":"ADBE Vector Shape - Group","hd":false},{"ty":"mm","mm":1,"nm":"Merge Paths 1","mn":"ADBE Vector Filter - Merge","hd":false},{"ty":"mm","mm":4,"nm":"Merge Paths 2","mn":"ADBE Vector Filter - Merge","hd":false},{"ty":"fl","c":{"a":0,"k":[0.808000033509,0.501999978458,0.067000003889,1],"ix":4},"o":{"a":0,"k":100,"ix":5},"r":1,"bm":0,"nm":"Fill 1","mn":"ADBE Vector Graphic - Fill","hd":false},{"ty":"tr","p":{"a":0,"k":[102.916,152.385],"ix":2},"a":{"a":0,"k":[0,0],"ix":1},"s":{"a":0,"k":[100,100],"ix":3},"r":{"a":0,"k":0,"ix":6},"o":{"a":0,"k":100,"ix":7},"sk":{"a":0,"k":0,"ix":4},"sa":{"a":0,"k":0,"ix":5},"nm":"Transform"}],"nm":"Group 6","np":5,"cix":2,"bm":0,"ix":6,"mn":"ADBE Vector Group","hd":false},{"ty":"gr","it":[{"ind":0,"ty":"sh","ix":1,"ks":{"a":0,"k":{"i":[[0.17,-0.093],[-0.73,-0.667],[-1.284,-1.155],[0,0],[-1.136,0.429],[-0.135,0.075],[-0.166,0.444],[-0.638,0.351],[-0.196,0.076],[-1.252,-0.949],[1.286,-0.706],[0.205,-0.079],[1.453,0.42],[0.682,-0.255],[0.098,-0.055],[-0.543,-0.411],[-0.432,-0.136],[-2.597,1.001],[-0.379,0.208],[2.208,1.673],[3.127,-1.217],[0.276,-0.152],[-0.073,-0.658],[0,0],[0.97,0.88],[-2.149,0.85],[-0.081,0.045],[0.524,0.398],[0.848,-0.339],[2.405,-0.911]],"o":[[-0.805,0.442],[1.285,1.155],[0,0],[0.629,0.522],[0.201,-0.076],[0.381,-0.209],[0.145,-0.42],[0.16,-0.088],[1.779,-0.686],[1.127,0.863],[-0.166,0.091],[-1.476,0.571],[-0.826,-0.189],[-0.13,0.049],[-0.588,0.323],[0.285,0.225],[2.082,0.643],[0.471,-0.182],[2.624,-1.441],[-2.271,-1.712],[-0.347,0.134],[-1.051,0.577],[0,0],[-0.968,-0.879],[2.17,-0.825],[0.099,-0.041],[0.607,-0.333],[-0.601,-0.455],[-2.385,0.944],[-0.232,0.088]],"v":[[-9.604,-2.765],[-9.771,-1.149],[-5.913,2.32],[-5.822,2.398],[-2.959,2.725],[-2.459,2.503],[-1.753,1.613],[-0.615,0.411],[-0.082,0.165],[5.102,0.598],[4.805,3.209],[4.249,3.465],[-0.166,3.588],[-2.284,3.69],[-2.626,3.845],[-2.717,4.996],[-1.629,5.512],[6.221,4.96],[7.495,4.373],[8.292,-0.735],[-0.893,-1.549],[-1.828,-1.119],[-3.337,0.802],[-3.407,0.832],[-6.313,-1.816],[0.158,-4.322],[0.428,-4.45],[0.564,-5.622],[-1.816,-5.817],[-9.001,-3.036]],"c":true},"ix":2},"nm":"Path 1","mn":"ADBE Vector Shape - Group","hd":false},{"ty":"mm","mm":4,"nm":"Merge Paths 1","mn":"ADBE Vector Filter - Merge","hd":false},{"ty":"fl","c":{"a":0,"k":[0.808000033509,0.501999978458,0.067000003889,1],"ix":4},"o":{"a":0,"k":100,"ix":5},"r":1,"bm":0,"nm":"Fill 1","mn":"ADBE Vector Graphic - Fill","hd":false},{"ty":"tr","p":{"a":0,"k":[88.808,157.792],"ix":2},"a":{"a":0,"k":[0,0],"ix":1},"s":{"a":0,"k":[100,100],"ix":3},"r":{"a":0,"k":0,"ix":6},"o":{"a":0,"k":100,"ix":7},"sk":{"a":0,"k":0,"ix":4},"sa":{"a":0,"k":0,"ix":5},"nm":"Transform"}],"nm":"Group 7","np":3,"cix":2,"bm":0,"ix":7,"mn":"ADBE Vector Group","hd":false},{"ty":"gr","it":[{"ind":0,"ty":"sh","ix":1,"ks":{"a":0,"k":{"i":[[7.837,-3.76],[-1.932,-1.464],[-7.439,4.086],[-1.713,0.97],[-0.123,0.069],[-0.167,0.095],[-0.34,0.195],[-0.005,0.003],[-1.659,0.98],[0.001,0.001],[0,0.001],[1.93,1.464],[0.062,-0.036],[0.122,-0.071],[0.27,-0.158],[0.032,-0.018],[0.321,-0.187],[0.066,-0.038],[0.289,-0.167],[0.035,-0.02],[0.336,-0.192],[0.032,-0.019],[0.286,-0.164],[0.083,-0.048],[0.297,-0.169],[0.027,-0.014],[0.3,-0.169],[0.126,-0.071],[0.177,-0.099],[0.635,-0.352],[0.053,-0.03],[0.492,-0.27]],"o":[[1.932,1.464],[7.847,-3.759],[1.737,-0.953],[0.122,-0.069],[0.167,-0.095],[0.341,-0.194],[0.005,-0.003],[1.681,-0.964],[-0.001,-0.001],[-0.001,0],[-1.936,-1.467],[-0.062,0.036],[-0.122,0.072],[-0.269,0.159],[-0.031,0.019],[-0.321,0.188],[-0.066,0.039],[-0.288,0.168],[-0.036,0.021],[-0.335,0.194],[-0.033,0.02],[-0.286,0.164],[-0.083,0.047],[-0.296,0.169],[-0.026,0.015],[-0.299,0.17],[-0.125,0.071],[-0.176,0.099],[-0.631,0.354],[-0.053,0.03],[-0.49,0.271],[-7.435,4.083]],"v":[[-20.41,7.135],[-14.614,11.529],[8.322,-0.245],[13.494,-3.13],[13.86,-3.337],[14.361,-3.622],[15.383,-4.206],[15.397,-4.215],[20.41,-7.13],[20.408,-7.133],[20.405,-7.134],[14.608,-11.529],[14.423,-11.419],[14.061,-11.206],[13.25,-10.729],[13.156,-10.674],[12.193,-10.111],[11.997,-9.997],[11.132,-9.495],[11.024,-9.432],[10.02,-8.854],[9.921,-8.797],[9.061,-8.303],[8.812,-8.161],[7.923,-7.656],[7.842,-7.611],[6.943,-7.102],[6.566,-6.888],[6.036,-6.591],[4.14,-5.534],[3.979,-5.443],[2.507,-4.633]],"c":true},"ix":2},"nm":"Path 1","mn":"ADBE Vector Shape - Group","hd":false},{"ty":"mm","mm":4,"nm":"Merge Paths 1","mn":"ADBE Vector Filter - Merge","hd":false},{"ty":"fl","c":{"a":0,"k":[1,0.838999968884,0.513999968884,1],"ix":4},"o":{"a":0,"k":100,"ix":5},"r":1,"bm":0,"nm":"Fill 1","mn":"ADBE Vector Graphic - Fill","hd":false},{"ty":"tr","p":{"a":0,"k":[152.347,140.076],"ix":2},"a":{"a":0,"k":[0,0],"ix":1},"s":{"a":0,"k":[100,100],"ix":3},"r":{"a":0,"k":0,"ix":6},"o":{"a":0,"k":100,"ix":7},"sk":{"a":0,"k":0,"ix":4},"sa":{"a":0,"k":0,"ix":5},"nm":"Transform"}],"nm":"Group 8","np":3,"cix":2,"bm":0,"ix":8,"mn":"ADBE Vector Group","hd":false},{"ty":"gr","it":[{"ind":0,"ty":"sh","ix":1,"ks":{"a":0,"k":{"i":[[6.233,-1.689],[1.864,-1.258],[0.146,-0.08],[2.831,0.045],[2.202,-4.353],[-2.687,-2.036],[-0.111,0.065],[-0.648,0.388],[-0.039,0.024],[-13.609,11.004],[4.96,-1.498]],"o":[[0.163,2.815],[-0.128,0.089],[-1.592,0.874],[-2.035,4.473],[-1.36,2.675],[0.11,-0.065],[0.65,-0.385],[0.04,-0.024],[15.923,-9.556],[-3.658,-2.773],[-6.025,1.811]],"v":[[-7.334,-11.18],[-9.952,-4.379],[-10.364,-4.126],[-17.397,-2.891],[-23.759,10.347],[-21.649,17.931],[-21.32,17.736],[-19.372,16.575],[-19.255,16.504],[25.119,-14.374],[11.058,-16.433]],"c":true},"ix":2},"nm":"Path 1","mn":"ADBE Vector Shape - Group","hd":false},{"ty":"mm","mm":4,"nm":"Merge Paths 1","mn":"ADBE Vector Filter - Merge","hd":false},{"ty":"fl","c":{"a":0,"k":[1,0.694000004787,0,1],"ix":4},"o":{"a":0,"k":100,"ix":5},"r":1,"bm":0,"nm":"Fill 1","mn":"ADBE Vector Graphic - Fill","hd":false},{"ty":"tr","p":{"a":0,"k":[188.604,110.617],"ix":2},"a":{"a":0,"k":[0,0],"ix":1},"s":{"a":0,"k":[100,100],"ix":3},"r":{"a":0,"k":0,"ix":6},"o":{"a":0,"k":100,"ix":7},"sk":{"a":0,"k":0,"ix":4},"sa":{"a":0,"k":0,"ix":5},"nm":"Transform"}],"nm":"Group 9","np":3,"cix":2,"bm":0,"ix":9,"mn":"ADBE Vector Group","hd":false},{"ty":"gr","it":[{"ind":0,"ty":"sh","ix":1,"ks":{"a":0,"k":{"i":[[4.85,-2.327],[-6.247,-4.736],[-2.347,1.289],[-0.13,0.064],[-3.83,-2.903],[3.466,-1.903],[0.124,-0.062],[2.925,1.04],[-1.144,-0.867],[-7.435,4.083],[-0.489,0.271],[-0.053,0.03],[-0.631,0.353],[-0.175,0.099],[-0.125,0.07],[-0.3,0.17],[-0.027,0.015],[-0.295,0.168],[-0.083,0.047],[-0.286,0.164],[-0.033,0.019],[-0.336,0.194],[-0.036,0.02],[-0.289,0.168],[-0.065,0.038],[-0.319,0.187],[-0.031,0.018],[-0.269,0.158],[-0.122,0.071],[-0.063,0.038],[-1.36,2.674],[-2.035,4.473],[1.191,0.172],[1.378,0.423],[1.202,-0.755],[0.464,-0.254],[6.589,0.205],[0.602,0.021],[5.768,-3.011]],"o":[[6.247,4.736],[-0.965,-1.855],[0.122,-0.067],[3.816,-1.894],[3.701,2.805],[-0.115,0.064],[-2.655,1.313],[1.144,0.867],[7.837,-3.76],[0.492,-0.27],[0.054,-0.03],[0.634,-0.351],[0.176,-0.099],[0.126,-0.071],[0.301,-0.17],[0.027,-0.015],[0.296,-0.168],[0.083,-0.048],[0.287,-0.164],[0.032,-0.019],[0.337,-0.194],[0.035,-0.021],[0.29,-0.168],[0.065,-0.039],[0.321,-0.187],[0.031,-0.019],[0.27,-0.159],[0.123,-0.072],[0.062,-0.038],[-2.686,-2.036],[2.202,-4.354],[-1.173,-0.018],[-1.605,0.24],[-1.19,0.765],[-0.442,0.278],[-5.131,2.818],[-0.602,-0.02],[-7.19,-0.228],[-4.695,2.444]],"v":[[-57.094,12.226],[-38.352,26.433],[-36.262,21.569],[-35.886,21.373],[-23.607,22.961],[-23.147,30.571],[-23.505,30.758],[-32.179,31.112],[-28.748,33.712],[-5.831,21.945],[-4.361,21.133],[-4.198,21.043],[-2.302,19.986],[-1.773,19.688],[-1.396,19.476],[-0.496,18.967],[-0.415,18.921],[0.473,18.415],[0.722,18.273],[1.583,17.78],[1.68,17.724],[2.685,17.145],[2.794,17.082],[3.659,16.58],[3.854,16.466],[4.818,15.903],[4.912,15.848],[5.721,15.372],[6.085,15.158],[6.269,15.048],[4.16,7.465],[10.522,-5.774],[6.947,-6.061],[2.382,-6.373],[-1.203,-4.093],[-2.561,-3.295],[-20.773,0.744],[-22.586,0.686],[-42.781,5.067]],"c":true},"ix":2},"nm":"Path 1","mn":"ADBE Vector Shape - Group","hd":false},{"ind":1,"ty":"sh","ix":2,"ks":{"a":0,"k":{"i":[[3.636,-1.997],[0.026,-0.014],[3.837,2.899],[-3.599,1.976],[-0.032,0.017],[-3.829,-2.903]],"o":[[-0.026,0.013],[-3.715,1.988],[-3.803,-2.882],[0.031,-0.017],[3.695,-1.985],[3.797,2.879]],"v":[[-9.997,23.796],[-10.074,23.838],[-22.304,22.305],[-22.556,14.5],[-22.461,14.449],[-10.37,15.885]],"c":true},"ix":2},"nm":"Path 2","mn":"ADBE Vector Shape - Group","hd":false},{"ind":2,"ty":"sh","ix":3,"ks":{"a":0,"k":{"i":[[5.779,4.38],[6.275,-4.586],[0.486,-1.202],[0.522,-0.514],[-0.005,-0.091],[-6.024,1.811],[-3.658,-2.773],[15.923,-9.557],[-14.705,12.251],[0,0]],"o":[[-5.818,4.848],[0.547,1.062],[-0.266,0.644],[0.007,0.091],[6.233,-1.689],[4.96,-1.499],[-13.61,11.004],[17.516,-10.511],[0,0],[-5.774,-4.376]],"v":[[39.763,-33.712],[21.617,-19.558],[21.764,-16.079],[20.566,-14.336],[20.585,-14.063],[38.976,-19.315],[53.038,-17.257],[8.664,13.622],[57.094,-20.576],[57.089,-20.58]],"c":true},"ix":2},"nm":"Path 3","mn":"ADBE Vector Shape - Group","hd":false},{"ind":3,"ty":"sh","ix":4,"ks":{"a":0,"k":{"i":[[0.042,-0.023],[-2.626,-1.991],[-1.865,0.92],[-0.042,0.023],[2.657,2.005],[1.854,-0.92]],"o":[[-1.688,0.927],[2.715,2.058],[0.045,-0.022],[1.707,-0.938],[-2.696,-2.053],[-0.045,0.023]],"v":[[-34.033,22.945],[-32.671,27.506],[-25.489,29.254],[-25.358,29.186],[-26.778,24.59],[-33.903,22.876]],"c":true},"ix":2},"nm":"Path 4","mn":"ADBE Vector Shape - Group","hd":false},{"ind":4,"ty":"sh","ix":5,"ks":{"a":0,"k":{"i":[[0.01,-0.005],[-2.683,-2.034],[-1.802,0.967],[-0.01,0.006],[2.706,2.051],[1.809,-0.963]],"o":[[-1.747,0.96],[2.714,2.058],[0.011,-0.006],[1.774,-0.974],[-2.697,-2.045],[-0.01,0.005]],"v":[[-20.508,15.968],[-19.156,20.659],[-12.064,22.33],[-12.033,22.313],[-13.444,17.588],[-20.478,15.952]],"c":true},"ix":2},"nm":"Path 5","mn":"ADBE Vector Shape - Group","hd":false},{"ind":5,"ty":"sh","ix":6,"ks":{"a":0,"k":{"i":[[-0.649,0.389],[0.651,-0.386]],"o":[[-0.648,0.388],[0.652,-0.387]],"v":[[8.547,13.692],[6.598,14.854]],"c":true},"ix":2},"nm":"Path 6","mn":"ADBE Vector Shape - Group","hd":false},{"ty":"mm","mm":1,"nm":"Merge Paths 1","mn":"ADBE Vector Filter - Merge","hd":false},{"ty":"mm","mm":4,"nm":"Merge Paths 2","mn":"ADBE Vector Filter - Merge","hd":false},{"ty":"fl","c":{"a":0,"k":[1,0.773000021542,0.313999998803,1],"ix":4},"o":{"a":0,"k":100,"ix":5},"r":1,"bm":0,"nm":"Fill 1","mn":"ADBE Vector Graphic - Fill","hd":false},{"ty":"tr","p":{"a":0,"k":[160.686,113.499],"ix":2},"a":{"a":0,"k":[0,0],"ix":1},"s":{"a":0,"k":[100,100],"ix":3},"r":{"a":0,"k":0,"ix":6},"o":{"a":0,"k":100,"ix":7},"sk":{"a":0,"k":0,"ix":4},"sa":{"a":0,"k":0,"ix":5},"nm":"Transform"}],"nm":"Group 10","np":9,"cix":2,"bm":0,"ix":10,"mn":"ADBE Vector Group","hd":false},{"ty":"gr","it":[{"ind":0,"ty":"sh","ix":1,"ks":{"a":0,"k":{"i":[[18.949,14.363],[1.91,-1.594],[-11.24,-8.519],[-5.774,-4.376],[0,0],[-1.933,-1.465],[-1.863,1.621]],"o":[[-1.863,1.621],[11.239,8.519],[5.778,4.381],[0,0],[1.931,1.465],[1.91,-1.594],[-18.949,-14.363]],"v":[[-25.593,-23.954],[-31.253,-19.135],[2.467,6.424],[19.793,19.557],[19.799,19.561],[25.594,23.954],[31.253,19.135]],"c":true},"ix":2},"nm":"Path 1","mn":"ADBE Vector Shape - Group","hd":false},{"ty":"mm","mm":4,"nm":"Merge Paths 1","mn":"ADBE Vector Filter - Merge","hd":false},{"ty":"fl","c":{"a":0,"k":[1,0.773000021542,0.313999998803,1],"ix":4},"o":{"a":0,"k":100,"ix":5},"r":1,"bm":0,"nm":"Fill 1","mn":"ADBE Vector Graphic - Fill","hd":false},{"ty":"tr","p":{"a":0,"k":[197.982,73.363],"ix":2},"a":{"a":0,"k":[0,0],"ix":1},"s":{"a":0,"k":[100,100],"ix":3},"r":{"a":0,"k":0,"ix":6},"o":{"a":0,"k":100,"ix":7},"sk":{"a":0,"k":0,"ix":4},"sa":{"a":0,"k":0,"ix":5},"nm":"Transform"}],"nm":"Group 11","np":3,"cix":2,"bm":0,"ix":11,"mn":"ADBE Vector Group","hd":false},{"ty":"gr","it":[{"ind":0,"ty":"sh","ix":1,"ks":{"a":0,"k":{"i":[[9.309,7.056],[23.152,-12.715],[7.825,-3.752],[-11.883,-9.008],[6.247,4.736],[-4.695,2.444],[-7.189,-0.228],[-0.603,-0.02],[-5.131,2.818],[-0.441,0.278],[-1.189,0.765],[0.1,0.034],[1.767,0.367],[0.895,0.988],[1.221,0.935],[0.037,1.191],[0.352,1.248],[-0.826,1.082],[-0.584,1.247],[-0.17,0.243],[-3.334,2.295],[-0.278,0.153],[-3.08,-1.782],[-0.375,0.079],[-1.479,-0.503],[-1.717,-0.32],[-0.918,-1.005],[-1.229,-0.932],[-0.112,-1.239],[-0.424,-1.285],[0.75,-1.129],[-0.038,-0.075],[-5.819,4.848]],"o":[[-18.688,15.577],[-7.421,4.075],[11.879,9.004],[-6.247,-4.736],[4.85,-2.327],[5.767,-3.011],[0.603,0.021],[6.589,0.205],[0.463,-0.254],[1.202,-0.755],[-0.102,-0.031],[-1.609,0.487],[-1.767,-0.36],[-1.713,-0.135],[-1.23,-0.931],[-1.339,-0.706],[-0.359,-1.253],[-0.625,-1.091],[0.129,-0.265],[-2.508,-2.501],[0.26,-0.178],[3.303,-1.814],[0.342,-0.113],[1.748,-0.355],[1.533,-0.536],[1.702,0.328],[1.637,0.088],[1.223,0.927],[1.322,0.693],[0.411,1.283],[0.043,0.073],[6.276,-4.586],[-9.308,-7.055]],"v":[[28.956,-40.656],[-34.003,1.892],[-56.88,13.637],[-21.235,40.656],[-39.978,26.449],[-25.664,19.29],[-5.47,14.909],[-3.656,14.967],[14.556,10.928],[15.913,10.13],[19.498,7.85],[19.196,7.752],[13.987,7.99],[9.919,5.868],[5.351,4.267],[3.471,0.98],[0.795,-2.01],[1.585,-5.598],[1.462,-9.206],[1.92,-9.966],[3.31,-18.322],[4.119,-18.817],[14.946,-18.891],[16.022,-19.184],[21.001,-18.906],[25.996,-19.288],[29.999,-17.199],[34.452,-15.675],[36.447,-12.311],[39.194,-9.283],[38.612,-5.557],[38.733,-5.335],[56.88,-19.49]],"c":true},"ix":2},"nm":"Path 1","mn":"ADBE Vector Shape - Group","hd":false},{"ty":"mm","mm":4,"nm":"Merge Paths 1","mn":"ADBE Vector Filter - Merge","hd":false},{"ty":"fl","c":{"a":0,"k":[1,0.827000038297,0.442999985639,1],"ix":4},"o":{"a":0,"k":100,"ix":5},"r":1,"bm":0,"nm":"Fill 1","mn":"ADBE Vector Graphic - Fill","hd":false},{"ty":"tr","p":{"a":0,"k":[143.569,99.277],"ix":2},"a":{"a":0,"k":[0,0],"ix":1},"s":{"a":0,"k":[100,100],"ix":3},"r":{"a":0,"k":0,"ix":6},"o":{"a":0,"k":100,"ix":7},"sk":{"a":0,"k":0,"ix":4},"sa":{"a":0,"k":0,"ix":5},"nm":"Transform"}],"nm":"Group 12","np":3,"cix":2,"bm":0,"ix":12,"mn":"ADBE Vector Group","hd":false},{"ty":"gr","it":[{"ind":0,"ty":"sh","ix":1,"ks":{"a":0,"k":{"i":[[3.269,-1.092],[-18.95,-14.364],[-3.225,1.143],[18.953,14.366],[0.001,0.001]],"o":[[18.949,14.363],[3.273,-1.088],[-18.948,-14.362],[-0.002,-0.001],[-3.224,1.144]],"v":[[-33.298,-19.867],[23.549,23.223],[33.299,19.87],[-23.548,-23.219],[-23.553,-23.223]],"c":true},"ix":2},"nm":"Path 1","mn":"ADBE Vector Shape - Group","hd":false},{"ty":"mm","mm":4,"nm":"Merge Paths 1","mn":"ADBE Vector Filter - Merge","hd":false},{"ty":"fl","c":{"a":0,"k":[1,0.773000021542,0.313999998803,1],"ix":4},"o":{"a":0,"k":100,"ix":5},"r":1,"bm":0,"nm":"Fill 1","mn":"ADBE Vector Graphic - Fill","hd":false},{"ty":"tr","p":{"a":0,"k":[53.662,152.767],"ix":2},"a":{"a":0,"k":[0,0],"ix":1},"s":{"a":0,"k":[100,100],"ix":3},"r":{"a":0,"k":0,"ix":6},"o":{"a":0,"k":100,"ix":7},"sk":{"a":0,"k":0,"ix":4},"sa":{"a":0,"k":0,"ix":5},"nm":"Transform"}],"nm":"Group 13","np":3,"cix":2,"bm":0,"ix":13,"mn":"ADBE Vector Group","hd":false},{"ty":"gr","it":[{"ind":0,"ty":"sh","ix":1,"ks":{"a":0,"k":{"i":[[1.933,1.465],[7.991,-5.651],[0.041,-0.029],[0.272,-0.191],[0.063,-0.044],[0.265,-0.185],[0.067,-0.046],[0.266,-0.184],[0.067,-0.047],[0.263,-0.181],[0.067,-0.046],[0.273,-0.187],[0.016,-0.01],[0.912,-0.613],[0.067,-0.046],[0.214,-0.144],[0.133,-0.089],[0.195,-0.129],[0.159,-0.106],[0,0],[0.179,-0.118],[0.163,-0.106],[0.203,-0.133],[0.142,-0.092],[0.22,-0.143],[0.136,-0.087],[0.232,-0.15],[0.123,-0.079],[0.266,-0.17],[0.086,-0.055],[1.114,-0.695],[0.011,-0.007],[0.357,-0.221],[0.037,-0.023],[0.343,-0.21],[0.028,-0.017],[0.338,-0.208],[0.05,-0.031],[0.334,-0.203],[0.035,-0.021],[5.568,-3.058],[7.825,-3.752],[-13.815,-10.472],[11.879,9.004],[-7.421,4.076],[-18.689,15.577]],"o":[[-7.278,6.064],[-0.042,0.029],[-0.272,0.192],[-0.064,0.044],[-0.264,0.186],[-0.066,0.046],[-0.265,0.185],[-0.066,0.046],[-0.262,0.182],[-0.067,0.047],[-0.273,0.187],[-0.016,0.01],[-0.903,0.618],[-0.069,0.046],[-0.215,0.143],[-0.135,0.09],[-0.196,0.13],[-0.16,0.106],[0,0],[-0.18,0.119],[-0.162,0.106],[-0.202,0.133],[-0.142,0.092],[-0.218,0.142],[-0.135,0.087],[-0.232,0.151],[-0.124,0.079],[-0.265,0.171],[-0.085,0.055],[-1.102,0.703],[-0.01,0.007],[-0.355,0.222],[-0.037,0.023],[-0.342,0.211],[-0.028,0.018],[-0.339,0.209],[-0.051,0.03],[-0.333,0.203],[-0.036,0.021],[-5.328,3.233],[-7.421,4.075],[13.816,10.472],[-11.882,-9.007],[7.825,-3.752],[23.152,-12.715],[-1.932,-1.465]],"v":[[14.497,-42.852],[-8.416,-25.275],[-8.541,-25.187],[-9.359,-24.61],[-9.548,-24.478],[-10.339,-23.924],[-10.542,-23.783],[-11.334,-23.232],[-11.536,-23.092],[-12.324,-22.548],[-12.527,-22.408],[-13.341,-21.849],[-13.39,-21.816],[-16.11,-19.972],[-16.318,-19.831],[-16.957,-19.404],[-17.363,-19.133],[-17.947,-18.745],[-18.426,-18.427],[-18.956,-18.077],[-19.492,-17.724],[-19.98,-17.405],[-20.59,-17.005],[-21.014,-16.729],[-21.672,-16.301],[-22.078,-16.039],[-22.774,-15.589],[-23.142,-15.353],[-23.943,-14.84],[-24.199,-14.676],[-27.52,-12.581],[-27.551,-12.561],[-28.623,-11.894],[-28.735,-11.824],[-29.76,-11.192],[-29.844,-11.14],[-30.861,-10.515],[-31.009,-10.425],[-32.012,-9.814],[-32.116,-9.751],[-48.463,-0.312],[-71.345,11.436],[-29.899,42.852],[-65.543,15.833],[-42.666,4.088],[20.293,-38.459]],"c":true},"ix":2},"nm":"Path 1","mn":"ADBE Vector Shape - Group","hd":false},{"ind":1,"ty":"sh","ix":2,"ks":{"a":0,"k":{"i":[[1.931,1.465],[17.517,-10.511],[0.04,-0.025],[0.651,-0.386],[0.11,-0.065],[-1.936,-1.468],[-15.371,12.811]],"o":[[-14.705,12.251],[-0.039,0.024],[-0.649,0.388],[-0.111,0.065],[1.93,1.463],[18.439,-10.9],[-1.933,-1.465]],"v":[[65.548,-4.156],[17.117,30.041],[17,30.112],[15.052,31.273],[14.723,31.468],[20.52,35.862],[71.344,0.237]],"c":true},"ix":2},"nm":"Path 2","mn":"ADBE Vector Shape - Group","hd":false},{"ind":2,"ty":"sh","ix":3,"ks":{"a":0,"k":{"i":[[-0.062,0.036],[0.063,-0.037]],"o":[[-0.064,0.037],[0.062,-0.036]],"v":[[14.723,31.468],[14.538,31.577]],"c":true},"ix":2},"nm":"Path 3","mn":"ADBE Vector Shape - Group","hd":false},{"ind":3,"ty":"sh","ix":4,"ks":{"a":0,"k":{"i":[[-0.269,0.159],[0.271,-0.159]],"o":[[-0.27,0.159],[0.27,-0.158]],"v":[[14.175,31.791],[13.365,32.267]],"c":true},"ix":2},"nm":"Path 4","mn":"ADBE Vector Shape - Group","hd":false},{"ind":4,"ty":"sh","ix":5,"ks":{"a":0,"k":{"i":[[-0.321,0.188],[0.32,-0.186]],"o":[[-0.319,0.187],[0.321,-0.187]],"v":[[13.271,32.322],[12.308,32.885]],"c":true},"ix":2},"nm":"Path 5","mn":"ADBE Vector Shape - Group","hd":false},{"ind":5,"ty":"sh","ix":6,"ks":{"a":0,"k":{"i":[[-0.288,0.168],[0.29,-0.168]],"o":[[-0.289,0.168],[0.289,-0.167]],"v":[[12.112,32.999],[11.247,33.501]],"c":true},"ix":2},"nm":"Path 6","mn":"ADBE Vector Shape - Group","hd":false},{"ind":6,"ty":"sh","ix":7,"ks":{"a":0,"k":{"i":[[-0.335,0.193],[0.337,-0.194]],"o":[[-0.336,0.194],[0.336,-0.193]],"v":[[11.139,33.564],[10.134,34.143]],"c":true},"ix":2},"nm":"Path 7","mn":"ADBE Vector Shape - Group","hd":false},{"ind":7,"ty":"sh","ix":8,"ks":{"a":0,"k":{"i":[[-0.286,0.164],[0.286,-0.163]],"o":[[-0.286,0.164],[0.286,-0.164]],"v":[[10.036,34.2],[9.176,34.692]],"c":true},"ix":2},"nm":"Path 8","mn":"ADBE Vector Shape - Group","hd":false},{"ind":8,"ty":"sh","ix":9,"ks":{"a":0,"k":{"i":[[-0.296,0.169],[0.296,-0.169]],"o":[[-0.295,0.169],[0.297,-0.169]],"v":[[8.927,34.834],[8.038,35.341]],"c":true},"ix":2},"nm":"Path 9","mn":"ADBE Vector Shape - Group","hd":false},{"ind":9,"ty":"sh","ix":10,"ks":{"a":0,"k":{"i":[[-0.299,0.17],[0.3,-0.17]],"o":[[-0.3,0.17],[0.3,-0.17]],"v":[[7.957,35.386],[7.058,35.895]],"c":true},"ix":2},"nm":"Path 10","mn":"ADBE Vector Shape - Group","hd":false},{"ind":10,"ty":"sh","ix":11,"ks":{"a":0,"k":{"i":[[-0.176,0.099],[0.176,-0.099]],"o":[[-0.175,0.099],[0.177,-0.099]],"v":[[6.681,36.107],[6.151,36.405]],"c":true},"ix":2},"nm":"Path 11","mn":"ADBE Vector Shape - Group","hd":false},{"ind":11,"ty":"sh","ix":12,"ks":{"a":0,"k":{"i":[[-0.053,0.03],[0.053,-0.03]],"o":[[-0.053,0.03],[0.053,-0.03]],"v":[[4.255,37.462],[4.093,37.553]],"c":true},"ix":2},"nm":"Path 12","mn":"ADBE Vector Shape - Group","hd":false},{"ty":"mm","mm":1,"nm":"Merge Paths 1","mn":"ADBE Vector Filter - Merge","hd":false},{"ty":"mm","mm":4,"nm":"Merge Paths 2","mn":"ADBE Vector Filter - Merge","hd":false},{"ty":"fl","c":{"a":0,"k":[1,0.773000021542,0.313999998803,1],"ix":4},"o":{"a":0,"k":100,"ix":5},"r":1,"bm":0,"nm":"Fill 1","mn":"ADBE Vector Graphic - Fill","hd":false},{"ty":"tr","p":{"a":0,"k":[152.232,97.08],"ix":2},"a":{"a":0,"k":[0,0],"ix":1},"s":{"a":0,"k":[100,100],"ix":3},"r":{"a":0,"k":0,"ix":6},"o":{"a":0,"k":100,"ix":7},"sk":{"a":0,"k":0,"ix":4},"sa":{"a":0,"k":0,"ix":5},"nm":"Transform"}],"nm":"Group 14","np":15,"cix":2,"bm":0,"ix":14,"mn":"ADBE Vector Group","hd":false},{"ty":"gr","it":[{"ind":0,"ty":"sh","ix":1,"ks":{"a":0,"k":{"i":[[18.949,14.363],[-18.95,-14.364]],"o":[[18.949,14.363],[-18.95,-14.364]],"v":[[-104.436,9.003],[-47.589,52.093]],"c":true},"ix":2},"nm":"Path 1","mn":"ADBE Vector Shape - Group","hd":false},{"ind":1,"ty":"sh","ix":2,"ks":{"a":0,"k":{"i":[[26.261,-9.308],[-18.948,-14.362],[-22.725,12.48],[-1.727,0.979],[1.736,-0.953],[7.847,-3.759],[3.075,2.332],[1.18,0.893],[0.448,0.861],[13.816,10.473],[-7.421,4.076],[-5.328,3.233],[5.567,-3.057]],"o":[[18.953,14.366],[26.262,-9.306],[1.751,-0.962],[-1.713,0.97],[-7.44,4.086],[-3.075,-2.331],[-1.298,-0.461],[-1.172,-0.89],[-13.816,-10.473],[7.826,-3.752],[5.569,-3.058],[-5.326,3.231],[-22.724,12.48]],"v":[[-94.686,5.65],[-37.839,48.74],[35.827,15.959],[41.044,13.048],[35.872,15.933],[12.934,27.707],[3.708,20.713],[-0.036,18.676],[-2.465,16.035],[-43.911,-15.382],[-21.03,-27.13],[-4.683,-36.568],[-21.023,-27.134]],"c":true},"ix":2},"nm":"Path 2","mn":"ADBE Vector Shape - Group","hd":false},{"ind":2,"ty":"sh","ix":3,"ks":{"a":0,"k":{"i":[[0.382,-0.21],[0.202,-0.075],[0.629,0.522],[0,0],[1.285,1.155],[-0.805,0.443],[-0.231,0.088],[-2.385,0.944],[-0.601,-0.455],[0.606,-0.333],[0.099,-0.04],[2.17,-0.826],[-0.969,-0.88],[0,0],[-1.052,0.578],[-0.347,0.135],[-2.27,-1.712],[2.624,-1.441],[0.471,-0.183],[2.082,0.643],[0.285,0.225],[-0.588,0.323],[-0.13,0.048],[-0.825,-0.19],[-1.475,0.571],[-0.166,0.092],[1.127,0.863],[1.779,-0.686],[0.16,-0.087],[0.146,-0.42]],"o":[[-0.134,0.074],[-1.135,0.429],[0,0],[-1.284,-1.155],[-0.731,-0.667],[0.17,-0.093],[2.406,-0.91],[0.848,-0.338],[0.524,0.397],[-0.081,0.045],[-2.149,0.851],[0.97,0.88],[0,0],[-0.072,-0.659],[0.276,-0.151],[3.127,-1.217],[2.208,1.674],[-0.378,0.208],[-2.598,1],[-0.431,-0.137],[-0.543,-0.412],[0.099,-0.054],[0.682,-0.255],[1.453,0.42],[0.205,-0.079],[1.286,-0.706],[-1.252,-0.948],[-0.196,0.076],[-0.639,0.352],[-0.166,0.444]],"v":[[-38.451,36.398],[-38.951,36.618],[-41.812,36.292],[-41.904,36.215],[-45.762,32.745],[-45.594,31.129],[-44.993,30.858],[-37.807,28.077],[-35.428,28.273],[-35.562,29.445],[-35.834,29.572],[-42.303,32.079],[-39.398,34.727],[-39.329,34.697],[-37.819,32.775],[-36.883,32.345],[-27.7,33.159],[-28.497,38.268],[-29.771,38.855],[-37.62,39.407],[-38.708,38.891],[-38.618,37.739],[-38.275,37.585],[-36.158,37.483],[-31.743,37.36],[-31.186,37.103],[-30.889,34.492],[-36.073,34.059],[-36.605,34.305],[-37.745,35.507]],"c":true},"ix":2},"nm":"Path 3","mn":"ADBE Vector Shape - Group","hd":false},{"ind":3,"ty":"sh","ix":4,"ks":{"a":0,"k":{"i":[[3.163,-1.737],[0.314,-0.133],[3.837,2.899],[-3.118,1.713],[-0.332,0.139],[-3.829,-2.903]],"o":[[-0.265,0.146],[-4.06,1.699],[-3.514,-2.664],[0.28,-0.154],[4.035,-1.701],[3.534,2.67]],"v":[[-14.82,32.765],[-15.688,33.183],[-28.465,31.181],[-28.993,24.233],[-28.075,23.794],[-15.43,25.696]],"c":true},"ix":2},"nm":"Path 4","mn":"ADBE Vector Shape - Group","hd":false},{"ind":4,"ty":"sh","ix":5,"ks":{"a":0,"k":{"i":[[3.309,-1.818],[0.221,-0.1],[3.829,2.903],[-3.277,1.799],[-0.23,0.105],[-3.823,-2.898]],"o":[[-0.196,0.107],[-3.948,1.802],[-3.606,-2.733],[0.204,-0.112],[3.922,-1.795],[3.618,2.742]],"v":[[-0.833,26.632],[-1.457,26.943],[-14.053,25.104],[-14.488,17.884],[-13.837,17.558],[-1.372,19.297]],"c":true},"ix":2},"nm":"Path 5","mn":"ADBE Vector Shape - Group","hd":false},{"ind":5,"ty":"sh","ix":6,"ks":{"a":0,"k":{"i":[[-0.042,0.03],[0.041,-0.03]],"o":[[-0.042,0.03],[0.041,-0.03]],"v":[[19.018,-52.093],[18.893,-52.004]],"c":true},"ix":2},"nm":"Path 6","mn":"ADBE Vector Shape - Group","hd":false},{"ind":6,"ty":"sh","ix":7,"ks":{"a":0,"k":{"i":[[-0.064,0.045],[0.061,-0.043]],"o":[[-0.062,0.043],[0.063,-0.045]],"v":[[18.074,-51.428],[17.885,-51.295]],"c":true},"ix":2},"nm":"Path 7","mn":"ADBE Vector Shape - Group","hd":false},{"ind":7,"ty":"sh","ix":8,"ks":{"a":0,"k":{"i":[[-0.066,0.047],[0.069,-0.048]],"o":[[-0.069,0.049],[0.068,-0.046]],"v":[[17.094,-50.742],[16.891,-50.601]],"c":true},"ix":2},"nm":"Path 8","mn":"ADBE Vector Shape - Group","hd":false},{"ind":8,"ty":"sh","ix":9,"ks":{"a":0,"k":{"i":[[-0.066,0.046],[0.067,-0.046]],"o":[[-0.066,0.046],[0.067,-0.046]],"v":[[16.1,-50.049],[15.897,-49.91]],"c":true},"ix":2},"nm":"Path 9","mn":"ADBE Vector Shape - Group","hd":false},{"ind":9,"ty":"sh","ix":10,"ks":{"a":0,"k":{"i":[[-0.066,0.046],[0.067,-0.046]],"o":[[-0.066,0.046],[0.067,-0.046]],"v":[[15.109,-49.365],[14.906,-49.226]],"c":true},"ix":2},"nm":"Path 10","mn":"ADBE Vector Shape - Group","hd":false},{"ind":10,"ty":"sh","ix":11,"ks":{"a":0,"k":{"i":[[-0.015,0.011],[0.015,-0.009]],"o":[[-0.014,0.01],[0.016,-0.01]],"v":[[14.092,-48.667],[14.043,-48.634]],"c":true},"ix":2},"nm":"Path 11","mn":"ADBE Vector Shape - Group","hd":false},{"ind":11,"ty":"sh","ix":12,"ks":{"a":0,"k":{"i":[[-0.069,0.045],[0.068,-0.046]],"o":[[-0.069,0.045],[0.067,-0.046]],"v":[[11.324,-46.789],[11.115,-46.649]],"c":true},"ix":2},"nm":"Path 12","mn":"ADBE Vector Shape - Group","hd":false},{"ind":12,"ty":"sh","ix":13,"ks":{"a":0,"k":{"i":[[-0.135,0.09],[0.136,-0.091]],"o":[[-0.137,0.091],[0.134,-0.09]],"v":[[10.477,-46.222],[10.07,-45.95]],"c":true},"ix":2},"nm":"Path 13","mn":"ADBE Vector Shape - Group","hd":false},{"ind":13,"ty":"sh","ix":14,"ks":{"a":0,"k":{"i":[[-0.159,0.105],[0.161,-0.106]],"o":[[-0.16,0.106],[0.16,-0.105]],"v":[[9.486,-45.562],[9.007,-45.245]],"c":true},"ix":2},"nm":"Path 14","mn":"ADBE Vector Shape - Group","hd":false},{"ind":14,"ty":"sh","ix":15,"ks":{"a":0,"k":{"i":[[-0.18,0.119],[0.181,-0.118]],"o":[[-0.181,0.119],[0.18,-0.118]],"v":[[8.477,-44.895],[7.941,-44.542]],"c":true},"ix":2},"nm":"Path 15","mn":"ADBE Vector Shape - Group","hd":false},{"ind":15,"ty":"sh","ix":16,"ks":{"a":0,"k":{"i":[[-0.202,0.133],[0.204,-0.133]],"o":[[-0.203,0.133],[0.203,-0.132]],"v":[[7.454,-44.222],[6.843,-43.823]],"c":true},"ix":2},"nm":"Path 16","mn":"ADBE Vector Shape - Group","hd":false},{"ind":16,"ty":"sh","ix":17,"ks":{"a":0,"k":{"i":[[-0.218,0.143],[0.22,-0.142]],"o":[[-0.218,0.143],[0.22,-0.142]],"v":[[6.419,-43.547],[5.761,-43.119]],"c":true},"ix":2},"nm":"Path 17","mn":"ADBE Vector Shape - Group","hd":false},{"ind":17,"ty":"sh","ix":18,"ks":{"a":0,"k":{"i":[[-0.231,0.15],[0.231,-0.149]],"o":[[-0.23,0.149],[0.232,-0.15]],"v":[[5.355,-42.856],[4.66,-42.407]],"c":true},"ix":2},"nm":"Path 18","mn":"ADBE Vector Shape - Group","hd":false},{"ind":18,"ty":"sh","ix":19,"ks":{"a":0,"k":{"i":[[-0.266,0.171],[0.267,-0.171]],"o":[[-0.267,0.172],[0.266,-0.171]],"v":[[4.292,-42.171],[3.49,-41.657]],"c":true},"ix":2},"nm":"Path 19","mn":"ADBE Vector Shape - Group","hd":false},{"ind":19,"ty":"sh","ix":20,"ks":{"a":0,"k":{"i":[[-1.102,0.703],[1.112,-0.694]],"o":[[-1.1,0.702],[1.113,-0.696]],"v":[[3.234,-41.494],[-0.086,-39.398]],"c":true},"ix":2},"nm":"Path 20","mn":"ADBE Vector Shape - Group","hd":false},{"ind":20,"ty":"sh","ix":21,"ks":{"a":0,"k":{"i":[[-0.355,0.223],[0.358,-0.221]],"o":[[-0.355,0.223],[0.358,-0.221]],"v":[[-0.118,-39.379],[-1.189,-38.712]],"c":true},"ix":2},"nm":"Path 21","mn":"ADBE Vector Shape - Group","hd":false},{"ind":21,"ty":"sh","ix":22,"ks":{"a":0,"k":{"i":[[-0.342,0.212],[0.341,-0.21]],"o":[[-0.34,0.21],[0.343,-0.211]],"v":[[-1.301,-38.642],[-2.327,-38.009]],"c":true},"ix":2},"nm":"Path 22","mn":"ADBE Vector Shape - Group","hd":false},{"ind":22,"ty":"sh","ix":23,"ks":{"a":0,"k":{"i":[[-0.338,0.208],[0.338,-0.207]],"o":[[-0.337,0.208],[0.339,-0.207]],"v":[[-2.411,-37.957],[-3.428,-37.333]],"c":true},"ix":2},"nm":"Path 23","mn":"ADBE Vector Shape - Group","hd":false},{"ind":23,"ty":"sh","ix":24,"ks":{"a":0,"k":{"i":[[-0.333,0.204],[0.334,-0.203]],"o":[[-0.333,0.204],[0.334,-0.203]],"v":[[-3.576,-37.243],[-4.579,-36.632]],"c":true},"ix":2},"nm":"Path 24","mn":"ADBE Vector Shape - Group","hd":false},{"ind":24,"ty":"sh","ix":25,"ks":{"a":0,"k":{"i":[[0.101,-0.056],[-2.533,-1.921],[-1.974,0.829],[-0.104,0.057],[2.561,1.932],[1.966,-0.826]],"o":[[-1.57,0.862],[2.715,2.058],[0.12,-0.051],[1.583,-0.869],[-2.691,-2.049],[-0.118,0.05]],"v":[[-26.422,25.456],[-25.03,29.78],[-17.676,31.675],[-17.34,31.513],[-18.798,27.157],[-26.09,25.297]],"c":true},"ix":2},"nm":"Path 25","mn":"ADBE Vector Shape - Group","hd":false},{"ind":25,"ty":"sh","ix":26,"ks":{"a":0,"k":{"i":[[0.073,-0.04],[-2.582,-1.958],[-1.916,0.872],[-0.074,0.04],[2.6,1.971],[1.909,-0.869]],"o":[[-1.63,0.896],[2.715,2.058],[0.081,-0.038],[1.648,-0.905],[-2.704,-2.05],[-0.081,0.037]],"v":[[-12.086,19.178],[-10.714,23.622],[-3.439,25.44],[-3.209,25.324],[-4.637,20.845],[-11.854,19.062]],"c":true},"ix":2},"nm":"Path 26","mn":"ADBE Vector Shape - Group","hd":false},{"ind":26,"ty":"sh","ix":27,"ks":{"a":0,"k":{"i":[[1.932,1.465],[-1.933,-1.465],[18.438,-10.901],[-0.001,0],[-16.818,14.65],[1.91,-1.595]],"o":[[1.932,1.465],[-15.371,12.811],[0,0],[20.728,-12.255],[-1.862,1.621],[-1.933,-1.465]],"v":[[92.982,-30.974],[98.777,-26.58],[47.954,9.045],[47.956,9.046],[104.436,-31.399],[98.777,-26.58]],"c":true},"ix":2},"nm":"Path 27","mn":"ADBE Vector Shape - Group","hd":false},{"ind":27,"ty":"sh","ix":28,"ks":{"a":0,"k":{"i":[[-0.006,0.004],[0.005,-0.003]],"o":[[-0.005,0.003],[0.006,-0.004]],"v":[[42.945,11.964],[42.932,11.972]],"c":true},"ix":2},"nm":"Path 28","mn":"ADBE Vector Shape - Group","hd":false},{"ind":28,"ty":"sh","ix":29,"ks":{"a":0,"k":{"i":[[-0.166,0.094],[0.167,-0.095]],"o":[[-0.167,0.095],[0.165,-0.094]],"v":[[41.91,12.556],[41.408,12.841]],"c":true},"ix":2},"nm":"Path 29","mn":"ADBE Vector Shape - Group","hd":false},{"ty":"mm","mm":1,"nm":"Merge Paths 1","mn":"ADBE Vector Filter - Merge","hd":false},{"ty":"mm","mm":4,"nm":"Merge Paths 2","mn":"ADBE Vector Filter - Merge","hd":false},{"ty":"fl","c":{"a":0,"k":[1,0.894000004787,0.630999995213,1],"ix":4},"o":{"a":0,"k":100,"ix":5},"r":1,"bm":0,"nm":"Fill 1","mn":"ADBE Vector Graphic - Fill","hd":false},{"ty":"tr","p":{"a":0,"k":[124.799,123.898],"ix":2},"a":{"a":0,"k":[0,0],"ix":1},"s":{"a":0,"k":[100,100],"ix":3},"r":{"a":0,"k":0,"ix":6},"o":{"a":0,"k":100,"ix":7},"sk":{"a":0,"k":0,"ix":4},"sa":{"a":0,"k":0,"ix":5},"nm":"Transform"}],"nm":"Group 15","np":32,"cix":2,"bm":0,"ix":15,"mn":"ADBE Vector Group","hd":false}],"ip":0,"op":185,"st":0,"bm":0},{"ddd":0,"ind":9,"ty":4,"nm":"4","sr":1,"ks":{"o":{"a":0,"k":100,"ix":11},"r":{"a":1,"k":[{"i":{"x":[0.667],"y":[1]},"o":{"x":[0.333],"y":[0]},"t":0,"s":[65]},{"i":{"x":[0.667],"y":[1]},"o":{"x":[0.333],"y":[0]},"t":90,"s":[0]},{"t":180,"s":[65]}],"ix":10},"p":{"a":1,"k":[{"i":{"x":0.524,"y":1},"o":{"x":0.545,"y":0},"t":0,"s":[193.5,146,0],"to":[-38.688,11.771,0],"ti":[0,0,0]},{"i":{"x":0.514,"y":1},"o":{"x":0.542,"y":0},"t":90,"s":[143,144.5,0],"to":[0,0,0],"ti":[-38.625,12.021,0]},{"t":180,"s":[193.5,146,0]}],"ix":2},"a":{"a":0,"k":[143,144.5,0],"ix":1},"s":{"a":1,"k":[{"i":{"x":[0.667,0.667,0.667],"y":[1,1,1]},"o":{"x":[0.333,0.333,0.333],"y":[0,0,0]},"t":0,"s":[60,100,100]},{"i":{"x":[0.667,0.667,0.667],"y":[1,1,1]},"o":{"x":[0.333,0.333,0.333],"y":[0,0,0]},"t":90,"s":[100,100,100]},{"t":180,"s":[60,100,100]}],"ix":6}},"ao":0,"shapes":[{"ty":"gr","it":[{"ind":0,"ty":"sh","ix":1,"ks":{"a":0,"k":{"i":[[-4.122,0.91],[-1.01,-4.572],[4.121,-0.91],[1.01,4.572]],"o":[[4.122,-0.911],[1.01,4.571],[-4.122,0.911],[-1.011,-4.572]],"v":[[-1.828,-8.278],[7.464,-1.648],[1.829,8.277],[-7.463,1.648]],"c":true},"ix":2},"nm":"Path 1","mn":"ADBE Vector Shape - Group","hd":false},{"ty":"mm","mm":4,"nm":"Merge Paths 1","mn":"ADBE Vector Filter - Merge","hd":false},{"ty":"fl","c":{"a":0,"k":[0.536999990426,0.536999990426,0.536999990426,1],"ix":4},"o":{"a":0,"k":100,"ix":5},"r":1,"bm":0,"nm":"Fill 1","mn":"ADBE Vector Graphic - Fill","hd":false},{"ty":"tr","p":{"a":0,"k":[143.071,144.134],"ix":2},"a":{"a":0,"k":[0,0],"ix":1},"s":{"a":0,"k":[100,100],"ix":3},"r":{"a":0,"k":0,"ix":6},"o":{"a":0,"k":100,"ix":7},"sk":{"a":0,"k":0,"ix":4},"sa":{"a":0,"k":0,"ix":5},"nm":"Transform"}],"nm":"Group 1","np":3,"cix":2,"bm":0,"ix":1,"mn":"ADBE Vector Group","hd":false}],"ip":0,"op":185,"st":0,"bm":0},{"ddd":0,"ind":10,"ty":4,"nm":"5-1","sr":1,"ks":{"o":{"a":0,"k":100,"ix":11},"r":{"a":0,"k":0,"ix":10},"p":{"a":1,"k":[{"i":{"x":0.448,"y":1},"o":{"x":0.62,"y":0},"t":0,"s":[163.25,185.5,0],"to":[-6.458,-1,0],"ti":[0,0,0]},{"i":{"x":0.667,"y":1},"o":{"x":0.556,"y":0},"t":90,"s":[124.5,179.5,0],"to":[0,0,0],"ti":[-6.458,-1,0]},{"t":180,"s":[163.25,185.5,0]}],"ix":2},"a":{"a":0,"k":[136.5,177,0],"ix":1},"s":{"a":0,"k":[100,100,100],"ix":6}},"ao":0,"shapes":[{"ty":"gr","it":[{"ind":0,"ty":"sh","ix":1,"ks":{"a":0,"k":{"i":[[0.813,-4.611],[4.611,0.813],[-0.814,4.611],[-4.61,-0.813]],"o":[[-0.812,4.611],[-4.611,-0.813],[0.812,-4.611],[4.61,0.813]],"v":[[8.349,1.473],[-1.471,8.349],[-8.347,-1.471],[1.473,-8.348]],"c":true},"ix":2},"nm":"Path 1","mn":"ADBE Vector Shape - Group","hd":false},{"ty":"mm","mm":4,"nm":"Merge Paths 1","mn":"ADBE Vector Filter - Merge","hd":false},{"ty":"fl","c":{"a":0,"k":[0.877999997606,0.877999997606,0.877999997606,1],"ix":4},"o":{"a":0,"k":100,"ix":5},"r":1,"bm":0,"nm":"Fill 1","mn":"ADBE Vector Graphic - Fill","hd":false},{"ty":"tr","p":{"a":0,"k":[137.052,178.057],"ix":2},"a":{"a":0,"k":[0,0],"ix":1},"s":{"a":0,"k":[100,100],"ix":3},"r":{"a":0,"k":0,"ix":6},"o":{"a":0,"k":100,"ix":7},"sk":{"a":0,"k":0,"ix":4},"sa":{"a":0,"k":0,"ix":5},"nm":"Transform"}],"nm":"Group 1","np":3,"cix":2,"bm":0,"ix":1,"mn":"ADBE Vector Group","hd":false}],"ip":0,"op":185,"st":0,"bm":0},{"ddd":0,"ind":11,"ty":4,"nm":"5_shadow_mask","parent":13,"td":1,"sr":1,"ks":{"o":{"a":0,"k":100,"ix":11},"r":{"a":0,"k":0,"ix":10},"p":{"a":0,"k":[125,125,0],"ix":2},"a":{"a":0,"k":[125,125,0],"ix":1},"s":{"a":0,"k":[100,100,100],"ix":6}},"ao":0,"shapes":[{"ty":"gr","it":[{"ind":0,"ty":"sh","ix":1,"ks":{"a":0,"k":{"i":[[0.812,-4.611],[4.61,0.813],[-0.813,4.611],[-4.61,-0.813]],"o":[[-0.813,4.611],[-4.612,-0.813],[0.813,-4.611],[4.611,0.813]],"v":[[8.349,1.473],[-1.471,8.349],[-8.348,-1.471],[1.472,-8.348]],"c":true},"ix":2},"nm":"Path 1","mn":"ADBE Vector Shape - Group","hd":false},{"ty":"mm","mm":4,"nm":"Merge Paths 1","mn":"ADBE Vector Filter - Merge","hd":false},{"ty":"fl","c":{"a":0,"k":[0.776000019148,0.776000019148,0.776000019148,1],"ix":4},"o":{"a":0,"k":100,"ix":5},"r":1,"bm":0,"nm":"Fill 2","mn":"ADBE Vector Graphic - Fill","hd":false},{"ty":"fl","c":{"a":0,"k":[0.776000019148,0.776000019148,0.776000019148,1],"ix":4},"o":{"a":0,"k":100,"ix":5},"r":1,"bm":0,"nm":"Fill 1","mn":"ADBE Vector Graphic - Fill","hd":false},{"ty":"tr","p":{"a":0,"k":[144.118,171.448],"ix":2},"a":{"a":0,"k":[0,0],"ix":1},"s":{"a":0,"k":[100,100],"ix":3},"r":{"a":0,"k":0,"ix":6},"o":{"a":0,"k":100,"ix":7},"sk":{"a":0,"k":0,"ix":4},"sa":{"a":0,"k":0,"ix":5},"nm":"Transform"}],"nm":"Group 3","np":4,"cix":2,"bm":0,"ix":1,"mn":"ADBE Vector Group","hd":false}],"ip":0,"op":185,"st":0,"bm":0},{"ddd":0,"ind":12,"ty":4,"nm":"5_shadow","parent":10,"tt":1,"sr":1,"ks":{"o":{"a":0,"k":100,"ix":11},"r":{"a":0,"k":0,"ix":10},"p":{"a":1,"k":[{"i":{"x":0.667,"y":1},"o":{"x":0.333,"y":0},"t":0,"s":[124,128.5,0],"to":[0.167,-0.583,0],"ti":[0,0,0]},{"i":{"x":0.667,"y":1},"o":{"x":0.333,"y":0},"t":90,"s":[125,125,0],"to":[0,0,0],"ti":[0.167,-0.583,0]},{"t":180,"s":[124,128.5,0]}],"ix":2},"a":{"a":0,"k":[125,125,0],"ix":1},"s":{"a":0,"k":[100,100,100],"ix":6}},"ao":0,"shapes":[{"ty":"gr","it":[{"ind":0,"ty":"sh","ix":1,"ks":{"a":0,"k":{"i":[[1.302,-3.578],[4.84,1.762],[-1.302,3.578],[-4.84,-1.761]],"o":[[-1.303,3.578],[-4.839,-1.761],[1.302,-3.578],[4.839,1.762]],"v":[[6.256,5.293],[-4.865,8.582],[-11.269,-1.086],[-0.148,-4.375]],"c":true},"ix":2},"nm":"Path 1","mn":"ADBE Vector Shape - Group","hd":false},{"ty":"fl","c":{"a":0,"k":[0,0.039000002543,0.226999993418,1],"ix":4},"o":{"a":0,"k":100,"ix":5},"r":1,"bm":0,"nm":"Fill 1","mn":"ADBE Vector Graphic - Fill","hd":false},{"ty":"tr","p":{"a":0,"k":[142.515,174.473],"ix":2},"a":{"a":0,"k":[0,0],"ix":1},"s":{"a":0,"k":[100,100],"ix":3},"r":{"a":0,"k":0,"ix":6},"o":{"a":0,"k":100,"ix":7},"sk":{"a":0,"k":0,"ix":4},"sa":{"a":0,"k":0,"ix":5},"nm":"Transform"}],"nm":"Group 2","np":2,"cix":2,"bm":0,"ix":1,"mn":"ADBE Vector Group","hd":false}],"ip":0,"op":185,"st":0,"bm":0},{"ddd":0,"ind":13,"ty":4,"nm":"5-2","sr":1,"ks":{"o":{"a":0,"k":100,"ix":11},"r":{"a":0,"k":0,"ix":10},"p":{"a":1,"k":[{"i":{"x":0.448,"y":1},"o":{"x":0.62,"y":0},"t":0,"s":[176.5,193,0],"to":[-7.25,-3.583,0],"ti":[0,0,0]},{"i":{"x":0.667,"y":1},"o":{"x":0.556,"y":0},"t":90,"s":[133,171.5,0],"to":[0,0,0],"ti":[-7.25,-3.583,0]},{"t":180,"s":[176.5,193,0]}],"ix":2},"a":{"a":0,"k":[144,170,0],"ix":1},"s":{"a":0,"k":[100,100,100],"ix":6}},"ao":0,"shapes":[{"ty":"gr","it":[{"ind":0,"ty":"sh","ix":1,"ks":{"a":0,"k":{"i":[[0.812,-4.611],[4.61,0.813],[-0.813,4.611],[-4.61,-0.813]],"o":[[-0.813,4.611],[-4.612,-0.813],[0.813,-4.611],[4.611,0.813]],"v":[[8.349,1.473],[-1.471,8.349],[-8.348,-1.471],[1.472,-8.348]],"c":true},"ix":2},"nm":"Path 1","mn":"ADBE Vector Shape - Group","hd":false},{"ty":"mm","mm":4,"nm":"Merge Paths 1","mn":"ADBE Vector Filter - Merge","hd":false},{"ty":"fl","c":{"a":0,"k":[0.776000019148,0.776000019148,0.776000019148,1],"ix":4},"o":{"a":0,"k":100,"ix":5},"r":1,"bm":0,"nm":"Fill 2","mn":"ADBE Vector Graphic - Fill","hd":false},{"ty":"fl","c":{"a":0,"k":[0.776000019148,0.776000019148,0.776000019148,1],"ix":4},"o":{"a":0,"k":100,"ix":5},"r":1,"bm":0,"nm":"Fill 1","mn":"ADBE Vector Graphic - Fill","hd":false},{"ty":"tr","p":{"a":0,"k":[144.118,171.448],"ix":2},"a":{"a":0,"k":[0,0],"ix":1},"s":{"a":0,"k":[100,100],"ix":3},"r":{"a":0,"k":0,"ix":6},"o":{"a":0,"k":100,"ix":7},"sk":{"a":0,"k":0,"ix":4},"sa":{"a":0,"k":0,"ix":5},"nm":"Transform"}],"nm":"Group 3","np":4,"cix":2,"bm":0,"ix":1,"mn":"ADBE Vector Group","hd":false}],"ip":0,"op":185,"st":0,"bm":0},{"ddd":0,"ind":14,"ty":4,"nm":"6","sr":1,"ks":{"o":{"a":0,"k":100,"ix":11},"r":{"a":1,"k":[{"i":{"x":[0.449],"y":[1]},"o":{"x":[0.606],"y":[0]},"t":0,"s":[25]},{"i":{"x":[0.833],"y":[1]},"o":{"x":[0.541],"y":[-0.287]},"t":90,"s":[0]},{"t":180,"s":[25]}],"ix":10},"p":{"a":1,"k":[{"i":{"x":0.366,"y":1},"o":{"x":0.669,"y":0},"t":0,"s":[139.5,225.5,0],"to":[1.854,-3.333,0],"ti":[0,0,0]},{"i":{"x":0.667,"y":1},"o":{"x":0.676,"y":0},"t":90,"s":[147,211.5,0],"to":[0,0,0],"ti":[1.083,-1.854,0]},{"t":180,"s":[139.5,225.5,0]}],"ix":2},"a":{"a":0,"k":[159.5,211,0],"ix":1},"s":{"a":0,"k":[100,100,100],"ix":6}},"ao":0,"shapes":[{"ty":"gr","it":[{"ind":0,"ty":"sh","ix":1,"ks":{"a":0,"k":{"i":[[-1.672,-1.533],[3.48,-3.796],[1.672,1.533],[-3.481,3.796]],"o":[[1.672,1.533],[-3.481,3.796],[-1.671,-1.533],[3.48,-3.795]],"v":[[6.301,-6.873],[3.027,2.776],[-6.303,6.873],[-3.028,-2.776]],"c":true},"ix":2},"nm":"Path 1","mn":"ADBE Vector Shape - Group","hd":false},{"ty":"mm","mm":4,"nm":"Merge Paths 1","mn":"ADBE Vector Filter - Merge","hd":false},{"ty":"fl","c":{"a":0,"k":[0.666999966491,0.666999966491,0.666999966491,1],"ix":4},"o":{"a":0,"k":100,"ix":5},"r":1,"bm":0,"nm":"Fill 1","mn":"ADBE Vector Graphic - Fill","hd":false},{"ty":"tr","p":{"a":0,"k":[159.88,211.615],"ix":2},"a":{"a":0,"k":[0,0],"ix":1},"s":{"a":0,"k":[100,100],"ix":3},"r":{"a":0,"k":0,"ix":6},"o":{"a":0,"k":100,"ix":7},"sk":{"a":0,"k":0,"ix":4},"sa":{"a":0,"k":0,"ix":5},"nm":"Transform"}],"nm":"Group 1","np":3,"cix":2,"bm":0,"ix":1,"mn":"ADBE Vector Group","hd":false}],"ip":0,"op":185,"st":0,"bm":0}],"markers":[{"tm":90,"cm":"1","dr":0}]}